NaN,24,21,123.2532,22.6264,1
NaN,24,20,123.5395,22.9064,1
NaN,24,20,123.223,21.9909,1
NaN,24,20,123.1883,21.774,1
NaN,24,20,125.054,21.1805,1
NaN,24,20,125.9186,20.1961,1
NaN,24,20,125.4313,20.5499,1
NaN,24,20,124.5692,21.0196,1
NaN,24,20,124.6138,20.8048,1
NaN,24,20,123.4891,21.6321,1
NaN,24,20,124.305,21.425,1
NaN,24,20,125.7196,20.7885,1
NaN,24,20,126.6236,20.5022,1
NaN,24,20,127.8609,20.6528,1
NaN,24,20,127.831,20.8994,1
NaN,24,20,127.7013,20.4531,1
NaN,24,20,127.2926,20.8445,1
NaN,24,20,126.7122,21.0191,1
NaN,24,20,127.8543,20.8744,1
NaN,24,20,127.0017,22.3051,1
NaN,24,20,128.1361,22.8323,1
NaN,24,20,127.6186,23.0786,1
NaN,24,20,127.2115,22.5369,1
NaN,24,20,126.974,22.5987,1
NaN,24,20,126.8984,22.1987,1
NaN,24,20,127.7889,21.8878,1
NaN,24,20,128.6234,21.8493,1
NaN,24,20,128.6609,23.0884,1
NaN,24,20,128.0757,23.6769,1
NaN,24,20,128.3067,23.8508,1
NaN,24,20,128.566,24.0132,1
NaN,24,20,127.4907,24.3482,1
NaN,24,20,127.1746,23.9412,1
NaN,24,20,127.9986,23.5193,1
NaN,24,20,127.6372,23.2013,1
NaN,24,20,128.2799,23.4213,1
NaN,24,20,127.8931,23.9851,1
NaN,24,20,128.0996,24.6622,1
NaN,24,20,127.6614,25.0078,1
NaN,24,21,126.4664,25.36,1
NaN,24,20,126.6473,24.4158,1
NaN,24,20,128.8864,23.3798,1
NaN,24,20,128.4429,23.8791,1
NaN,24,20,127.7863,24.3653,1
NaN,24,21,128.0498,24.3868,1
NaN,24,20,127.2212,24.7889,1
NaN,24,21,126.5644,24.4647,1
NaN,24,21,126.3496,24.3692,1
NaN,24,21,126.5107,24.9484,1
NaN,24,20,125.9906,25.9374,1
NaN,24,21,125.7742,25.9659,1
NaN,24,21,125.8382,25.8567,1
NaN,24,20,125.4491,25.8611,1
NaN,24,21,125.5441,25.3689,1
NaN,24,21,125.8185,25.5578,1
NaN,24,21,125.2222,25.7861,1
NaN,24,20,125.6154,25.7442,1
NaN,24,20,124.7084,26.1332,1
NaN,24,21,124.4503,25.136,1
NaN,24,21,124.6675,25.4557,1
NaN,24,20,124.8801,25.2454,1
NaN,24,21,124.5502,25.5661,1
NaN,24,21,125.4418,24.6665,1
NaN,24,21,123.5935,24.7434,1
NaN,24,21,122.7936,24.212,1
NaN,24,21,122.5337,24.6171,1
NaN,24,21,123.1885,24.0485,1
NaN,24,21,122.8143,24.6533,1
NaN,24,21,124.3283,24.6365,1
NaN,24,21,123.2081,25.3398,1
NaN,24,21,122.4294,25.7258,1
NaN,24,21,122.3622,25.3383,1
NaN,24,21,122.031,25.0514,1
NaN,24,21,123.3858,25.4328,1
NaN,24,20,123.9601,25.2849,1
NaN,24,21,124.6865,25.6677,1
NaN,24,21,123.7106,26.0725,1
NaN,24,20,123.6409,25.9266,1
NaN,24,21,123.8227,25.7147,1
NaN,24,21,123.7581,25.9783,1
NaN,24,21,122.5413,26.5856,1
NaN,24,21,121.9349,25.916,1
NaN,24,21,123.1196,26.0981,1
NaN,24,21,122.9819,26.357,1
NaN,24,21,123.4645,26.2925,1
NaN,24,21,124.1207,25.904,1
NaN,24,21,123.8732,25.7769,1
NaN,24,21,123.2756,26.0949,1
NaN,24,21,123.5971,26.1426,1
NaN,24,21,122.4119,25.5424,1
NaN,24,21,123.3586,24.9307,1
NaN,24,21,123.8789,24.0501,1
NaN,24,21,123.2814,24.7839,1
NaN,24,21,123.6955,26.2419,1
NaN,24,21,124.3597,25.3828,1
NaN,24,21,122.8708,27.0641,1
NaN,24,21,123.5764,27.0974,1
NaN,24,21,123.9259,28.583,1
NaN,24,21,124.4492,28.6664,1
NaN,24,21,124.6961,27.7804,1
NaN,24,21,124.8058,27.6578,1
NaN,24,21,124.8456,28.3549,1
NaN,24,21,125.9792,28.3984,1
NaN,24,21,125.9077,28.359,1
NaN,24,21,126.0421,28.3613,1
NaN,24,21,127.0745,28.6349,1
NaN,24,21,125.3951,29.1098,1
NaN,24,21,125.2883,29.9618,1
NaN,24,21,125.0033,30.1151,1
NaN,24,21,125.3231,30.8698,1
NaN,24,21,125.9529,31.218,1
NaN,24,21,124.6142,31.236,1
NaN,24,21,125.0569,31.147,1
NaN,24,21,125.3117,31.2614,1
NaN,24,21,126.7498,30.806,1
NaN,24,21,127.035,30.8423,1
NaN,24,21,125.4822,31.727,1
NaN,24,21,125.6249,32.2256,1
NaN,24,21,126.9371,32.0504,1
NaN,24,21,127.6047,32.7774,2
NaN,24,21,129.031,34.7089,2
NaN,24,21,128.2419,37.0671,2
NaN,24,20,121.521,46.309,2
NaN,25,20,114.7071,55.9716,2
NaN,25,20,109.4141,62.4481,2
NaN,25,21,100.5057,68.0248,2
NaN,25,21,94.9606,75.49120000000001,2
NaN,25,21,95.2231,79.0622,2
NaN,25,21,95.9032,81.2176,2
NaN,25,21,96.4991,83.191,3
NaN,25,21,101.2602,83.76560000000001,3
NaN,24,21,103.9582,84.6713,3
NaN,24,21,108.2527,83.93429999999999,3
NaN,25,21,108.8801,82.4546,4
NaN,24,21,110.3254,81.1652,4
NaN,25,21,112.8205,80.79810000000001,4
NaN,24,21,113.0079,80.2136,4
NaN,24,21,113.3547,80.7405,4
NaN,24,21,113.0962,80.43980000000001,4
NaN,24,21,113.2508,80.07380000000001,4
NaN,24,21,113.9546,81.19199999999999,4
NaN,24,21,113.8573,82.089,4
NaN,24,21,112.9697,82.96299999999999,4
NaN,24,21,112.9402,82.49460000000001,4
NaN,24,21,112.9526,82.97329999999999,4
NaN,24,21,114.3116,82.7079,4
NaN,24,21,114.2949,82.4207,4
NaN,24,21,113.5621,82.5836,4
NaN,24,21,113.2371,82.4175,4
NaN,24,21,114.2085,83.61369999999999,4
NaN,24,21,114.3348,83.60809999999999,4
NaN,24,21,114.0456,84.161,4
NaN,24,21,114.6176,84.1063,4
NaN,24,21,115.1317,83.62269999999999,4
NaN,24,21,116.5521,84.1228,4
NaN,24,21,117.3561,84.0402,4
NaN,24,21,116.9271,83.95189999999999,4
NaN,24,21,117.1932,83.21259999999999,4
NaN,24,21,115.0616,83.6951,4
NaN,24,21,115.1602,83.4622,4
NaN,24,21,114.4509,83.7453,4
NaN,24,21,114.6124,83.6563,4
NaN,24,21,114.9751,83.45,4
NaN,24,21,115.4765,83.20310000000001,4
NaN,24,21,114.9718,83.4802,4
NaN,24,21,113.968,84.19329999999999,4
NaN,24,21,113.3477,84.8172,4
NaN,24,21,114.0794,85.0549,4
NaN,24,21,114.8285,84.26479999999999,4
NaN,24,21,114.792,84.79130000000001,4
NaN,24,21,114.4965,84.6589,4
NaN,24,21,114.6176,84.9277,4
NaN,24,21,114.6481,84.7377,4
NaN,24,21,114.4362,83.91200000000001,4
NaN,24,21,115.1514,84.1247,4
NaN,24,21,115.105,84.6122,4
NaN,24,21,114.6543,85.3951,4
NaN,24,21,113.8978,85.8056,4
NaN,24,21,113.2458,85.3561,4
NaN,24,21,112.9245,86.1194,4
NaN,24,21,113.1863,86.20489999999999,4
NaN,24,21,113.8295,85.5562,4
NaN,24,21,115.0996,85.4491,4
NaN,24,21,115.0528,85.6705,4
NaN,24,21,114.8953,85.8242,4
NaN,24,21,114.9504,85.673,4
NaN,24,21,115.7964,85.4999,4
NaN,24,21,115.4888,86.21080000000001,4
NaN,24,21,116.421,85.87309999999999,4
NaN,24,21,116.3362,86.2747,4
NaN,24,21,116.7077,86.1117,4
NaN,24,21,118.0081,86.869,4
NaN,24,21,117.6646,87.3884,4
NaN,24,21,117.6928,87.2979,4
NaN,24,21,116.8125,88.426,4
NaN,24,21,116.2249,88.2504,4
NaN,24,21,116.3238,89.4628,4
NaN,24,21,116.2284,90.267,4
NaN,24,20,116.2659,90.03279999999999,4
NaN,25,21,116.4722,90.0009,4
NaN,24,21,117.4418,89.5072,4
NaN,24,21,117.2832,90.1532,4
NaN,24,21,117.4198,91.1247,4
NaN,24,21,118.2666,91.2047,4
NaN,24,21,119.6125,90.88930000000001,4
NaN,24,20,119.6847,93.05629999999999,4
NaN,24,21,120.1071,93.26000000000001,4
NaN,24,20,119.4992,93.501,4
NaN,24,21,119.0187,94.16079999999999,4
NaN,24,21,119.6121,94.13979999999999,4
NaN,24,20,120.285,93.6879,4
NaN,24,20,120.3425,94.2116,4
NaN,24,20,120.5746,93.8008,4
NaN,24,21,120.8993,93.9325,4
NaN,24,20,119.7852,94.64319999999999,4
NaN,24,20,119.3015,94.6674,4
NaN,24,20,120.0412,94.7585,4
NaN,24,20,120.2196,96.3426,4
NaN,24,20,120.4582,97.3933,4
NaN,24,20,121.4008,98.50879999999999,4
NaN,24,20,120.6555,99.4824,4
NaN,24,20,120.0632,98.26349999999999,4
NaN,24,20,119.8532,98.18559999999999,4
NaN,24,20,119.9581,99.33410000000001,4
NaN,24,20,119.134,100.0119,4
NaN,24,20,119.0853,100.3528,4
NaN,24,20,119.2181,100.9883,4
NaN,24,20,119.7922,101.1081,4
NaN,24,20,119.8354,100.8194,4
NaN,24,20,120.286,100.9657,4
NaN,24,20,120.1983,100.1047,4
NaN,24,20,118.7691,100.7219,4
NaN,24,20,118.2159,100.9493,4
NaN,24,21,117.5218,101.5122,4
NaN,24,21,117.559,102.7544,4
NaN,24,20,118.6156,102.6501,4
NaN,24,21,118.5069,103.7064,4
NaN,24,21,118.3552,104.0372,4
NaN,24,21,117.6024,103.8018,4
NaN,24,21,117.103,105.0638,4
NaN,24,21,116.595,106.2741,4
NaN,24,21,117.0407,106.2392,4
NaN,24,21,116.7558,107.5744,4
NaN,24,21,117.505,108.2333,4
NaN,24,21,117.3552,107.5693,4
NaN,24,21,116.08,107.9008,4
NaN,24,22,116.4254,107.6029,4
NaN,24,21,115.6213,108.4834,4
NaN,24,21,116.5113,108.0209,4
NaN,24,21,117.3469,108.2315,4
NaN,24,21,117.612,108.7488,4
NaN,24,21,117.6555,109.8016,4
NaN,24,21,117.0927,111.295,4
NaN,24,21,116.8096,111.6085,4
NaN,24,21,116.7484,112.298,4
NaN,24,21,117.334,112.8056,4
NaN,24,21,118.3627,112.0434,4
NaN,24,21,118.8164,111.2833,4
NaN,24,21,118.2674,111.673,4
NaN,24,21,119.1206,111.8216,4
NaN,24,21,118.6153,112.8619,4
NaN,24,21,118.81,113.4303,4
NaN,24,21,118.0966,114.5172,4
NaN,24,22,118.2653,114.6142,4
NaN,24,21,118.1885,113.7946,4
NaN,24,21,118.0751,114.1637,4
NaN,24,21,118.3337,113.6248,4
NaN,24,21,117.6653,114.6256,4
NaN,24,21,118.0894,115.0628,4
NaN,24,21,118.3732,113.9435,4
NaN,25,21,118.8535,114.0941,4
NaN,24,21,118.7662,113.6004,4
NaN,24,21,119.5203,114.1018,4
NaN,24,21,118.8633,115.032,4
NaN,24,21,118.0366,115.9959,4
NaN,24,21,117.9021,116.1694,4
NaN,24,21,116.9591,117.4672,4
NaN,24,21,118.3405,117.4877,4
NaN,24,21,117.7694,117.2572,4
NaN,24,21,117.5269,117.799,4
NaN,24,21,119.7318,117.5067,4
NaN,24,21,120.1212,117.1412,4
NaN,24,21,120.2369,116.8788,4
NaN,24,21,119.8482,117.1272,4
NaN,24,21,119.3901,117.9583,4
NaN,24,21,120.0013,118.4426,4
NaN,24,21,120.6061,119.2852,4
NaN,24,21,121.4029,118.3887,4
NaN,24,21,122.1265,118.1742,4
NaN,24,21,122.3354,117.7784,4
NaN,24,21,121.9602,117.4968,4
NaN,24,21,121.7207,116.5677,4
NaN,24,21,122.0104,117.2087,4
NaN,24,21,122.2984,117.5401,4
NaN,24,21,123.43,117.8049,4
NaN,24,21,124.4351,118.2514,4
NaN,24,21,124.4022,117.0492,4
NaN,24,21,124.7571,117.1085,4
NaN,24,21,124.7855,116.9192,4
NaN,24,21,125.2356,116.7912,4
NaN,24,21,125.3645,116.2696,4
NaN,24,21,125.8127,116.3565,4
NaN,24,21,125.6917,115.816,4
NaN,24,21,125.4443,115.8916,4
NaN,24,21,125.3366,116.7658,4
NaN,24,21,125.6465,116.831,4
NaN,24,21,126.4653,116.9754,4
NaN,24,21,126.219,117.3842,4
NaN,24,21,124.7813,116.2536,4
NaN,24,21,123.6208,116.5534,4
NaN,24,21,124.3107,116.1771,4
NaN,24,21,126.0819,115.8389,4
NaN,24,21,126.1582,116.384,4
NaN,24,21,126.1115,117.1071,4
NaN,24,21,125.8006,117.0982,4
NaN,24,21,126.1263,116.7152,4
NaN,24,21,125.4577,117.4928,4
NaN,24,21,125.1552,117.466,4
NaN,24,21,125.007,117.0898,4
NaN,24,21,125.3217,117.1056,4
NaN,24,21,125.3014,117.4303,4
NaN,24,21,123.8067,119.9497,4
NaN,24,21,123.9946,119.2892,4
NaN,24,21,123.8785,119.46,4
NaN,24,21,123.5717,119.242,4
NaN,24,21,122.6757,118.7914,4
NaN,24,21,122.955,119.2165,4
NaN,24,21,123.1815,119.4408,4
NaN,24,21,123.6042,119.3889,4
NaN,24,21,123.9041,119.5881,4
NaN,24,21,122.4178,119.2873,4
NaN,24,21,121.9085,119.0289,4
NaN,24,21,120.9316,119.3426,4
NaN,24,21,120.9332,119.4954,4
NaN,24,21,121.1433,119.761,4
NaN,24,21,121.0363,120.1243,4
NaN,24,21,120.1958,120.3217,4
NaN,24,21,119.336,120.9836,4
NaN,24,21,119.3356,121.5734,4
NaN,24,21,119.8729,121.387,4
NaN,24,22,120.5338,122.1972,4
NaN,24,22,119.5862,122.962,4
NaN,24,22,119.4562,122.9383,4
NaN,24,22,119.361,123.4759,4
NaN,24,22,119.6249,123.1803,4
NaN,24,22,119.962,123.2345,4
NaN,24,22,120.4832,122.763,4
NaN,24,22,120.376,123.8651,4
NaN,24,22,119.893,124.7136,4
NaN,24,22,118.678,126.8313,4
NaN,24,21,118.8212,127.3695,4
NaN,24,22,119.0734,127.3914,4
NaN,24,22,118.9407,127.9949,4
NaN,24,22,118.3361,128.9485,4
NaN,24,22,117.2841,128.6772,4
NaN,24,22,117.3185,128.5705,4
NaN,24,22,117.8641,128.8187,4
NaN,24,22,117.6931,128.5718,4
NaN,24,22,118.5451,129.2531,4
NaN,24,22,118.6902,129.4801,4
NaN,24,21,118.7778,130.7234,4
NaN,24,22,118.9844,132.1981,4
NaN,24,21,119.2596,132.2542,4
NaN,24,21,119.1917,132.6511,4
NaN,24,22,118.9696,132.7737,4
NaN,24,21,119.4116,133.0743,4
NaN,24,22,120.1908,133.1867,4
NaN,24,22,122.1623,133.3027,4
NaN,24,22,123.0263,134.466,4
NaN,24,22,124.0266,134.315,4
NaN,24,21,123.9022,135.0761,4
NaN,24,22,123.3965,135.7895,4
NaN,24,22,122.8345,137.1382,4
NaN,25,21,125.2547,136.387,4
NaN,24,21,125.2786,136.5952,4
NaN,24,22,127.1116,136.2298,4
NaN,24,22,126.124,137.2204,4
NaN,24,21,126.425,136.8668,4
NaN,24,22,126.1659,136.1159,4
NaN,25,21,127.6547,135.8329,4
NaN,24,21,128.6013,136.7917,4
NaN,24,21,128.6317,138.467,4
NaN,25,21,129.2936,140.0704,4
NaN,25,21,130.3404,141.8296,4
NaN,25,21,131.5114,143.6381,4
NaN,25,21,133.1228,146.0361,4
NaN,25,21,134.3888,147.7332,4
NaN,25,21,134.7889,149.3646,4
NaN,25,21,134.4313,150.1635,4
NaN,24,21,131.5936,151.7617,4
NaN,24,21,129.4062,151.5738,4
NaN,25,21,127.0642,151.0221,4
NaN,24,21,126.1449,149.8416,4
NaN,24,21,126.1,149.8101,4
NaN,24,21,125.9523,149.9725,4
NaN,24,21,127.1746,150.3883,4
NaN,24,21,126.8696,149.7507,4
NaN,24,21,125.7009,150.134,4
NaN,24,21,124.8734,149.6095,4
NaN,24,21,123.4363,150.1825,4
NaN,24,21,122.9456,151.1667,4
NaN,24,21,122.4864,151.1731,4
NaN,24,21,122.7877,151.862,4
NaN,24,22,122.3675,153.1241,4
NaN,24,21,121.0089,152.7538,4
NaN,24,21,120.7991,152.9845,4
NaN,24,21,121.7509,152.5396,4
NaN,24,21,120.1909,153.5232,4
NaN,24,21,121.5395,154.5778,4
NaN,24,21,121.0863,154.5654,4
NaN,24,22,118.5997,155.5238,4
NaN,24,21,118.9408,155.8866,4
NaN,24,21,120.0616,156.0549,4
NaN,24,21,121.3427,156.1199,4
NaN,24,22,121.2411,157.0652,4
NaN,24,22,123.541,156.844,4
NaN,24,22,120.5373,159.0888,4
NaN,24,22,122.1418,158.3035,4
NaN,24,22,121.308,159.2428,4
NaN,24,22,121.8022,158.8683,4
NaN,24,22,122.9645,158.7498,4
NaN,24,22,121.1164,159.8227,4
NaN,24,22,120.8526,159.6489,4
NaN,24,22,119.306,160.5609,4
NaN,24,22,121.4695,160.7056,4
NaN,24,22,122.2031,161.1907,4
NaN,24,21,122.83,161.6791,4
NaN,24,22,123.1896,161.1973,4
NaN,24,22,121.2009,162.2325,4
NaN,24,22,120.4994,163.5203,4
NaN,24,22,121.1957,164.571,4
NaN,24,22,121.248,164.7827,4
NaN,24,22,120.6021,165.5904,4
NaN,24,22,118.802,165.7366,4
NaN,24,22,119.79,165.0982,4
NaN,24,22,121.3919,165.4844,4
NaN,24,22,121.7547,166.1659,4
NaN,24,22,121.6576,166.1569,4
NaN,24,22,121.3638,166.7908,4
NaN,24,22,119.6612,168.392,4
NaN,24,22,120.2647,168.6747,4
NaN,24,22,119.3278,170.0883,4
NaN,24,21,120.7085,170.3374,4
NaN,24,22,121.392,169.4341,4
NaN,24,21,121.3654,170.7114,4
NaN,24,21,122.264,171.9691,4
NaN,24,21,121.5406,173.2337,4
NaN,24,21,121.5988,173.3028,4
NaN,24,21,120.6699,174.7595,4
NaN,24,21,121.2367,174.9016,4
NaN,24,21,121.1032,175.8458,4
NaN,24,21,120.2558,176.2436,4
NaN,24,21,120.8642,176.0156,4
NaN,24,21,120.4296,176.9313,4
NaN,24,21,120.6848,177.857,4
NaN,25,21,121.6684,178.0208,4
NaN,24,21,122.7189,178.8416,4
NaN,24,21,122.1615,178.436,4
NaN,24,21,121.5995,179.0844,4
NaN,24,21,121.0716,179.4729,4
NaN,24,21,121.1783,179.4925,4
NaN,24,21,120.6577,180.1762,4
NaN,24,21,119.8779,181.301,4
NaN,24,21,119.7868,182.4622,4
NaN,24,21,120.1049,182.7574,4
NaN,25,21,120.7361,183.3603,4
NaN,24,21,120.7789,183.3421,4
NaN,24,21,121.052,183.7717,4
NaN,25,21,121.3008,184.2213,4
NaN,24,21,121.3135,184.0031,4
NaN,24,21,122.6687,183.2728,4
NaN,24,21,122.8128,182.8017,4
NaN,24,21,122.8748,183.1002,4
NaN,24,21,121.8633,184.301,4
NaN,24,21,122.0392,185.2746,4
NaN,24,21,121.4815,185.8765,4
NaN,24,21,121.7807,185.6759,4
NaN,24,21,122.6813,185.1362,4
NaN,24,21,122.832,186.0061,4
NaN,24,21,123.4225,186.1965,4
NaN,24,21,123.4484,185.5931,4
NaN,24,21,121.9805,185.7709,4
NaN,24,21,122.2289,184.8944,4
NaN,24,21,122.9894,184.5609,4
NaN,24,21,124.1019,185.5061,4
NaN,24,21,124.4969,185.7946,4
NaN,24,21,123.9501,185.8289,4
NaN,24,21,122.8746,185.6316,4
NaN,24,21,122.0115,185.6901,4
NaN,24,21,122.6959,185.7988,4
NaN,24,21,123.6912,185.7431,4
NaN,24,21,124.1432,186.9926,4
NaN,24,21,124.9614,186.6969,4
NaN,24,21,125.1192,187.0544,4
NaN,24,21,125.3606,186.4476,4
NaN,24,21,125.0516,186.1308,4
NaN,24,21,124.9506,185.6422,4
NaN,24,21,125.8039,185.1851,4
NaN,24,21,125.1628,186.262,4
NaN,24,21,124.7469,187.1152,4
NaN,24,21,124.706,187.6041,4
NaN,24,21,125.7973,188.9304,4
NaN,24,21,126.2374,189.2698,4
NaN,24,21,129.0216,189.8336,4
NaN,24,21,129.422,190.7095,4
NaN,24,21,129.7667,190.5225,4
NaN,24,21,129.7459,191.2542,4
NaN,24,21,129.2869,191.2907,4
NaN,24,21,130.131,191.0264,4
NaN,24,21,130.8236,190.8571,4
NaN,24,21,131.068,191.1548,4
NaN,24,21,131.334,192.083,4
NaN,24,21,132.0172,192.5034,4
NaN,24,21,132.5631,193.1181,4
NaN,24,21,132.7117,192.6824,4
NaN,23,21,132.4341,194.8237,4
NaN,24,21,132.1983,194.4861,4
NaN,24,21,133.3857,195.2436,4
NaN,23,21,133.6779,195.22,4
NaN,23,21,133.6295,196.3273,4
NaN,24,21,134.0965,195.3008,4
NaN,25,21,134.626,195.075,4
NaN,24,21,135.1754,193.6641,4
NaN,24,21,136.8585,193.5086,4
NaN,23,21,135.9555,193.3944,4
NaN,24,21,136.2503,193.5685,4
NaN,25,21,136.372,194.1862,4
NaN,25,21,136.8819,195.876,4
NaN,24,21,137.2974,194.7831,4
NaN,24,21,136.6923,194.2874,4
NaN,25,21,137.6697,193.89,4
NaN,24,20,135.5243,194.0735,4
NaN,24,20,134.4141,194.0564,4
NaN,24,20,131.511,194.0717,4
NaN,24,21,129.1852,194.6869,4
NaN,24,20,127.8569,195.7487,4
NaN,24,20,128.1268,195.7232,4
NaN,24,21,127.7814,197.1424,4
NaN,24,21,128.2763,198.4203,4
NaN,24,20,128.3662,198.5462,4
NaN,24,21,129.1069,198.4647,4
NaN,24,21,130.123,198.09,4
NaN,24,21,129.6746,197.3279,4
NaN,24,20,130.173,197.6217,4
NaN,24,20,130.4838,198.0586,4
NaN,24,20,129.552,199.264,4
NaN,24,20,130.0676,198.7488,4
NaN,24,20,129.3933,199.3273,4
NaN,24,20,129.6902,198.9967,4
NaN,24,20,130.0276,200.39,4
NaN,24,20,129.234,200.8169,4
NaN,24,20,128.3289,200.77,4
NaN,24,21,127.7822,200.2221,4
NaN,24,20,127.7784,200.743,4
NaN,24,20,127.6172,201.8177,4
NaN,24,20,127.8676,202.6777,4
NaN,24,20,127.5481,201.656,4
NaN,24,21,126.1153,201.0415,4
NaN,24,20,126.4271,200.0757,4
NaN,24,20,127.0834,200.9556,4
NaN,24,20,126.9777,200.8778,4
NaN,24,20,126.7909,202.5532,4
NaN,24,20,124.4102,203.4671,4
NaN,24,20,124.1644,203.8812,4
NaN,24,20,124.4351,204.4181,4
NaN,24,20,124.8744,204.5134,4
NaN,24,20,125.4827,204.065,4
NaN,24,21,125.0932,203.9432,4
NaN,24,20,125.9722,203.333,4
NaN,24,20,125.8515,203.7095,4
NaN,24,21,125.7353,205.1124,4
NaN,24,20,125.3131,204.9438,4
NaN,24,20,123.8139,206.078,4
NaN,24,21,123.6622,205.971,4
NaN,24,21,123.9848,205.9835,4
NaN,24,21,125.0717,205.5117,4
NaN,24,21,124.6904,206.523,4
NaN,24,21,124.1782,207.2688,4
NaN,24,21,123.911,208.0164,4
NaN,24,21,123.5746,207.8303,4
NaN,24,21,124.0363,207.3502,4
NaN,24,21,124.6909,207.9376,4
NaN,24,21,125.7112,207.2196,4
NaN,24,21,125.9789,207.4077,4
NaN,24,21,126.909,206.4062,4
NaN,24,21,126.3354,207.0641,4
NaN,24,21,125.6079,208.2165,4
NaN,24,21,125.748,209.628,4
NaN,24,21,125.9914,210.8054,4
NaN,24,21,126.4091,210.9466,4
NaN,24,21,126.5103,210.4014,4
NaN,24,21,127.8615,209.7047,4
NaN,24,21,128.3094,208.4256,4
NaN,24,21,129.8721,209.1916,4
NaN,24,21,130.161,209.9892,4
NaN,23,21,130.7602,210.6501,4
NaN,24,21,131.709,210.9225,4
NaN,24,21,131.7038,211.6262,4
NaN,23,21,131.219,212.0611,4
NaN,24,21,132.4218,211.789,4
NaN,24,21,132.8334,211.1822,4
NaN,23,21,133.0951,211.115,4
NaN,24,21,133.2653,210.8097,4
NaN,24,21,134.1772,210.6148,4
NaN,23,21,134.9239,211.1361,4
NaN,24,21,135.5611,211.6297,4
NaN,24,21,134.795,211.6463,4
NaN,23,21,133.9428,212.6497,4
NaN,23,21,133.3504,212.4352,4
NaN,23,21,134.2524,212.9548,4
NaN,23,21,134.6799,213.5916,4
NaN,23,21,134.8773,213.9888,4
NaN,23,21,134.7876,213.6486,4
NaN,23,21,134.9879,214.1443,4
NaN,23,21,135.0883,214.7238,4
NaN,23,21,134.7855,214.3338,4
NaN,23,21,135.7219,213.2836,4
NaN,23,21,135.4142,214.1374,4
NaN,23,21,135.0337,214.1123,4
NaN,23,21,135.4205,213.3859,4
NaN,23,21,136.5493,213.9306,4
NaN,23,21,136.6082,213.6976,4
NaN,24,21,138.0112,212.1827,4
NaN,23,21,136.5922,212.7504,4
NaN,23,21,135.4828,214.8488,4
NaN,23,21,136.0426,215.342,4
NaN,24,21,137.1255,214.6831,4
NaN,23,21,137.6817,214.4556,4
NaN,23,21,136.9528,214.8631,4
NaN,23,21,136.9853,216.3176,4
NaN,23,21,136.5255,216.5659,4
NaN,23,21,135.9631,216.6994,4
NaN,24,21,137.1687,216.7161,4
NaN,23,21,136.3414,216.6886,4
NaN,23,21,136.5183,215.9175,4
NaN,23,21,136.1613,217.0556,4
NaN,23,21,135.8984,217.1673,4
NaN,23,21,136.1084,218.9633,4
NaN,23,21,136.1169,219.5014,4
NaN,23,21,136.7886,219.6923,4
NaN,23,21,137.3311,218.731,4
NaN,23,21,138.1246,217.8402,4
NaN,23,21,137.7774,218.586,4
NaN,23,21,138.3884,220.7736,4
NaN,24,21,138.9608,220.6442,4
NaN,24,21,138.9541,219.0551,4
NaN,23,21,139.1482,218.8956,4
NaN,23,21,137.6554,219.5002,4
NaN,23,21,136.3685,219.8719,4
NaN,23,21,135.6171,220.5623,4
NaN,24,21,136.9641,221.1492,4
NaN,23,20,136.6969,221.5466,4
NaN,23,21,136.3511,221.5436,4
NaN,23,20,136.2171,222.0207,4
NaN,23,21,136.6466,220.6648,4
NaN,23,20,137.2016,221.2764,4
NaN,23,20,136.1969,221.9867,4
NaN,23,21,134.8279,222.4218,4
NaN,24,21,135.2622,221.333,4
NaN,23,20,134.7636,221.5584,4
NaN,23,20,135.8234,221.8636,4
NaN,23,21,136.0046,222.7423,4
NaN,23,20,136.4647,223.1784,4
NaN,23,20,135.1847,223.4324,4
NaN,24,20,135.144,223.4949,4
NaN,23,20,134.7252,223.4588,4
NaN,23,20,133.0949,224.3852,4
NaN,23,21,132.4255,225.5301,4
NaN,24,20,132.4361,225.6532,4
NaN,23,20,132.3644,226.216,4
NaN,23,20,132.2319,226.3607,4
NaN,23,20,132.1888,227.6514,4
NaN,23,21,131.1339,229.0791,4
NaN,23,20,131.0388,230.9708,4
NaN,23,20,130.8326,230.5146,4
NaN,23,21,130.5347,230.7975,4
NaN,23,20,129.7069,229.7539,4
NaN,23,21,128.69,230.8125,4
NaN,23,21,128.9346,232.0432,4
NaN,23,21,127.9973,233.1588,4
NaN,23,21,128.9259,234.9445,4
NaN,23,21,128.9824,236.1454,4
NaN,23,21,128.6174,236.3113,4
NaN,23,21,127.7036,237.367,4
NaN,23,21,128.6005,237.1064,4
NaN,23,21,128.6057,237.8186,4
NaN,24,21,129.5881,237.5035,4
NaN,23,21,129.9751,237.9348,4
NaN,23,21,129.2674,238.8727,4
NaN,23,21,127.0483,239.7176,4
NaN,23,21,126.0457,240.4996,4
NaN,24,21,127.6252,240.5443,4
NaN,23,21,128.6816,240.0303,4
NaN,23,21,128.5707,240.4643,4
NaN,23,21,128.198,241.2045,4
NaN,23,21,127.145,242.8355,4
NaN,23,21,126.9036,244.1458,4
NaN,23,21,127.1778,244.4165,4
NaN,24,21,128.097,243.585,4
NaN,23,21,128.346,243.4309,4
NaN,23,21,128.253,243.6242,4
NaN,23,21,128.7014,242.8829,4
NaN,23,21,129.6741,244.2874,4
NaN,23,21,130.0625,244.6883,4
NaN,24,21,130.8522,244.8669,4
NaN,23,21,131.3586,245.4808,4
NaN,23,21,130.3301,246.3628,4
NaN,23,21,129.9385,245.2375,4
NaN,24,21,131.2049,246.0315,4
NaN,23,21,129.9154,246.5842,4
NaN,23,21,129.1513,248.0249,4
NaN,23,21,128.3406,248.6623,4
NaN,23,21,128.1437,248.2504,4
NaN,23,21,129.738,247.878,4
NaN,24,21,131.423,247.3236,4
NaN,23,21,130.9965,248.5146,4
NaN,23,21,131.1363,248.4166,4
NaN,23,21,130.5242,249.7458,4
NaN,23,21,130.7517,250.5147,4
NaN,23,21,130.5768,250.5054,4
NaN,23,21,131.0904,251.6009,4
NaN,24,21,132.3294,250.1785,4
NaN,24,21,134.128,249.8372,4
NaN,23,21,132.8597,250.8988,4
NaN,23,21,132.3212,251.7235,4
NaN,23,21,130.717,252.3981,4
NaN,23,21,129.6348,254.2475,4
NaN,24,21,130.911,253.4342,4
NaN,23,21,130.1881,254.0761,4
NaN,24,21,132.5488,254.3498,4
NaN,24,21,134.811,253.4477,4
NaN,24,21,134.9001,254.3244,4
NaN,24,21,133.4703,253.9738,4
NaN,24,21,135.0046,252.744,4
NaN,23,21,132.6178,254.9653,4
NaN,23,21,134.0048,254.2906,4
NaN,23,21,132.7972,255.2844,4
NaN,24,21,133.701,254.171,4
NaN,23,21,132.598,254.5808,4
NaN,24,21,133.2695,255.6085,4
NaN,24,21,134.0921,253.5934,4
NaN,24,21,133.4635,254.5156,4
NaN,24,21,134.2259,254.8997,4
NaN,24,21,132.8597,256.5142,4
NaN,24,21,133.0282,257.7405,4
NaN,24,21,132.769,257.9497,4
NaN,24,21,132.6898,257.7515,4
NaN,24,21,133.0892,257.3561,4
NaN,24,21,133.5629,256.6799,4
NaN,24,21,133.7138,256.4831,4
NaN,24,21,134.2728,256.2657,4
NaN,24,21,134.4119,255.9831,4
NaN,24,21,134.0565,255.6165,4
NaN,24,21,134.0357,255.059,4
NaN,24,21,133.7585,255.4173,4
NaN,24,21,133.679,256.625,4
NaN,24,21,133.628,256.3601,4
NaN,24,21,133.5967,255.8004,4
NaN,24,21,133.9976,255.3893,4
NaN,24,21,133.6746,255.4095,4
NaN,24,21,134.2902,256.1408,4
NaN,24,21,134.3601,256.0353,4
NaN,24,21,134.0338,257.2805,4
NaN,24,21,133.3097,257.4279,4
NaN,24,21,133.8138,258.6293,4
NaN,24,21,135.8449,258.5166,4
NaN,24,21,136.0789,257.5955,4
NaN,24,21,135.1949,259.6674,4
NaN,24,21,135.3984,259.7568,4
NaN,24,21,133.9588,260.0363,4
NaN,24,20,135.0726,260.106,4
NaN,24,20,136.2372,258.8958,4
NaN,24,21,135.4854,258.2675,4
NaN,24,20,136.2348,258.824,4
NaN,24,21,137.5279,259.0962,4
NaN,24,21,137.8569,259.8833,4
NaN,24,20,137.2314,259.8008,4
NaN,24,21,136.6483,259.779,4
NaN,24,20,136.8339,259.1846,4
NaN,24,20,137.5159,258.9467,4
NaN,24,22,138.444,260.6016,4
NaN,24,21,139.5113,261.1498,4
NaN,24,21,139.571,261.3521,4
NaN,24,20,140.71,261.1487,4
NaN,24,21,141.2042,262.7157,4
NaN,24,20,140.7104,263.4015,4
NaN,24,20,141.8722,263.3333,4
NaN,24,20,141.8766,263.4996,4
NaN,24,20,142.2995,262.6707,4
NaN,24,21,142.0028,263.4561,4
NaN,24,20,141.1045,263.7914,4
NaN,24,21,140.6625,265.373,4
NaN,24,20,141.2379,265.1405,4
NaN,24,21,142.1645,265.8626,4
NaN,24,21,141.1393,266.1413,4
NaN,24,21,143.1952,265.0807,4
NaN,23,21,140.7824,266.4132,4
NaN,24,21,141.1732,266.9984,4
NaN,24,21,142.0249,267.9639,4
NaN,24,21,141.8922,267.9019,4
NaN,24,21,143.4264,268.1158,4
NaN,24,21,144.9146,267.7137,4
NaN,23,21,144.063,269.4466,4
NaN,23,21,141.7817,272.0946,4
NaN,23,21,140.3604,275.3401,4
NaN,23,21,139.8538,278.382,4
NaN,23,21,139.5648,280.5328,4
NaN,23,21,140.8935,281.2442,4
NaN,24,21,143.5741,281.7718,4
NaN,24,21,146.7345,281.9004,4
NaN,24,21,147.8022,282.4853,4
NaN,24,21,148.7434,282.7648,4
NaN,24,21,149.4032,281.4294,4
NaN,24,21,149.6688,279.3421,4
NaN,24,21,149.6592,277.6345,4
NaN,24,21,148.6587,277.8418,4
NaN,24,21,148.4744,277.8918,4
NaN,24,21,148.0949,278.3915,4
NaN,24,21,147.255,278.6581,4
NaN,24,21,145.7128,278.9228,4
NaN,23,21,145.3819,278.9541,4
NaN,24,21,145.5558,277.8098,4
NaN,24,21,146.0619,276.8627,4
NaN,24,21,146.3262,278.1079,4
NaN,24,21,146.2922,279.4061,4
NaN,24,20,146.4675,279.0936,4
NaN,24,21,144.7684,278.9055,4
NaN,24,21,143.5083,279.6364,4
NaN,24,20,143.2389,279.2713,4
NaN,24,20,143.3662,279.4734,4
NaN,24,20,143.0917,280.2676,4
NaN,24,22,141.9861,280.2415,4
NaN,24,20,141.6178,280.5445,4
NaN,24,21,140.892,280.8165,4
NaN,24,21,140.6534,280.0408,4
NaN,24,20,139.8167,280.8003,4
NaN,24,20,139.3161,281.4177,4
NaN,24,20,139.0257,280.9657,4
NaN,24,21,139.0828,280.8,4
NaN,24,21,139.1347,281.9305,4
NaN,24,21,139.4936,282.8856,4
NaN,24,22,139.3469,283.3156,4
NaN,24,21,139.1789,283.8123,4
NaN,24,20,139.7192,283.5538,4
NaN,24,21,138.7425,284.2429,4
NaN,24,21,137.4738,285.4156,4
NaN,24,21,137.262,286.0091,4
NaN,24,21,137.285,285.7431,4
NaN,24,21,137.3431,286.7861,4
NaN,24,21,137.6772,285.6886,4
NaN,24,21,137.7943,285.9032,4
NaN,24,21,137.5348,288.0542,4
NaN,24,21,137.856,289.6654,4
NaN,24,21,137.6397,288.9779,4
NaN,24,21,138.0892,288.8336,4
NaN,24,21,138.8536,288.6209,4
NaN,24,21,138.4017,288.9638,4
NaN,24,21,138.8557,289.7486,4
NaN,24,21,138.9466,290.3714,4
NaN,24,21,138.9236,291.2702,4
NaN,24,21,138.4711,291.0569,4
NaN,24,21,138.7955,290.6537,4
NaN,24,21,138.9199,290.4287,4
NaN,24,21,138.9727,290.3641,4
NaN,24,21,138.2602,291.0864,4
NaN,24,21,138.3134,292.4338,4
NaN,24,21,138.9745,293.0305,4
NaN,24,21,140.0128,293.0737,4
NaN,24,21,141.1216,294.0562,4
NaN,24,21,140.7265,293.871,4
NaN,24,21,139.5661,293.7945,4
NaN,24,21,139.7937,293.5856,4
NaN,24,21,139.3481,293.7088,4
NaN,24,21,140.6496,294.6004,4
NaN,24,21,140.1116,295.5168,4
NaN,24,21,139.8375,296.1946,4
NaN,24,21,139.4867,295.7194,4
NaN,24,21,140.6231,295.3394,4
NaN,24,21,140.8441,295.408,4
NaN,24,21,141.3019,295.7749,4
NaN,24,21,141.4095,297.1622,4
NaN,24,21,139.9304,297.8791,4
NaN,24,21,140.8545,297.1939,4
NaN,24,21,140.6704,297.9201,4
NaN,24,21,140.9082,298.5896,4
NaN,24,21,141.3907,298.6148,4
NaN,24,21,140.491,299.0036,4
NaN,24,21,140.1217,299.1193,4
NaN,24,21,140.2515,300.0055,4
NaN,24,21,139.1329,300.9871,4
NaN,24,21,138.639,301.2458,4
NaN,24,21,137.9406,301.1621,4
NaN,24,21,138.2157,301.315,4
NaN,24,21,138.5859,301.4962,4
NaN,24,21,138.1574,302.4744,4
NaN,24,21,138.55,302.8054,4
NaN,24,21,139.1321,303.8526,4
NaN,24,21,139.012,304.3726,4
NaN,24,21,138.7216,305.0427,4
NaN,24,21,137.9951,305.5169,4
NaN,24,21,138.0645,305.8251,4
NaN,24,21,137.3029,306.1839,4
NaN,24,21,137.781,306.7597,4
NaN,24,21,138.5673,306.9116,4
NaN,24,21,138.0273,306.9935,4
NaN,24,21,137.585,307.1663,4
NaN,24,21,136.9327,308.1254,4
NaN,24,21,136.5773,308.4692,4
NaN,24,21,136.621,308.7359,4
NaN,24,21,136.127,308.4742,4
NaN,24,21,135.7933,308.8504,4
NaN,24,21,136.2496,309.2965,4
NaN,24,21,136.0496,308.9858,4
NaN,24,21,136.8338,308.7397,4
NaN,24,21,136.6041,308.857,4
NaN,24,21,134.9712,309.1432,4
NaN,24,21,135.2381,309.1678,4
NaN,24,21,135.1085,310.5991,4
NaN,24,21,134.8288,311.7906,4
NaN,24,21,135.5238,312.7829,4
NaN,24,21,135.583,312.2844,4
NaN,24,21,135.2751,312.3647,4
NaN,24,21,134.9832,312.6986,4
NaN,24,21,135.168,313.166,4
NaN,24,21,134.7432,313.0428,4
NaN,24,21,136.0415,313.2175,4
NaN,24,21,134.5604,314.5026,4
NaN,24,21,135.9312,314.8279,4
NaN,24,21,135.606,316.0813,4
NaN,24,21,136.2597,315.5358,4
NaN,24,21,137.6025,315.8811,4
NaN,24,21,137.3452,315.191,4
NaN,24,21,137.5068,314.6553,4
NaN,24,21,137.1193,314.8842,4
NaN,24,21,136.6149,315.9153,4
NaN,24,21,136.8514,316.7466,4
NaN,24,21,137.3691,315.2585,4
NaN,24,21,138.1264,313.619,4
NaN,24,21,138.4672,315.3028,4
NaN,24,21,138.7087,315.8186,4
NaN,24,22,138.8595,316.7132,4
NaN,24,21,139.3063,317.4272,4
NaN,24,22,139.148,317.7739,4
NaN,24,21,138.8386,318.2891,4
NaN,24,22,138.5053,318.7972,4
NaN,24,21,139.1003,318.0889,4
NaN,24,21,139.3835,318.2087,4
NaN,24,21,140.0283,318.8275,4
NaN,24,22,139.4402,318.5586,4
NaN,24,22,138.6724,318.8545,4
NaN,24,21,138.8158,318.2848,4
NaN,24,22,138.9663,317.5548,4
NaN,24,22,138.4235,316.4633,4
NaN,24,21,138.7374,316.7476,4
NaN,24,22,138.9719,317.3952,4
NaN,24,22,139.6697,317.7455,4
NaN,24,22,139.6858,317.6727,4
NaN,24,22,139.1842,317.1207,4
NaN,24,22,138.6627,317.5431,4
NaN,24,22,138.6625,318.1836,4
NaN,24,22,139.1234,318.1259,4
NaN,24,21,139.3623,318.5285,4
NaN,24,22,139.6273,318.9692,4
NaN,24,22,139.3547,318.1676,4
NaN,24,22,139.7266,318.843,4
NaN,24,22,139.0215,320.2044,4
NaN,24,22,139.0883,319.4892,4
NaN,24,21,139.2868,320.2682,4
NaN,24,22,139.1771,319.9397,4
NaN,24,22,140.2694,318.5897,4
NaN,24,21,138.7736,320.9064,4
NaN,24,21,137.6913,322.0212,4
NaN,24,21,137.3736,322.6303,4
NaN,24,22,138.5759,322.6994,4
NaN,24,22,140.052,321.2557,4
NaN,24,22,140.1806,321.7755,4
NaN,24,21,139.7624,321.8952,4
NaN,24,21,138.3893,321.2905,4
NaN,24,21,138.6444,321.6152,4
NaN,24,21,138.6223,322.29,4
NaN,24,21,138.8468,321.5167,4
NaN,24,21,139.8072,321.3374,4
NaN,24,21,139.0717,321.6283,4
NaN,24,21,139.2644,322.0662,4
NaN,24,21,139.1615,321.5549,4
NaN,24,21,138.8397,322.0328,4
NaN,24,21,137.9909,323.5967,4
NaN,24,21,137.2175,323.0613,4
NaN,24,21,136.7,323.9356,4
NaN,24,21,136.4651,324.0286,4
NaN,24,21,135.4264,323.0414,4
NaN,24,21,134.3321,324.0161,4
NaN,24,21,136.2111,323.4332,4
NaN,24,21,135.8864,324.3581,4
NaN,24,21,135.9053,325.4423,4
NaN,24,21,135.573,326.472,4
NaN,24,21,135.0456,328.0789,4
NaN,24,21,135.0934,328.0618,4
NaN,24,21,135.6502,328.3847,4
NaN,24,21,135.4018,328.3054,4
NaN,24,21,135.8303,327.5896,4
NaN,24,21,135.4447,327.9457,4
NaN,24,21,135.2139,328.1535,4
NaN,24,21,134.6969,328.0002,4
NaN,24,21,134.3246,328.7184,4
NaN,24,21,135.0718,328.9558,4
NaN,24,21,135.4206,328.475,4
NaN,24,21,135.7626,328.666,4
NaN,24,21,135.4015,327.0535,4
NaN,24,21,135.7087,327.1177,4
NaN,24,21,135.6214,327.238,4
NaN,24,21,135.8775,328.0606,4
NaN,24,21,136.0743,329.449,4
NaN,24,21,136.9184,328.4133,4
NaN,24,21,136.8837,328.5247,4
NaN,24,21,137.6296,328.6648,4
NaN,24,21,137.5925,329.3962,4
NaN,24,21,137.3416,331.6303,4
NaN,24,21,137.6676,331.8487,4
NaN,24,21,139.1128,332.0674,4
NaN,24,21,138.5343,331.6834,4
NaN,24,21,139.8623,332.1019,4
NaN,24,21,140.5188,332.0238,4
NaN,24,21,140.392,332.3317,4
NaN,24,21,140.7714,331.895,4
NaN,24,21,140.8102,331.0744,4
NaN,24,21,141.6395,332.4536,4
NaN,24,21,142.0415,333.2851,4
NaN,24,21,142.9196,333.0058,4
NaN,24,21,142.9831,332.9067,4
NaN,24,21,142.7974,333.5018,4
NaN,24,21,142.4948,333.039,4
NaN,24,21,142.7979,333.244,4
NaN,24,21,143.1373,332.5582,4
NaN,24,21,143.2457,332.0871,4
NaN,24,22,142.8122,331.7923,4
NaN,24,21,142.948,331.4634,4
NaN,24,21,143.0596,331.8022,4
NaN,24,21,143.1752,331.6268,4
NaN,24,22,142.2663,331.9533,4
NaN,24,21,140.9965,331.5221,4
NaN,24,22,140.0622,331.5378,4
NaN,24,22,137.9454,331.2129,4
NaN,24,22,137.4677,330.9895,4
NaN,24,22,136.9178,331.8885,4
NaN,24,22,136.6154,332.5539,4
NaN,24,22,136.626,333.3509,4
NaN,24,22,135.3012,333.5314,4
NaN,24,22,135.3703,333.1297,4
NaN,24,22,135.2618,333.2796,4
NaN,24,22,135.8088,333.6716,4
NaN,24,22,136.9882,334.386,4
NaN,24,22,135.8975,335.1815,4
NaN,24,22,136.2097,334.9742,4
NaN,24,22,135.1718,335.1859,4
NaN,24,22,134.3992,335.53,4
NaN,24,22,135.0469,335.1275,4
NaN,24,22,135.8586,335.7021,4
NaN,24,22,136.6432,336.9964,4
NaN,24,22,136.6627,337.7842,4
NaN,24,22,136.0061,338.4449,4
NaN,24,22,136.0772,339.0392,4
NaN,24,22,135.2391,339.2865,4
NaN,24,22,135.7198,338.5666,4
NaN,24,22,136.3132,338.8166,4
NaN,24,22,135.6004,339.1016,4
NaN,24,22,134.8873,340.0548,4
NaN,24,22,135.1061,340.824,4
NaN,24,22,134.6939,341.3389,4
NaN,24,22,135.2792,341.8862,4
NaN,24,22,135.0952,341.9656,4
NaN,24,22,135.0055,342.0609,4
NaN,24,22,134.9542,342.2088,4
NaN,24,22,134.9833,342.7768,4
NaN,24,22,134.5922,342.6763,4
NaN,24,22,134.4453,342.6781,4
NaN,24,22,134.4148,343.8728,4
NaN,24,22,133.0769,344.2187,4
NaN,24,22,132.9205,344.5377,4
NaN,24,22,132.2745,344.7182,4
NaN,24,22,132.6426,344.8063,4
NaN,24,22,133.3166,345.0854,4
NaN,24,22,133.324,344.8971,4
NaN,24,22,133.2316,345.2054,2
NaN,24,22,131.7557,346.5984,2
NaN,24,22,130.3712,348.1625,2
NaN,24,21,128.6193,353.2342,2
NaN,24,22,126.3181,358.3884,2
NaN,24,21,126.2322,362.733,2
NaN,24,21,126.8414,366.3112,2
NaN,24,21,128.8821,367.8863,2
NaN,24,21,130.7945,368.7116,2
NaN,24,22,133.2388,369.4982,3
NaN,24,21,134.9989,369.9063,3
NaN,24,22,135.8003,370.4589,3
NaN,24,22,136.316,370.7056,4
NaN,24,22,136.0036,370.8793,4
NaN,24,22,136.3204,370.6914,4
NaN,24,22,136.4625,369.8647,4
NaN,24,21,136.7863,369.988,4
NaN,24,22,136.5771,370.6079,4
NaN,24,22,136.2982,370.7851,4
NaN,24,22,136.1497,370.9639,4
NaN,24,22,135.8387,372.3294,4
NaN,24,21,135.3013,373.4731,4
NaN,24,22,135.0238,374.1369,4
NaN,24,21,135.3303,373.184,4
NaN,24,22,136.1752,372.9687,4
NaN,24,22,136.3986,373.561,4
NaN,24,21,136.5915,375.2155,4
NaN,24,22,137.2256,374.9501,4
NaN,24,22,136.8233,374.6781,4
NaN,24,22,136.8012,375.6686,4
NaN,24,22,137.855,376.2128,4
NaN,24,22,137.8847,375.613,4
NaN,24,22,138.7205,375.275,4
NaN,24,22,137.6837,375.2323,4
NaN,24,22,137.1267,375.8417,4
NaN,24,22,137.3661,376.1218,4
NaN,24,22,137.8408,376.2608,4
NaN,24,22,138.8332,376.4942,4
NaN,24,22,137.6574,376.6781,4
NaN,24,22,137.9574,377.5737,4
NaN,24,22,139.0265,377.3841,4
NaN,24,22,138.003,377.6061,4
NaN,24,22,138.2772,378.4522,4
NaN,24,22,139.1981,377.9401,4
NaN,24,22,138.7598,378.8626,4
NaN,24,22,138.4139,378.9968,4
NaN,24,22,137.343,378.9267,4
NaN,24,22,136.4104,379.4859,4
NaN,24,22,135.0573,379.4466,4
NaN,24,22,134.3281,379.5554,4
NaN,24,22,133.3795,379.501,4
NaN,24,22,133.0887,378.3264,4
NaN,24,22,133.3671,378.0278,4
NaN,24,22,133.6433,378.8724,4
NaN,24,22,133.3008,379.5462,4
NaN,24,22,131.3074,379.633,4
NaN,24,22,132.2731,378.0567,4
NaN,24,22,131.1352,377.0245,4
NaN,24,22,131.7939,375.9977,4
NaN,24,22,130.6409,376.4589,4
NaN,24,22,130.858,376.5744,4
NaN,24,22,129.7057,376.4869,4
NaN,24,22,129.343,376.5811,4
NaN,24,22,129.5313,376.5418,4
NaN,24,22,127.7142,377.0198,4
NaN,24,22,127.9473,377.286,4
NaN,24,22,127.0066,377.2342,4
NaN,24,22,125.9104,377.7126,4
NaN,24,22,125.5475,377.4852,4
NaN,24,22,124.4765,377.5135,4
NaN,24,22,125.8577,377.1527,4
NaN,24,22,124.1396,377.9084,4
NaN,24,22,125.1377,377.9707,4
NaN,24,22,125.149,377.3536,4
NaN,24,22,124.806,377.2219,4
NaN,24,22,124.0354,378.3106,4
NaN,24,22,124.5589,379.6774,4
NaN,24,22,124.762,379.2873,4
NaN,24,22,124.9336,380.2085,4
NaN,24,22,124.9618,379.7453,4
NaN,24,22,124.4003,380.5716,4
NaN,24,22,124.4409,381.2392,4
NaN,24,22,123.8895,380.3598,4
NaN,24,22,123.2767,381.2653,4
NaN,24,22,122.7115,380.9987,4
NaN,24,22,123.5916,380.9224,4
NaN,24,22,123.3831,381.3,4
NaN,24,22,123.9266,380.4751,4
NaN,24,22,123.4145,380.1256,4
NaN,24,22,123.6294,381.4443,4
NaN,24,22,125.6027,380.6656,4
NaN,24,22,125.3178,382.0578,4
NaN,24,22,125.9995,381.7896,4
NaN,24,21,125.4491,381.5396,4
NaN,24,22,125.8071,381.7755,4
NaN,24,21,125.4733,381.7739,4
NaN,24,22,124.7722,381.687,4
NaN,24,21,125.152,381.4521,4
NaN,24,21,125.2132,382.122,4
NaN,24,21,126.8166,381.3499,4
NaN,24,21,127.7089,382.2807,4
NaN,24,21,128.5129,383.2749,4
NaN,24,22,128.7668,383.3474,4
NaN,24,21,129.3256,384.1336,4
NaN,24,21,128.2961,385.0706,4
NaN,24,21,127.2179,385.4543,4
NaN,24,21,125.8423,386.0083,4
NaN,24,22,125.8729,385.8939,4
NaN,24,21,126.9617,385.6174,4
NaN,24,21,127.5823,385.9757,4
NaN,24,21,127.5158,386.3551,4
NaN,24,21,126.3125,387.3197,4
NaN,24,21,126.3264,387.2882,4
NaN,24,21,126.7069,387.3933,4
NaN,24,21,126.4859,388.6907,4
NaN,24,21,127.1172,388.0775,4
NaN,24,21,127.601,388.8469,4
NaN,24,21,127.911,389.3883,4
NaN,24,21,127.944,389.3806,4
NaN,24,21,127.5296,388.8131,4
NaN,24,21,127.1998,388.8221,4
NaN,24,21,127.2994,388.9559,4
NaN,24,21,126.5773,390.0671,4
NaN,24,21,126.0428,390.6387,4
NaN,24,21,126.2203,389.5456,4
NaN,24,21,127.1617,389.3651,4
NaN,24,21,127.1817,389.7398,4
NaN,24,21,126.6778,391.4564,4
NaN,24,21,126.9422,392.3431,4
NaN,24,21,127.6414,393.3825,4
NaN,24,21,127.5056,392.5861,4
NaN,24,21,127.4029,392.7786,4
NaN,24,21,127.1844,390.9725,4
NaN,24,21,127.1115,391.0483,4
NaN,24,21,127.1883,390.8062,4
NaN,24,21,127.2797,391.7064,4
NaN,24,21,127.4523,392.2993,4
NaN,24,21,127.5939,391.7072,4
NaN,24,21,127.9098,391.0341,4
NaN,24,21,127.6854,391.2412,4
NaN,24,21,127.9535,390.9977,4
NaN,24,21,128.1971,391.1886,4
NaN,24,21,128.8234,391.8675,4
NaN,24,21,128.1195,392.185,4
NaN,24,21,127.8793,392.5575,4
NaN,24,21,127.1375,392.7715,4
NaN,24,21,127.1431,392.9192,4
NaN,24,21,129.8156,393.3756,4
NaN,24,21,129.0964,393.5108,4
NaN,24,21,128.8662,394.467,4
NaN,24,21,128.7633,394.4342,4
NaN,24,21,127.9018,395.1493,4
NaN,24,21,127.3605,395.2657,4
NaN,24,21,127.7059,395.0042,4
NaN,24,21,127.9109,395.4939,4
NaN,24,21,128.6754,395.3668,4
NaN,24,21,129.571,394.5908,4
NaN,24,21,129.4436,395.1692,4
NaN,24,21,128.9378,394.2875,4
NaN,24,21,129.3317,395.2158,4
NaN,24,21,129.2996,395.9464,4
NaN,24,21,129.3724,396.5924,4
NaN,24,21,129.589,397.4433,4
NaN,23,21,129.1304,398.1523,4
NaN,24,21,130.5832,397.8818,4
NaN,24,21,130.399,399.051,4
NaN,24,21,130.1921,397.517,4
NaN,23,21,130.027,397.2714,4
NaN,23,21,129.7298,397.6614,4
NaN,23,21,130.6092,397.6154,4
NaN,24,21,132.9872,397.6635,4
NaN,23,21,133.525,399.0332,4
NaN,24,21,131.053,399.991,4
NaN,24,21,131.1522,399.7722,4
NaN,23,21,130.8426,400.587,4
NaN,24,21,131.0172,400.4546,4
NaN,23,21,132.223,400.262,4
NaN,24,21,131.5534,400.333,4
NaN,23,21,131.0228,401.2576,4
NaN,23,22,131.131,401.9075,4
NaN,23,21,130.44,401.9261,4
NaN,23,21,131.0837,401.442,4
NaN,23,21,131.1997,400.7577,4
NaN,23,21,131.82,400.145,4
NaN,23,21,132.0749,400.3081,4
NaN,23,21,131.9721,400.2943,4
NaN,24,21,131.9856,400.4152,4
NaN,23,21,132.9902,399.4922,4
NaN,23,21,133.5459,399.6762,4
NaN,23,21,133.6681,399.9612,4
NaN,24,21,134.6181,398.6303,4
NaN,23,21,134.2776,398.7524,4
NaN,23,21,134.4075,398.9499,4
NaN,24,21,133.1583,400.8279,4
NaN,23,22,132.3397,401.0026,4
NaN,23,21,132.5977,401.3696,4
NaN,23,22,132.0452,401.87,4
NaN,23,21,132.7031,401.2022,4
NaN,23,22,132.6936,401.1564,4
NaN,24,21,132.5853,400.3531,4
NaN,23,21,133.2238,400.2782,4
NaN,23,22,133.1496,401.0741,4
NaN,23,22,133.36,401.9242,4
NaN,23,21,133.6838,402.2414,4
NaN,23,21,133.3235,402.824,4
NaN,23,21,132.4228,401.921,4
NaN,23,22,132.0833,402.4999,4
NaN,23,21,131.7636,403.2198,4
NaN,23,21,131.9091,403.2772,4
NaN,23,22,131.5563,403.8055,4
NaN,23,21,131.915,404.2561,4
NaN,23,22,132.8865,404.5668,4
NaN,23,22,133.6811,404.4206,4
NaN,23,20,133.5122,405.2781,4
NaN,23,20,133.4529,405.0871,4
NaN,23,21,132.8635,405.6148,4
NaN,23,21,132.7261,406.6393,4
NaN,23,22,132.6597,407.087,4
NaN,23,21,132.5091,407.8142,4
NaN,23,21,132.8056,407.9748,4
NaN,23,21,132.277,408.4912,4
NaN,23,21,131.7489,409.0263,4
NaN,23,21,131.5471,409.6494,4
NaN,23,21,131.0843,410.4215,4
NaN,23,21,131.1168,411.1992,4
NaN,23,21,132.4341,410.3477,4
NaN,23,21,132.253,410.3784,4
NaN,23,21,132.7417,410.6728,4
NaN,23,21,132.8235,411.3548,4
NaN,23,21,132.1827,413.5404,4
NaN,23,21,133.3143,414.6729,4
NaN,23,21,133.7468,414.7807,4
NaN,23,21,134.5795,413.5518,4
NaN,23,21,135.0393,413.4947,4
NaN,23,21,135.3246,413.2455,4
NaN,23,21,135.5839,413.9221,4
NaN,23,21,135.144,414.9707,4
NaN,23,21,135.4716,416.5504,4
NaN,24,21,135.8009,417.638,2
NaN,24,21,134.7394,421.6139,2
NaN,24,21,132.2503,426.6645,2
NaN,24,21,129.318,432.6778,2
NaN,24,21,127.3206,436.9634,2
NaN,24,21,125.5238,441.0229,2
NaN,24,21,126.3705,441.8553,2
NaN,23,22,127.6244,442.1573,4
NaN,24,21,128.6318,441.8028,4
NaN,24,22,129.6527,441.7122,4
NaN,23,22,129.1902,440.5372,4
NaN,23,21,128.9057,438.0465,4
NaN,23,22,129.2113,436.998,4
NaN,23,21,129.4568,435.8867,4
NaN,24,22,129.1771,434.9702,4
NaN,24,22,129.3591,433.4984,4
NaN,23,21,128.3733,433.169,4
NaN,23,21,128.769,433.7058,4
NaN,23,21,128.5708,434.2584,4
NaN,23,22,128.0513,435.4889,4
NaN,24,22,127.8597,435.8284,4
NaN,23,22,128.208,436.0277,4
NaN,23,21,129.0846,436.3943,4
NaN,23,22,129.3139,436.3915,4
NaN,23,22,129.3047,438.0391,4
NaN,23,22,129.2126,437.0494,4
NaN,23,22,127.9189,438.078,4
NaN,23,22,128.0925,436.6306,4
NaN,23,22,129.2835,435.7604,4
NaN,23,21,129.9244,436.8885,4
NaN,23,22,129.6656,437.7507,4
NaN,24,21,129.5168,438.7331,4
NaN,23,21,128.8956,439.5677,4
NaN,23,21,128.552,439.0618,4
NaN,23,22,127.2737,439.1711,4
NaN,23,21,127.0112,438.7296,4
NaN,23,21,129.0818,438.8271,4
NaN,23,21,129.6362,440.6071,4
NaN,23,21,129.4442,440.9268,4
NaN,23,22,129.868,440.7828,4
NaN,23,21,130.6438,441.5079,4
NaN,24,21,130.044,442.2233,4
NaN,23,21,129.0692,443.0014,4
NaN,23,21,128.9054,443.5687,4
NaN,23,21,128.516,445.0582,4
NaN,23,21,127.9747,445.7163,4
NaN,23,21,128.1596,445.7922,4
NaN,23,21,129.4724,445.8034,4
NaN,23,21,130.1925,445.4269,4
NaN,23,21,130.1891,445.4321,4
NaN,23,21,129.3445,445.6788,4
NaN,23,21,128.8701,446.2085,4
NaN,23,21,129.6948,446.5088,4
NaN,23,21,129.8224,447.395,4
NaN,23,21,130.1201,446.981,4
NaN,23,21,129.7097,447.7239,4
NaN,23,21,129.2671,448.7798,4
NaN,23,21,129.1826,448.9784,4
NaN,23,21,129.5845,448.3556,4
NaN,23,21,129.3869,447.3474,4
NaN,23,21,129.4266,447.8324,4
NaN,23,21,129.0252,447.6984,4
NaN,23,21,128.7007,449.5494,4
NaN,23,21,128.7816,449.4103,4
NaN,23,21,127.6902,450.2985,4
NaN,23,21,127.4884,449.8952,4
NaN,23,21,128.8857,449.6069,4
NaN,23,21,128.9401,449.3536,4
NaN,23,21,129.1245,448.7462,4
NaN,23,21,130.1109,448.118,4
NaN,23,21,130.3204,448.917,4
NaN,23,21,130.5563,449.2277,4
NaN,23,21,130.8236,449.4139,4
NaN,23,21,130.02,450.0187,4
NaN,23,21,129.9601,449.2115,4
NaN,23,21,130.831,449.6301,4
NaN,23,21,130.7885,449.6737,4
NaN,23,21,131.1259,449.973,4
NaN,23,21,131.8582,449.4016,4
NaN,23,21,132.0991,449.74,4
NaN,23,21,131.9339,450.3373,4
NaN,23,21,131.5892,450.5961,4
NaN,23,21,132.1985,450.678,4
NaN,23,21,132.0442,451.0627,4
NaN,23,21,131.7316,452.22,4
NaN,23,21,131.316,451.5942,4
NaN,23,21,131.4578,451.8764,4
NaN,23,21,131.6887,451.3672,4
NaN,23,21,132.1376,451.6096,4
NaN,23,21,132.3663,451.1622,4
NaN,23,21,132.5294,451.1761,4
NaN,23,21,132.2423,451.7558,4
NaN,23,21,131.8174,451.3639,4
NaN,23,21,132.3795,450.7496,4
NaN,23,21,132.2402,451.0803,4
NaN,23,21,132.3126,452.0337,4
NaN,23,21,132.9724,452.6621,4
NaN,23,21,132.2461,452.9489,4
NaN,23,21,132.2908,452.1852,4
NaN,23,21,133.0736,451.8614,4
NaN,23,21,133.2295,452.1865,4
NaN,23,21,133.4201,452.797,4
NaN,23,21,132.8796,452.9638,4
NaN,23,21,132.7285,453.1004,4
NaN,23,21,133.2866,453.3156,4
NaN,23,21,132.7381,454.1663,4
NaN,23,21,133.345,453.9639,4
NaN,23,21,133.0045,452.8158,4
NaN,23,21,133.1871,453.4313,4
NaN,23,21,133.876,453.9555,4
NaN,23,21,133.456,453.702,4
NaN,23,21,133.7571,453.0801,4
NaN,23,21,134.169,452.7085,4
NaN,23,21,134.4201,452.6728,4
NaN,23,21,133.7299,452.6556,4
NaN,23,21,133.0654,452.5743,4
NaN,23,21,133.0218,453.4779,4
NaN,23,21,134.1499,453.8044,4
NaN,23,21,133.2265,453.4857,4
NaN,23,21,134.1311,453.129,4
NaN,23,21,133.9275,452.5805,4
NaN,23,21,134.5649,452.9069,4
NaN,23,21,134.3999,452.8733,4
NaN,23,21,133.8654,453.0657,4
NaN,23,21,133.5376,452.9576,4
NaN,23,21,133.7097,453.3266,4
NaN,23,21,133.3348,454.5813,4
NaN,23,21,133.513,454.5508,4
NaN,23,21,133.0641,455.1262,4
NaN,23,21,132.7887,455.7866,4
NaN,23,21,133.4879,456.6154,4
NaN,23,21,133.7132,457.5048,4
NaN,24,21,135.2597,456.8967,4
NaN,23,21,135.8948,455.9773,4
NaN,23,21,135.6738,455.9389,4
NaN,23,21,136.0644,456.3329,4
NaN,23,21,136.4409,456.6322,4
NaN,24,21,137.3676,456.9117,4
NaN,23,21,137.3303,457.2375,4
NaN,24,21,137.8237,457.9845,4
NaN,23,21,137.7531,457.1815,4
NaN,24,21,138.3592,457.5332,4
NaN,23,21,138.1519,458.15,4
NaN,24,21,139.1837,458.1139,4
NaN,23,22,139.0827,459.032,4
NaN,23,21,137.9724,459.7042,4
NaN,23,21,138.3129,460.0259,4
NaN,23,21,137.9902,459.5689,4
NaN,23,21,137.2585,459.7491,4
NaN,23,22,136.5831,460.6127,4
NaN,23,22,135.6214,461.5069,4
NaN,23,22,134.5797,462.503,4
NaN,23,22,134.2674,462.8516,4
NaN,24,22,134.9509,462.4887,4
NaN,23,22,134.9209,463.255,4
NaN,24,22,136.4094,463.237,4
NaN,24,22,136.7818,463.7326,4
NaN,23,22,136.6688,463.4953,4
NaN,23,22,136.0827,464.0996,4
NaN,24,22,134.8441,464.8562,4
NaN,23,22,134.0274,465.6618,4
NaN,23,22,133.2733,467.9028,4
NaN,23,22,132.6803,468.6275,4
NaN,24,22,132.9089,468.5998,4
NaN,23,22,132.1754,468.2663,4
NaN,23,22,131.5744,469.0075,4
NaN,23,22,131.4812,468.9665,4
NaN,23,22,130.8492,469.5201,4
NaN,23,22,129.8021,470.0388,4
NaN,23,21,129.1186,470.7509,4
NaN,23,22,129.0879,471.6874,4
NaN,23,22,129.7031,471.5692,4
NaN,23,22,129.7756,472.7105,4
NaN,23,21,130.5002,473.4359,4
NaN,23,22,129.7846,473.2039,4
NaN,23,22,129.8042,473.3765,4
NaN,23,21,129.8843,473.907,4
NaN,23,22,129.2499,474.4992,4
NaN,23,22,129.0429,475.4607,4
NaN,23,21,128.39,475.9655,4
NaN,23,22,127.5037,476.7706,4
NaN,23,21,126.1449,477.1914,4
NaN,23,22,125.7999,478.1803,4
NaN,23,22,126.5009,477.5304,4
NaN,23,21,126.3952,477.1335,4
NaN,23,22,127.1349,476.6,4
NaN,23,22,128.0571,476.5086,4
NaN,23,21,127.5133,477.3367,4
NaN,23,22,126.9592,477.96,4
NaN,24,21,127.8043,478.3727,4
NaN,23,22,126.9095,478.4501,4
NaN,23,22,126.2055,477.8869,4
NaN,23,21,125.4,478.4312,4
NaN,23,21,124.7671,478.6727,4
NaN,23,21,125.0483,479.318,4
NaN,23,21,124.7541,480.3437,4
NaN,23,21,124.482,480.1212,4
NaN,23,21,124.1672,480.2023,4
NaN,23,21,124.5767,479.1485,4
NaN,23,21,124.708,478.4475,4
NaN,23,21,125.1757,478.0575,4
NaN,23,21,125.0802,478.4179,4
NaN,23,21,124.7448,479.3198,4
NaN,23,21,124.6404,479.6192,4
NaN,23,21,124.1631,479.3248,4
NaN,23,21,123.9439,478.7305,4
NaN,23,21,123.8578,478.7701,4
NaN,24,21,124.605,478.4486,4
NaN,23,21,124.9931,478.2535,4
NaN,24,21,125.5433,477.7167,4
NaN,24,21,126.1391,478.6941,4
NaN,24,21,126.9733,479.0099,4
NaN,24,21,128.3056,478.5865,4
NaN,24,21,129.4663,478.8918,4
NaN,24,21,129.5919,479.2837,4
NaN,24,21,130.4265,479.7835,4
NaN,23,21,130.2071,480.4208,4
NaN,24,21,130.283,480.5441,4
NaN,24,21,129.5728,480.7202,4
NaN,24,21,129.3868,481.5187,4
NaN,24,21,129.799,481.3862,4
NaN,23,21,129.8515,481.6607,4
NaN,24,21,130.2115,481.1899,4
NaN,24,21,129.6032,482.2985,4
NaN,24,21,129.6718,482.138,4
NaN,23,21,129.1585,482.4105,4
NaN,24,21,129.3319,482.6778,4
NaN,24,21,129.2205,482.3617,4
NaN,23,21,128.1101,482.2357,4
NaN,24,21,128.7646,481.915,4
NaN,24,21,129.071,481.8249,4
NaN,23,21,129.1836,482.5822,4
NaN,23,21,127.8251,484.1558,4
NaN,24,21,127.4695,485.7097,2
NaN,23,22,126.1188,491.3142,2
NaN,23,22,124.084,494.9871,2
NaN,23,22,122.1638,497.8535,2
NaN,23,22,121.1757,498.7688,2
NaN,23,22,121.3317,500.2501,4
NaN,23,22,123.8182,500.9091,4
NaN,23,22,125.1972,500.8247,4
NaN,23,22,126.6692,500.6698,4
NaN,23,22,127.1836,500.5213,4
NaN,23,21,125.716,501.1588,4
NaN,23,22,125.8278,501.1725,4
NaN,23,22,125.8423,501.0007,4
NaN,23,22,127.5042,499.8063,4
NaN,23,22,126.3141,500.0196,4
NaN,23,22,126.8646,500.0899,4
NaN,23,22,126.3512,499.6801,4
NaN,23,22,126.2132,500.5645,4
NaN,23,22,127.3595,500.5314,4
NaN,23,22,127.1727,501.6005,4
NaN,23,22,127.7207,503.0916,4
NaN,23,21,126.5329,504.0777,4
NaN,23,21,126.2381,504.7374,4
NaN,23,22,125.0595,504.8216,4
NaN,23,21,123.9315,504.7694,4
NaN,23,21,124.5466,505.2776,4
NaN,23,21,125.4699,506.8227,4
NaN,23,21,125.6089,507.2263,4
NaN,23,21,125.8693,507.0307,4
NaN,23,21,125.5946,507.1631,4
NaN,23,21,125.7978,507.2972,4
NaN,23,21,125.1927,508.4021,4
NaN,23,21,124.6667,508.7153,4
NaN,23,21,124.198,509.5915,4
NaN,23,21,124.0477,509.3583,4
NaN,23,21,124.1813,509.0988,4
NaN,23,21,123.7875,509.4789,4
NaN,23,21,124.0288,508.418,4
NaN,23,21,124.1131,509.102,4
NaN,23,21,124.3866,509.4108,4
NaN,23,21,125.6486,509.2852,4
NaN,23,21,126.5911,510.1848,4
NaN,23,21,126.6014,510.3769,4
NaN,23,21,126.5545,510.5482,4
NaN,23,21,126.4634,510.1709,4
NaN,23,21,126.9696,510.564,4
NaN,23,21,127.5049,510.6038,4
NaN,23,21,129.3171,510.9908,4
NaN,23,21,130.3431,511.8832,4
NaN,23,21,130.996,511.7795,4
NaN,23,21,131.7992,511.6627,4
NaN,23,21,131.1066,511.9911,4
NaN,23,21,131.8113,512.7139,4
NaN,23,21,132.2863,513.3985,4
NaN,23,21,132.3145,512.3154,4
NaN,23,21,132.613,512.9468000000001,4
NaN,23,21,132.8928,511.5012,4
NaN,24,21,133.4872,512.079,4
NaN,23,21,133.0477,512.1108,4
NaN,23,21,133.5748,512.5377,4
NaN,23,21,133.2407,512.9961,4
NaN,23,21,133.5322,513.4238,4
NaN,23,21,134.3484,513.8137,4
NaN,23,21,134.0006,513.5137999999999,4
NaN,23,21,133.0991,513.5743,4
NaN,23,21,132.8467,513.5799,4
NaN,23,21,133.6984,513.6122,4
NaN,23,21,134.0715,514.1368,4
NaN,23,21,134.453,514.1811,4
NaN,23,21,134.9125,514.1996,4
NaN,23,21,135.0779,513.398,4
NaN,23,21,134.848,514.2893,4
NaN,23,21,133.7698,514.7513,4
NaN,23,21,133.8242,514.841,4
NaN,23,21,133.8314,514.6790999999999,4
NaN,23,21,133.4702,514.543,4
NaN,23,21,133.0233,514.0676,4
NaN,23,21,132.7767,513.9521,4
NaN,23,21,132.4368,514.0082,4
NaN,23,21,132.917,514.2143,4
NaN,23,21,132.2782,515.3296,4
NaN,23,21,131.7373,515.3946,4
NaN,23,21,130.9865,515.5331,4
NaN,23,21,131.4579,516.1645,4
NaN,23,21,131.4783,516.7873,4
NaN,23,21,131.1583,516.6423,4
NaN,23,21,130.918,517.0479,4
NaN,23,21,130.3717,517.2095,4
NaN,23,21,129.9278,517.1667,4
NaN,23,21,129.8973,517.5253,4
NaN,23,21,129.4779,518.5982,4
NaN,23,21,129.4585,517.9431,4
NaN,23,21,128.9976,517.7512,4
NaN,23,21,127.8045,518.5041,4
NaN,23,21,126.638,519.2038,4
NaN,23,21,126.032,519.8742999999999,4
NaN,23,21,125.5306,519.8673,4
NaN,23,21,125.7822,519.6887,4
NaN,23,21,125.6993,519.8001,4
NaN,23,21,125.3792,519.8253,4
NaN,23,21,125.9283,521.3202,4
NaN,23,21,125.1489,521.9895,4
NaN,23,21,124.1309,522.6786,4
NaN,23,21,123.5832,523.5587,4
