NaN,22,20,99.7795,120.213,1
NaN,21,20,100.0161,118.7566,1
NaN,22,20,100.2319,117.4523,1
NaN,22,20,100.4502,117.2747,1
NaN,22,20,99.5574,117.3466,1
NaN,22,20,98.84829999999999,117.6209,1
NaN,22,20,99.658,116.8292,1
NaN,21,20,100.1654,117.3128,1
NaN,21,20,100.789,118.2969,1
NaN,21,20,101.1077,117.9878,1
NaN,21,20,101.3497,118.0931,1
NaN,22,20,102.4722,118.022,1
NaN,21,20,102.9821,117.3638,1
NaN,21,20,104.2131,117.5237,1
NaN,21,20,105.2015,116.8464,1
NaN,21,20,105.9848,116.3167,1
NaN,21,20,106.5165,115.4954,1
NaN,21,20,107.6027,115.3661,1
NaN,21,20,108.1,115.3245,1
NaN,21,20,108.1898,115.3385,1
NaN,21,20,108.8087,115.7797,1
NaN,21,20,109.369,115.4668,1
NaN,21,20,109.586,114.6806,1
NaN,21,20,109.854,114.9829,1
NaN,21,20,110.2065,114.3137,1
NaN,21,20,110.5529,114.6279,1
NaN,21,20,110.5238,115.611,1
NaN,21,20,110.9335,115.7563,1
NaN,21,20,110.7214,115.9038,1
NaN,21,20,110.9371,116.7611,1
NaN,21,20,112.4586,118.1543,1
NaN,21,20,112.2123,119.3516,1
NaN,21,20,111.5996,120.5051,1
NaN,21,20,111.2045,120.9042,1
NaN,21,20,111.3767,120.4813,1
NaN,21,20,111.8849,120.6329,1
NaN,21,20,112.3297,120.2446,1
NaN,21,20,113.1145,120.6796,1
NaN,21,20,113.3209,121.3563,1
NaN,21,20,113.7215,121.4015,1
NaN,21,20,113.6219,121.5309,1
NaN,21,20,113.9263,122.1234,1
NaN,21,20,114.3475,121.9375,1
NaN,21,20,114.2596,122.3456,1
NaN,21,20,114.4734,122.4475,1
NaN,21,20,114.6059,122.1722,1
NaN,21,20,114.167,123.1178,1
NaN,21,20,114.2158,123.5556,1
NaN,21,20,113.8674,123.8171,1
NaN,21,20,113.1836,123.317,1
NaN,21,20,113.4,122.885,1
NaN,21,20,113.8891,123.1665,1
NaN,21,20,113.9599,123.6017,1
NaN,21,20,114.1966,123.3074,1
NaN,21,20,113.9668,123.6912,1
NaN,21,20,113.2726,123.1757,1
NaN,21,20,113.7193,123.1705,1
NaN,21,20,112.9522,123.3996,1
NaN,21,20,112.9337,123.5586,1
NaN,21,20,112.9906,124.2575,1
NaN,21,20,113.4032,124.7631,1
NaN,21,20,113.9098,123.454,1
NaN,21,20,114.3425,122.7344,1
NaN,21,20,114.8145,121.7289,1
NaN,21,20,115.2652,121.5072,1
NaN,21,20,114.9928,121.3557,1
NaN,21,20,114.5038,121.3004,1
NaN,21,20,113.9775,120.3915,1
NaN,21,20,113.4619,120.4062,1
NaN,21,20,113.0811,120.454,1
NaN,21,20,112.8848,120.5792,1
NaN,21,20,112.6244,120.6433,1
NaN,21,20,112.7201,120.1411,1
NaN,21,20,112.7677,119.5562,1
NaN,21,20,112.5761,119.5203,1
NaN,21,20,112.4194,119.2257,1
NaN,21,20,111.8555,119.3282,1
NaN,21,20,110.8832,119.8355,1
NaN,21,20,111.2775,120.123,1
NaN,21,20,111.0596,120.0431,1
NaN,21,20,111.3004,119.562,1
NaN,21,20,111.3202,118.4723,1
NaN,21,20,111.0486,118.4716,1
NaN,21,20,110.9783,119.3224,1
NaN,21,20,111.1177,119.379,1
NaN,21,20,110.9772,120.0292,1
NaN,21,20,110.7253,119.8181,1
NaN,21,20,110.5034,119.6773,1
NaN,21,20,110.9931,120.44,1
NaN,21,20,111.4053,120.2955,1
NaN,21,20,111.8383,119.3895,1
NaN,21,20,111.1895,119.2196,1
NaN,21,20,111.1997,119.2013,1
NaN,21,20,110.7641,120.2316,1
NaN,21,20,110.3321,120.8002,1
NaN,21,20,110.6349,121.4416,1
NaN,21,20,111.2169,121.3637,1
NaN,21,20,112.003,121.9314,1
NaN,21,20,111.8468,121.9989,1
NaN,21,20,111.7016,121.6149,1
NaN,21,20,112.1338,121.4925,1
NaN,21,20,112.4153,121.2608,1
NaN,21,20,113.0663,121.0638,1
NaN,21,20,112.9506,121.8551,1
NaN,21,20,113.2933,121.7318,1
NaN,21,20,113.292,122.1551,1
NaN,21,20,113.1241,122.1232,1
NaN,21,20,112.9373,120.9092,1
NaN,21,20,112.9828,121.4885,1
NaN,21,20,113.0118,122.7816,1
NaN,21,20,113.9354,123.4082,1
NaN,21,20,114.1636,123.7402,1
NaN,21,20,113.9489,123.5977,1
NaN,21,20,114.6087,122.0454,1
NaN,21,20,114.6392,121.6331,1
NaN,21,20,114.336,121.3104,1
NaN,21,20,114.4547,122.289,1
NaN,21,20,114.2311,121.8295,1
NaN,21,20,114.3198,121.4465,1
NaN,21,20,114.3985,122.5062,1
NaN,21,20,114.4159,122.8553,1
NaN,21,20,114.6979,123.0543,1
NaN,21,20,115.3435,122.6424,1
NaN,21,20,116.3765,122.0731,1
NaN,21,20,116.6339,122.5168,1
NaN,21,20,116.9974,122.5684,1
NaN,21,20,117.5494,123.0937,1
NaN,21,20,118.2388,123.7128,1
NaN,21,20,118.0375,124.7131,1
NaN,21,20,117.5312,125.2198,1
NaN,21,20,117.7385,125.8868,1
NaN,21,20,117.9766,125.8728,1
NaN,21,20,118.1224,126.0996,1
NaN,21,20,118.5469,126.5102,1
NaN,21,20,118.4926,127.1523,1
NaN,21,20,117.84,128.0668,1
NaN,21,20,117.6189,129.3423,1
NaN,21,20,117.3029,129.8098,1
NaN,21,20,118.024,129.9844,1
NaN,21,19,119.0362,131.8773,2
NaN,21,19,119.2811,133.731,2
NaN,21,19,119.5243,136.1827,2
NaN,21,20,119.2915,139.2854,2
NaN,21,20,118.9019,142.2681,2
NaN,21,20,117.7517,144.781,2
NaN,21,20,114.8362,151.102,2
NaN,21,20,109.1046,157.3217,2
NaN,21,20,101.1857,163.3691,2
NaN,21,20,96.3044,170.485,2
NaN,21,20,94.5676,173.6887,2
NaN,20,20,91.63160000000001,175.0498,2
NaN,20,20,90.17749999999999,175.1773,2
NaN,21,19,87.8399,173.0661,2
NaN,21,20,85.2825,171.9427,2
NaN,21,20,83.3267,173.2144,2
NaN,21,20,82.2059,174.4624,2
NaN,21,20,79.9314,178.1516,2
NaN,21,20,77.49379999999999,182.6518,2
NaN,21,20,75.33320000000001,184.8354,2
NaN,21,20,74.4344,187.3611,2
NaN,21,20,72.9868,188.5034,2
NaN,21,20,72.76130000000001,189.4108,2
NaN,21,20,73.837,189.2924,4
NaN,21,20,74.9743,189.1432,4
NaN,21,20,75.4404,190.0032,4
NaN,21,20,75.2351,190.8894,4
NaN,21,19,74.4927,192.581,4
NaN,21,20,73.5722,193.3592,4
NaN,21,20,73.04600000000001,194.2829,4
NaN,21,20,72.1658,194.6223,4
NaN,21,20,71.5877,194.9632,4
NaN,21,20,71.249,195.3911,4
NaN,21,20,71.8471,196.3336,4
NaN,21,20,71.9064,197.229,4
NaN,21,20,72.0459,198.358,4
NaN,21,20,71.6405,199.3322,4
NaN,21,20,70.9913,200.3266,4
NaN,21,20,70.636,200.8015,4
NaN,21,20,70.745,201.01,4
NaN,21,20,70.5026,202.5116,4
NaN,21,20,70.07170000000001,203.1203,4
NaN,21,20,70.4943,203.1054,4
NaN,21,20,71.9157,203.0864,4
NaN,21,20,72.5659,203.5442,4
NaN,20,20,73.3719,203.3157,4
NaN,20,20,73.6259,204.0958,4
NaN,20,20,74.3609,205.3138,4
NaN,20,20,74.6981,205.9929,4
NaN,21,20,76.1305,206.4953,4
NaN,20,20,77.452,206.378,4
NaN,20,20,78.2415,206.4927,4
NaN,20,20,77.5737,207.4656,4
NaN,20,20,77.96810000000001,208.6341,4
NaN,20,20,78.62779999999999,208.9879,4
NaN,20,20,78.1927,208.7117,4
NaN,20,20,79.2697,208.1082,4
NaN,20,20,79.25409999999999,207.3745,4
NaN,20,20,79.8681,207.6048,4
NaN,20,20,80.03660000000001,208.1513,4
NaN,20,20,79.90689999999999,207.8975,4
NaN,20,20,79.4375,207.9663,4
NaN,20,20,78.6785,207.4257,4
NaN,20,20,79.3284,207.7564,4
NaN,20,20,79.5166,208.5548,4
NaN,20,20,79.6182,209.1037,4
NaN,20,20,78.87430000000001,209.8882,4
NaN,20,20,77.905,209.4887,4
NaN,20,20,77.58369999999999,209.1303,4
NaN,20,20,78.5677,208.8017,4
NaN,20,20,78.9808,208.6517,4
NaN,20,20,79.2581,208.369,4
NaN,20,20,79.3175,208.1772,4
NaN,20,20,79.0185,208.0636,4
NaN,20,20,79.9435,208.1069,4
NaN,20,20,80.31480000000001,207.8117,4
NaN,20,20,79.2115,208.3456,4
NaN,20,20,79.8262,208.7744,4
NaN,20,20,78.87220000000001,208.434,4
NaN,20,20,78.6133,208.4851,4
NaN,20,20,78.68259999999999,207.7451,4
NaN,20,20,77.98860000000001,207.1667,4
NaN,21,20,76.8334,206.9396,4
NaN,21,20,76.054,206.7204,4
NaN,21,20,74.79089999999999,205.956,4
NaN,20,20,74.42659999999999,205.2605,4
NaN,20,20,75.05540000000001,205.4627,4
NaN,21,20,75.3986,205.5015,4
NaN,21,20,76.4209,205.4555,4
NaN,20,20,77.2205,205.1466,4
NaN,20,20,77.93210000000001,204.3963,4
NaN,21,20,78.7131,204.3984,4
NaN,21,20,79.7941,204.1351,4
NaN,21,20,79.9114,203.6276,4
NaN,21,20,79.2085,202.4408,4
NaN,21,20,77.76430000000001,201.8995,4
NaN,21,20,76.4461,201.9796,4
NaN,21,20,76.2165,202.0394,4
NaN,20,20,77.6891,201.8765,4
NaN,20,20,79.7098,202.4118,4
NaN,20,20,82.0365,202.2512,4
NaN,20,19,83.4362,202.3598,4
NaN,20,19,84.8759,201.7023,4
NaN,20,20,85.6161,200.4921,4
NaN,20,20,84.7693,200.7941,4
NaN,20,20,83.9924,200.6244,4
NaN,20,20,83.59999999999999,200.9855,4
NaN,20,20,82.3339,201.6217,4
NaN,20,20,82.9341,202.3392,4
NaN,20,20,83.1195,202.8823,4
NaN,20,20,83.31780000000001,203.9426,4
NaN,20,19,84.2342,204.3353,4
NaN,20,20,84.6207,204.5079,4
NaN,20,19,85.2127,204.395,4
NaN,20,20,84.61839999999999,204.9201,4
NaN,20,20,84.5939,205.9142,4
NaN,20,20,83.751,207.054,4
NaN,20,20,84.6061,207.3287,4
NaN,20,20,84.5414,208.0893,4
NaN,20,20,84.6014,208.3905,4
NaN,20,20,84.5706,208.6187,4
NaN,20,20,84.64919999999999,209.1826,4
NaN,20,20,85.0976,209.3621,4
NaN,20,20,85.498,209.9957,4
NaN,21,20,85.8083,210.126,4
NaN,20,20,86.17610000000001,210.6414,4
NaN,20,20,86.8335,211.6878,4
NaN,21,20,86.7929,212.124,4
NaN,20,20,87.1281,212.6071,4
NaN,20,20,87.78149999999999,212.6322,4
NaN,20,20,87.1876,213.1591,4
NaN,20,20,87.354,213.5879,4
NaN,20,20,87.3959,214.0891,4
NaN,21,20,87.2098,214.4412,4
NaN,20,20,87.4404,214.606,4
NaN,20,20,87.4932,214.8052,4
NaN,21,20,87.8755,215.1202,4
NaN,21,20,88.0659,215.3722,4
NaN,21,20,89.2132,214.1729,4
NaN,21,20,89.124,213.6204,4
NaN,21,20,89.3378,213.7582,4
NaN,21,20,90.5093,213.6153,4
NaN,21,20,90.9438,213.7055,4
NaN,21,20,91.23779999999999,213.5579,4
NaN,20,20,90.9425,213.2194,4
NaN,21,20,90.2069,212.5778,4
NaN,21,20,90.69750000000001,213.7849,4
NaN,21,20,91.44840000000001,213.5254,4
NaN,21,20,91.77549999999999,213.7126,4
NaN,21,20,92.49169999999999,214.0313,4
NaN,21,20,92.3687,213.2265,4
NaN,21,20,92.02160000000001,213.4976,4
NaN,20,20,91.7073,213.4862,4
NaN,21,20,91.6683,213.5592,4
NaN,21,20,92.242,213.1729,4
NaN,21,20,92.0363,213.6442,4
NaN,20,20,91.9331,214.2709,4
NaN,20,20,91.9723,214.2573,4
NaN,20,20,91.1875,214.9306,4
NaN,20,20,91.23390000000001,214.8063,4
NaN,20,20,90.7873,215.0977,4
NaN,20,20,90.34010000000001,214.7031,4
NaN,20,20,90.72620000000001,214.2531,4
NaN,20,20,90.8904,214.2212,4
NaN,20,20,91.0282,213.4467,4
NaN,21,20,91.194,213.8491,4
NaN,20,20,90.839,214.4409,4
NaN,20,20,90.6863,214.4848,4
NaN,20,20,90.535,214.3117,4
NaN,21,20,90.6823,214.119,4
NaN,20,20,90.684,214.1948,4
NaN,20,20,90.8747,215.0697,4
NaN,21,20,91.13500000000001,215.1757,4
NaN,21,20,92.0296,215.7237,4
NaN,20,20,92.2872,215.968,4
NaN,20,20,91.7517,215.6294,4
NaN,20,20,91.2175,216.7944,4
NaN,20,20,91.3262,216.8602,4
NaN,20,20,91.2043,217.0496,4
NaN,20,20,91.3567,217.1168,4
NaN,20,20,91.5536,217.1696,4
NaN,20,20,91.7106,216.5624,4
NaN,20,20,92.1622,216.2744,4
NaN,20,20,92.41200000000001,217.2047,4
NaN,20,19,91.44889999999999,218.2957,4
NaN,20,19,90.944,219.1571,4
NaN,21,19,90.8897,219.7185,4
NaN,20,19,90.79519999999999,220.0224,4
NaN,20,20,90.0548,219.7803,4
NaN,20,19,89.1953,220.27,4
NaN,21,20,88.9658,221.0778,4
NaN,21,19,88.8661,221.3063,4
NaN,20,20,88.56959999999999,222.3276,4
NaN,21,19,88.4028,222.468,4
NaN,21,19,87.80710000000001,223.1556,4
NaN,21,19,88.1328,224.5888,4
NaN,20,19,88.0545,225.3776,4
NaN,21,19,87.4765,226.2742,4
NaN,21,19,87.5855,225.5656,4
NaN,21,19,86.63160000000001,225.7697,4
NaN,21,19,86.62860000000001,226.1315,4
NaN,21,19,86.1953,225.7826,4
NaN,21,19,86.10760000000001,226.4593,4
NaN,21,19,85.44799999999999,226.8948,4
NaN,21,19,85.4191,227.4635,4
NaN,21,19,86.3616,228.7083,4
NaN,21,19,86.47369999999999,228.9792,4
NaN,21,19,86.7958,228.8603,4
NaN,21,19,87.18559999999999,229.3191,4
NaN,21,19,86.51600000000001,230.4652,4
NaN,21,19,86.3167,231.0281,4
NaN,21,19,86.1935,231.0209,4
NaN,21,19,85.95359999999999,231.1533,4
NaN,21,19,85.9058,230.9267,4
NaN,21,19,85.6103,231.2155,4
NaN,21,19,85.07680000000001,231.6261,4
NaN,21,19,85.76900000000001,232.3891,4
NaN,21,19,85.7338,232.8388,4
NaN,21,19,85.6134,233.1699,4
NaN,21,19,85.3783,233.7316,4
NaN,21,19,85.5633,234.534,4
NaN,21,19,85.5335,235.2074,4
NaN,21,20,85.6628,236.7509,4
NaN,20,20,85.56140000000001,236.9006,4
NaN,21,20,86.2821,237.3764,4
NaN,21,19,87.1892,237.1316,4
NaN,21,19,87.9581,237.8625,4
NaN,21,19,88.0984,238.3141,4
NaN,21,19,87.8312,238.0444,4
NaN,20,19,86.4242,238.4964,4
NaN,21,19,86.023,238.3564,4
NaN,21,19,86.7234,239.0508,4
NaN,21,20,86.52,240.3098,4
NaN,21,19,86.8038,240.888,4
NaN,20,20,86.12050000000001,241.7516,4
NaN,20,20,85.7197,242.3857,4
NaN,20,20,85.3737,242.679,4
NaN,21,19,85.34569999999999,242.6559,4
NaN,21,19,85.4173,242.3122,4
NaN,21,20,84.8797,243.0396,4
NaN,20,20,85.0669,243.3125,4
NaN,20,19,84.9525,243.8155,4
NaN,21,20,85.2265,244.9129,4
NaN,21,20,86.17829999999999,245.7707,4
NaN,21,20,86.3254,246.105,4
NaN,21,20,87.0372,247.1664,4
NaN,20,20,85.78230000000001,247.5226,4
NaN,20,20,84.9635,247.7178,4
NaN,20,20,84.7599,247.8123,4
NaN,20,20,84.6225,248.1164,4
NaN,21,20,85.5896,248.4514,4
NaN,20,20,85.7131,249.0471,4
NaN,20,20,85.5292,249.5219,4
NaN,21,20,85.1739,249.342,4
NaN,20,20,85.68810000000001,249.2724,4
NaN,20,20,85.2881,249.2306,4
NaN,20,20,84.83329999999999,249.2255,4
NaN,20,20,84.5665,249.5247,4
NaN,20,20,83.7924,249.4056,4
NaN,20,20,83.7927,249.1126,4
NaN,21,20,84.2366,248.7777,4
NaN,20,20,84.6656,248.099,4
NaN,20,20,84.1109,248.698,4
NaN,20,20,83.76990000000001,249.7722,4
NaN,20,20,83.1223,249.6871,4
NaN,20,20,82.9098,249.185,4
NaN,20,20,83.0243,248.6344,4
NaN,20,20,82.5658,248.3208,4
NaN,20,20,82.9387,249.4107,4
NaN,20,20,82.2978,248.7448,4
NaN,20,20,81.77160000000001,248.1376,4
NaN,20,20,81.5341,247.6367,4
NaN,20,20,81.75530000000001,247.0728,4
NaN,21,20,82.197,246.939,4
NaN,20,20,82.03740000000001,246.8572,4
NaN,20,20,80.91759999999999,246.2352,2
NaN,20,20,78.572,247.4467,2
NaN,20,19,75.7102,248.6616,2
NaN,20,19,71.5085,252.1874,2
NaN,20,19,68.48609999999999,256.1104,2
NaN,20,19,66.74509999999999,260.3093,2
NaN,20,19,65.5664,263.8783,2
NaN,20,19,65.1044,266.106,2
NaN,20,19,66.2195,267.2192,3
NaN,20,19,68.38200000000001,268.5698,3
NaN,20,19,70.1815,269.3383,3
NaN,20,20,71.6589,269.7384,3
NaN,20,20,72.2919,270.1837,4
NaN,20,20,73.2748,269.9129,4
NaN,20,19,72.44759999999999,270.1365,4
NaN,20,19,72.5603,269.9478,4
NaN,20,20,72.486,270.647,4
NaN,20,20,72.07129999999999,271.5189,4
NaN,20,20,72.523,272.3613,4
NaN,20,20,73.2778,273.1558,4
NaN,20,19,72.7867,273.8593,4
NaN,20,20,72.8623,273.9724,4
NaN,20,20,73.34310000000001,274.653,4
NaN,20,20,73.8279,275.9271,4
NaN,20,19,74.43429999999999,276.4797,4
NaN,20,20,74.6674,276.8736,4
NaN,20,20,75.1157,276.6417,4
NaN,20,20,75.12350000000001,276.8295,4
NaN,20,20,74.27,277.8609,4
NaN,20,20,73.1254,278.8833,4
NaN,20,20,73.2946,279.7265,4
NaN,20,20,74.1373,280.2788,4
NaN,20,20,73.60809999999999,280.4347,4
NaN,20,20,73.8717,280.6442,4
NaN,20,20,73.96339999999999,280.8995,4
NaN,20,20,74.6467,281.0882,4
NaN,20,20,74.55410000000001,281.5665,4
NaN,20,20,74.3732,281.7268,4
NaN,20,20,73.5737,282.3582,4
NaN,20,20,72.6233,283.083,4
NaN,20,20,72.017,282.9731,4
NaN,20,20,71.54000000000001,283.4016,4
NaN,21,20,71.3935,283.41,4
NaN,20,20,71.6661,283.698,4
NaN,20,20,71.3389,284.2197,4
NaN,20,19,70.87739999999999,284.6432,4
NaN,20,20,70.70829999999999,284.7416,4
NaN,20,20,70.1739,285.0193,4
NaN,20,20,68.9004,284.9458,4
NaN,20,20,69.1785,284.957,4
NaN,20,20,68.1442,284.9065,4
NaN,20,19,68.41540000000001,284.4492,4
NaN,20,20,68.07170000000001,284.5605,4
NaN,20,19,68.3565,284.5002,4
NaN,20,20,68.70959999999999,284.6053,4
NaN,20,19,69.59739999999999,285.0297,4
NaN,20,19,69.5501,285.1149,4
NaN,20,19,69.31140000000001,285.1391,4
NaN,20,19,69.0685,285.0932,4
NaN,20,19,68.991,284.8645,4
NaN,20,19,68.7812,285.063,4
NaN,20,19,68.8843,284.7668,4
NaN,20,19,69.3712,284.6614,4
NaN,20,20,69.2715,283.4345,4
NaN,20,19,68.88809999999999,283.3476,4
NaN,20,19,69.876,282.2615,4
NaN,20,19,70.4209,281.518,4
NaN,20,19,71.3417,280.6454,4
NaN,20,19,71.6007,279.9231,4
NaN,20,19,71.9974,279.7846,4
NaN,20,19,72.0864,279.5653,4
NaN,20,19,72.3351,278.7525,4
NaN,20,19,72.58,277.1681,4
NaN,20,19,73.42829999999999,276.1829,4
NaN,20,19,73.59050000000001,275.3495,4
NaN,20,19,74.0719,274.9732,4
NaN,20,19,74.26860000000001,274.979,4
NaN,20,19,74.05670000000001,275.0297,4
NaN,20,19,74.9491,274.0607,4
NaN,20,19,74.4903,274.1033,4
NaN,20,19,74.1148,273.7342,4
NaN,20,19,73.4409,273.0496,4
NaN,20,19,73.65009999999999,273.4467,4
NaN,20,19,74.05540000000001,272.8053,4
NaN,20,19,74.075,273.3181,4
NaN,20,19,74.116,273.618,4
NaN,20,19,74.6957,273.6592,4
NaN,20,19,74.7754,273.272,4
NaN,20,19,75.85769999999999,273.5726,4
NaN,20,19,76.48990000000001,273.4202,4
NaN,20,19,76.13200000000001,273.4855,4
NaN,20,19,75.6665,273.0878,4
NaN,20,19,76.042,273.0461,4
NaN,20,19,75.8989,273.1565,4
NaN,20,19,75.5616,272.9218,4
NaN,20,19,75.6467,273.3856,4
NaN,20,19,75.468,273.7938,4
NaN,20,19,75.4538,274.1943,4
NaN,20,20,75.68819999999999,274.2803,4
NaN,20,19,75.9739,273.8789,4
NaN,20,20,76.12949999999999,274.0217,4
NaN,20,19,76.38,273.7611,4
NaN,20,20,76.8413,274.1554,4
NaN,20,19,76.7953,274.2351,4
NaN,20,20,76.7085,274.6652,4
NaN,20,20,76.2932,275.735,4
NaN,20,19,75.69499999999999,275.9407,4
NaN,20,19,74.6373,276.0417,4
NaN,20,20,74.7033,276.3542,4
NaN,20,20,74.8792,276.2399,4
NaN,20,19,74.4667,276.0983,4
NaN,20,20,74.4927,276.2958,4
NaN,20,20,74.1015,276.9084,4
NaN,20,20,74.0307,277.0757,4
NaN,20,19,74.093,276.9757,4
NaN,20,19,74.4927,276.729,4
NaN,20,20,74.8736,277.3933,4
NaN,20,20,74.67700000000001,278.0254,4
NaN,20,20,74.0065,278.4172,4
NaN,20,20,74.2435,278.7575,4
NaN,20,20,73.9752,279.187,4
NaN,20,20,74.9049,279.8656,4
NaN,20,20,75.2837,280.7023,4
NaN,20,20,75.169,281.3787,4
NaN,20,20,74.67310000000001,281.1911,4
NaN,20,20,74.4713,281.4501,4
NaN,20,20,74.0558,282.01,4
NaN,20,19,73.78279999999999,281.7734,4
NaN,20,20,74.8231,282.13,4
NaN,20,20,74.48569999999999,282.5345,4
NaN,20,20,74.378,283.0093,4
NaN,20,20,74.73180000000001,283.3858,4
NaN,20,20,73.6567,284.0667,4
NaN,20,20,73.1294,284.8006,4
NaN,20,20,72.77589999999999,285.5472,4
NaN,20,20,72.67270000000001,285.611,4
NaN,20,20,72.249,286.229,4
NaN,20,20,72.27200000000001,287.3785,4
NaN,20,20,72.30500000000001,288.1264,4
NaN,20,20,72.041,288.5207,4
NaN,20,20,72.2632,288.6374,4
NaN,20,19,71.54859999999999,289.5859,4
NaN,20,19,71.2351,290.8465,4
NaN,20,20,70.9278,291.6346,4
NaN,20,20,71.5012,292.3657,4
NaN,20,20,72.1332,292.4583,4
NaN,20,20,72.1951,292.706,4
NaN,20,19,71.42700000000001,294.0372,4
NaN,20,19,71.5368,294.4628,4
NaN,20,20,72.1276,294.9615,4
NaN,20,20,72.0872,295.2279,4
NaN,20,20,70.9374,295.2073,4
NaN,20,20,70.1367,295.2741,4
NaN,20,19,69.6159,296.4798,4
NaN,20,19,68.8232,296.9223,4
NaN,20,20,68.6267,297.478,4
NaN,20,20,68.6097,297.7964,4
NaN,20,19,69.4486,298.0067,4
NaN,20,19,70.0727,298.476,4
NaN,20,19,70.2103,298.4217,4
NaN,20,20,70.7946,298.9267,4
NaN,20,20,70.44799999999999,299.1041,4
NaN,20,19,70.62560000000001,299.9439,4
NaN,20,19,70.07340000000001,300.4446,4
NaN,20,20,70.2287,300.5357,4
NaN,20,19,69.3762,300.6504,4
NaN,20,20,68.6567,300.859,4
NaN,20,19,68.1032,300.8225,4
NaN,20,19,66.97199999999999,300.9134,4
NaN,20,19,67.1101,301.0465,4
NaN,20,19,66.65989999999999,301.906,4
NaN,20,19,65.5831,302.5807,4
NaN,20,19,64.65179999999999,303.214,4
NaN,20,19,64.43089999999999,302.7709,4
NaN,20,19,64.63760000000001,302.9189,4
NaN,19,19,64.9847,303.0378,4
NaN,20,19,66.1773,303.067,4
NaN,20,19,65.9097,303.2841,4
NaN,20,19,65.6146,303.1256,4
NaN,19,19,64.7681,302.7915,4
NaN,19,19,64.685,303.0133,4
NaN,20,19,65.6574,303.9753,4
NaN,19,19,64.8293,304.9113,4
NaN,19,19,64.2029,305.6696,4
NaN,19,19,62.3795,306.1582,4
NaN,19,19,60.3852,306.5824,4
NaN,19,19,59.7796,307.1249,4
NaN,19,20,58.9284,307.9324,4
NaN,20,20,60.2121,307.7892,4
NaN,19,20,60.9345,308.6459,4
NaN,20,20,62.8537,309.0014,4
NaN,20,20,65.46250000000001,309.4232,4
NaN,20,20,66.1093,310.018,4
NaN,21,20,66.76309999999999,310.6557,4
NaN,20,20,66.78100000000001,310.9603,4
NaN,20,19,66.3385,311.6866,4
NaN,20,20,66.35209999999999,312.1214,4
NaN,19,20,65.833,312.4075,4
NaN,20,20,65.7996,312.9863,4
NaN,20,19,65.65179999999999,313.2644,4
NaN,21,20,65.8416,313.7406,4
NaN,20,20,65.2265,314.1009,4
NaN,19,20,64.9511,313.7471,4
NaN,20,20,64.1827,313.9825,4
NaN,20,19,63.986,314.5139,4
NaN,20,20,63.2526,315.6965,4
NaN,20,20,63.2481,316.371,4
NaN,20,20,62.6686,317.1458,4
NaN,20,20,62.552,317.6432,4
NaN,20,20,62.005,317.444,4
NaN,20,20,62.0863,317.7022,4
NaN,20,20,62.4224,317.7418,4
NaN,19,20,63.7694,318.2973,4
NaN,20,19,64.4049,318.8818,4
NaN,20,20,64.1584,319.4855,4
NaN,20,20,64.379,320.2149,4
NaN,20,20,64.2032,321.282,4
NaN,20,19,64.82810000000001,321.4026,4
NaN,20,19,65.4089,322.0866,4
NaN,20,19,65.33459999999999,322.8564,4
NaN,20,19,65.23399999999999,323.5218,4
NaN,20,19,65.6061,324.812,4
NaN,20,20,66.1571,325.678,4
NaN,20,19,67.35129999999999,326.6774,4
NaN,20,19,67.51609999999999,327.3062,4
NaN,20,19,66.9867,327.5917,4
NaN,20,19,67.1233,327.7886,4
NaN,20,20,67.03830000000001,328.2515,4
NaN,20,19,67.5624,328.8319,4
NaN,20,19,68.37869999999999,329.5262,4
NaN,20,20,68.06740000000001,329.4885,4
NaN,20,19,68.0277,330.2002,4
NaN,20,19,67.60590000000001,331.12,4
NaN,20,19,67.61450000000001,331.9049,4
NaN,20,19,69.24039999999999,332.5125,4
NaN,20,19,69.1371,333.0356,4
NaN,20,19,68.9633,333.0434,4
NaN,20,19,69.286,332.7061,4
NaN,20,19,68.8994,333.2632,4
NaN,20,19,68.8117,333.2861,4
NaN,20,19,69.0449,333.7482,4
NaN,20,19,68.59220000000001,334.3118,4
NaN,20,19,68.4931,334.0862,4
NaN,20,19,68.9465,334.409,4
NaN,20,19,68.49509999999999,335.3686,4
NaN,20,19,69.2315,336.043,4
NaN,20,19,69.1036,336.6641,4
NaN,20,19,69.2833,337.3037,4
NaN,20,19,69.8467,337.555,4
NaN,20,19,69.8425,337.3865,4
NaN,20,19,69.4331,337.4358,4
NaN,20,19,69.5522,337.3393,4
NaN,20,19,69.4462,337.5754,4
NaN,20,19,69.69589999999999,337.5603,4
NaN,20,19,69.675,337.893,4
NaN,20,19,69.2805,338.5062,4
NaN,20,19,69.3008,339.1069,4
NaN,21,19,69.7474,338.5936,4
NaN,20,19,69.5966,338.7062,4
NaN,20,20,68.8506,339.3104,4
NaN,20,19,68.68429999999999,339.8535,4
NaN,20,20,68.2068,339.9705,4
NaN,20,19,67.17149999999999,340.2106,4
NaN,20,19,66.82089999999999,340.4252,4
NaN,20,20,66.46510000000001,339.8986,4
NaN,20,20,65.384,339.925,4
NaN,20,20,65.4526,340.3279,4
NaN,20,20,64.3468,340.9707,4
NaN,20,20,64.44289999999999,341.4753,4
NaN,20,20,63.4986,341.8262,4
NaN,20,20,63.4473,342.1651,4
NaN,20,20,64.2777,342.5665,4
NaN,21,20,64.7885,343.0668,4
NaN,20,20,63.4711,343.7026,4
NaN,20,20,61.9284,344.2863,4
NaN,20,20,61.9843,345.2646,4
NaN,20,20,62.1662,345.1469,4
NaN,20,20,62.9199,344.9737,4
NaN,21,20,63.3218,344.8187,4
NaN,21,20,63.2498,344.7483,4
NaN,20,20,63.375,345.6618,4
NaN,20,20,63.0732,346.1945,4
NaN,20,20,63.7512,346.9953,4
NaN,20,20,63.691,347.6426,4
NaN,20,20,64.0226,347.9725,4
NaN,20,20,63.986,348.5467,4
NaN,20,20,63.1984,348.9132,4
NaN,20,20,63.3921,349.1093,4
NaN,20,20,63.3377,349.3357,4
NaN,20,20,63.1111,349.2525,4
NaN,21,20,63.0206,349.7839,4
NaN,20,20,62.47,350.1155,4
NaN,20,20,62.644,350.5176,4
NaN,21,20,63.4698,351.3029,4
NaN,20,20,64.6084,353.07,4
NaN,20,20,64.6498,354.9163,4
NaN,20,20,63.8541,356.8291,4
NaN,20,20,62.5028,357.8734,4
NaN,20,19,60.9211,357.5651,4
NaN,20,19,58.092,357.7291,4
NaN,20,19,56.4312,356.4791,4
NaN,20,20,56.0233,355.7497,4
NaN,20,20,56.3796,356.2953,4
NaN,20,20,58.2323,356.4198,4
NaN,20,20,59.5791,356.7576,4
NaN,20,20,60.7664,357.559,4
NaN,20,20,61.9755,358.7245,4
NaN,20,20,62.4651,359.7985,4
NaN,20,20,62.936,360.4549,4
NaN,20,20,62.911,360.8174,4
NaN,20,20,63.219,361.1562,4
NaN,20,20,62.9742,361.4774,4
NaN,20,20,62.6742,361.3226,4
NaN,20,20,62.8603,361.3052,4
NaN,20,20,63.3278,361.4057,4
NaN,20,20,64.26220000000001,361.7137,4
NaN,20,20,64.0248,362.5541,4
NaN,20,20,64.0021,362.8323,4
NaN,20,20,63.7935,363.0353,4
NaN,20,20,64.0261,363.1538,4
NaN,20,20,64.3835,363.5411,4
NaN,20,20,64.3373,363.7345,4
NaN,20,20,64.11920000000001,364.6944,4
NaN,20,20,64.11190000000001,365.3542,4
NaN,20,20,63.2451,365.9739,4
NaN,20,20,63.3791,366.0573,4
NaN,20,20,63.5805,366.1415,4
NaN,20,20,63.1124,366.449,4
NaN,20,20,62.4774,366.5261,4
NaN,20,19,61.6476,366.6857,4
NaN,20,19,61.7672,367.4492,4
NaN,20,20,61.6641,367.1264,4
NaN,20,20,61.6416,367.57,4
NaN,20,19,60.9203,368.3394,4
NaN,20,20,60.0236,368.3844,4
NaN,20,20,59.7729,368.7533,4
NaN,20,19,59.4047,369.2562,4
NaN,20,19,58.6315,369.4414,4
NaN,20,20,57.9955,369.7955,4
NaN,20,20,58.0648,369.638,4
NaN,20,20,57.9941,369.7047,4
NaN,20,20,56.6942,369.5675,4
NaN,20,20,56.3684,369.9356,4
NaN,20,19,56.0474,370.2888,4
NaN,20,19,55.7929,371.301,4
NaN,20,19,56.2707,371.2089,4
NaN,20,19,56.7735,372.2906,4
NaN,20,20,56.8016,372.8229,4
NaN,20,20,56.5139,372.7764,4
NaN,20,20,56.1563,372.7544,4
NaN,20,20,56.0908,373.3083,4
NaN,20,19,55.836,373.5025,4
NaN,20,19,55.5875,373.971,4
NaN,20,19,55.3805,373.9596,4
NaN,20,20,54.5511,373.9092,4
NaN,20,19,55.0607,373.8241,4
NaN,20,19,55.237,373.9927,4
NaN,20,19,55.6412,374.2325,4
NaN,20,20,55.8494,374.5161,4
NaN,20,19,55.2613,375.2329,4
NaN,21,19,55.4259,375.4845,4
NaN,20,19,54.9835,376.0215,4
NaN,20,19,54.9135,377.2471,4
NaN,20,20,55.0447,377.2714,4
NaN,20,19,55.4593,377.5669,4
NaN,21,20,55.3264,377.0902,4
NaN,20,19,55.9979,377.0245,4
NaN,20,19,56.443,377.2408,4
NaN,20,19,57.4596,377.1165,4
NaN,20,20,57.4859,377.5359,4
NaN,20,20,56.3985,377.5462,4
NaN,20,19,55.7765,377.6292,4
NaN,20,19,55.4768,377.6457,4
NaN,20,19,55.6445,377.3449,4
NaN,20,19,56.527,377.6342,4
NaN,20,19,56.21,377.4514,4
NaN,20,20,57.0366,377.5021,4
NaN,20,19,57.2483,377.3502,4
NaN,20,20,56.9819,377.0086,4
NaN,20,20,57.043,376.8663,4
NaN,20,20,56.851,377.2671,4
NaN,20,20,57.4442,377.8671,4
NaN,20,20,57.9914,378.6951,4
NaN,20,19,57.8998,378.6355,4
NaN,20,20,57.7351,378.4322,4
NaN,20,20,57.4383,378.6729,4
NaN,20,20,57.6301,378.2985,4
NaN,20,20,58.0945,378.5592,4
NaN,20,20,58.0783,379.4719,4
NaN,20,20,57.8911,379.2766,4
NaN,20,20,58.7675,379.9372,4
NaN,20,20,58.5319,380.2312,4
NaN,20,20,58.2832,380.5187,4
NaN,20,20,58.389,380.7726,4
NaN,20,20,57.9995,380.7074,4
NaN,20,20,57.7258,380.8076,4
NaN,20,20,57.4273,380.8052,4
NaN,20,20,57.7237,381.2001,4
NaN,20,20,57.8026,380.5463,4
NaN,20,20,57.384,380.2719,4
NaN,20,20,57.7242,380.1106,4
NaN,20,20,57.5352,380.2482,4
NaN,20,20,57.7678,380.5112,4
NaN,20,20,57.669,380.2608,4
NaN,20,20,57.6125,380.3936,4
NaN,20,20,57.8507,380.5927,4
NaN,20,20,58.8369,381.3225,4
NaN,20,20,59.1601,381.1469,4
NaN,20,20,59.5322,381.0583,4
NaN,20,20,59.1544,381.506,4
NaN,20,20,58.4064,381.8083,4
NaN,20,20,58.3383,382.7321,4
NaN,20,20,58.5305,382.8047,4
NaN,20,20,59.1165,382.8526,4
NaN,20,20,59.5931,382.6114,4
NaN,20,20,59.384,382.5588,4
NaN,20,20,59.8044,382.8232,4
NaN,20,20,60.355,382.81,4
NaN,20,20,60.2763,383.1144,4
NaN,20,20,60.7544,383.0231,4
NaN,20,20,60.3275,383.4905,4
NaN,20,20,59.921,383.436,4
NaN,20,20,60.612,383.7275,4
NaN,20,20,61.3818,383.7002,4
NaN,20,20,61.3265,383.2595,4
NaN,20,20,60.8051,383.8342,4
NaN,20,20,60.1726,384.3438,4
NaN,20,20,60.309,384.3162,4
NaN,20,20,59.7314,385.0819,4
NaN,20,20,60.2143,384.994,4
NaN,20,20,59.8047,384.5688,4
NaN,20,20,59.9812,384.6481,4
NaN,20,20,60.4456,384.4813,4
NaN,20,20,59.9807,384.9822,4
NaN,20,20,60.3888,385.4813,4
NaN,20,20,60.6534,385.5995,4
NaN,20,20,60.5814,385.4658,4
NaN,20,20,59.88,385.276,4
NaN,20,20,59.9139,385.3995,4
NaN,20,20,60.2408,385.6338,4
NaN,20,20,60.7917,385.8022,4
NaN,20,20,60.2782,385.9446,4
NaN,20,20,60.2331,385.5626,4
NaN,20,20,60.3653,385.7903,4
NaN,20,20,60.8514,386.075,4
NaN,20,20,60.7309,385.9615,4
NaN,20,20,60.5187,386.0332,4
NaN,20,20,60.4949,386.2296,4
NaN,20,20,60.2738,386.9949,4
NaN,20,20,60.594,386.9872,4
NaN,20,20,60.8832,386.7949,4
NaN,20,20,60.3512,387.1341,4
NaN,20,20,59.3773,387.5051,4
NaN,20,20,59.7761,387.6872,4
NaN,20,20,60.4438,387.5373,4
NaN,20,20,61.583,387.8583,4
NaN,20,20,62.0674,387.9011,4
NaN,20,20,61.6995,388.3493,4
NaN,20,20,61.7754,388.936,4
NaN,20,20,61.3559,389.5233,4
NaN,20,20,60.4705,389.3754,4
NaN,20,20,60.4881,389.3719,4
NaN,20,20,59.9583,389.4344,4
NaN,20,20,59.6107,389.2206,4
NaN,20,19,60.0195,390.0438,4
NaN,20,20,59.6379,390.5384,4
NaN,20,20,59.6557,390.2661,4
NaN,20,19,59.2005,390.3058,4
NaN,20,19,59.2683,390.452,4
NaN,21,20,59.4538,390.6389,4
NaN,20,19,59.4151,390.6504,4
NaN,20,19,59.6158,391.147,4
NaN,20,19,58.7581,391.9389,4
NaN,20,19,58.5833,392.714,4
NaN,20,19,57.9793,393.0108,4
NaN,21,20,58.0487,392.7432,4
NaN,21,21,58.13,393.3404,4
NaN,20,20,58.515,393.0168,4
NaN,20,20,58.265,393.406,4
NaN,20,19,58.0532,393.2915,4
NaN,20,20,57.5697,393.3146,4
NaN,20,20,57.4368,393.322,4
NaN,20,19,57.9961,393.0453,4
NaN,20,20,57.98,392.5211,4
NaN,20,19,59.0853,392.9038,4
NaN,20,20,59.1409,392.8549,4
NaN,20,19,59.1975,393.1877,4
NaN,20,20,58.5549,393.5956,4
NaN,20,19,58.7203,393.5138,4
NaN,20,19,58.792,393.8091,4
NaN,20,20,59.2873,394.2466,4
NaN,20,20,59.8305,394.2808,4
NaN,20,19,60.1859,394.6183,4
NaN,20,19,59.7344,394.1635,4
NaN,20,19,60.2374,393.6054,4
NaN,20,20,60.4224,393.978,4
NaN,20,20,60.4724,394.5052,4
NaN,20,20,60.4732,394.4999,4
NaN,20,19,60.6718,394.7425,4
NaN,20,19,61.5388,394.8413,4
NaN,20,20,62.0978,394.798,4
NaN,20,20,62.2979,394.6311,4
NaN,20,20,62.0172,394.8854,4
NaN,20,19,62.2026,394.8965,4
NaN,20,20,62.5915,394.7273,4
NaN,20,20,62.3721,394.7859,4
NaN,20,20,62.747,394.6367,4
NaN,20,20,63.3769,395.6595,4
NaN,20,20,63.6377,395.661,4
NaN,20,20,64.0849,395.4276,4
NaN,20,20,64.7088,395.31,4
NaN,20,19,64.2979,395.0807,4
NaN,20,20,64.02079999999999,395.0478,4
NaN,20,20,64.75920000000001,395.9352,4
NaN,20,20,65.3295,397.2523,2
NaN,20,20,64.9725,399.1589,2
NaN,20,20,64.3202,403.0861,2
NaN,20,20,64.09829999999999,407.7644,2
NaN,20,19,63.463,412.3596,2
NaN,20,20,62.4159,414.444,2
NaN,20,19,62.5083,415.8192,2
NaN,20,19,62.0665,415.6733,4
NaN,20,19,63.075,414.6235,4
NaN,20,19,63.808,413.4053,4
NaN,20,20,63.8154,412.9168,4
NaN,20,19,64.9267,413.0296,4
NaN,20,20,65.3212,413.4091,4
NaN,20,20,65.6323,413.49,4
NaN,20,20,65.61069999999999,413.5982,4
NaN,20,20,65.2312,413.6371,4
NaN,20,20,64.6221,413.7938,4
NaN,20,20,64.54940000000001,414.1759,4
NaN,20,20,65.1574,413.9106,4
NaN,20,20,66.05289999999999,413.8815,4
NaN,20,20,66.9611,413.8099,4
NaN,20,20,66.1198,414.471,4
NaN,20,20,65.90179999999999,414.764,4
NaN,21,20,66.32859999999999,415.2553,4
NaN,20,20,65.76179999999999,416.0954,4
NaN,20,20,65.3539,416.9346,4
NaN,20,20,65.4088,417.634,4
NaN,20,20,65.48350000000001,418.3825,4
NaN,20,20,65.2032,418.5562,4
NaN,20,20,64.946,418.3782,4
NaN,20,20,65.2146,418.4158,4
NaN,21,20,65.3946,418.7606,4
NaN,21,20,65.8909,418.9385,4
NaN,20,20,65.6729,419.2698,4
NaN,21,20,65.2332,419.3312,4
NaN,20,20,65.26990000000001,419.3189,4
NaN,21,20,65.206,420.2331,4
NaN,21,20,64.69199999999999,420.8256,4
NaN,21,20,64.4074,421.2909,4
NaN,21,20,64.2242,421.7682,4
NaN,21,20,64.2101,421.7238,4
NaN,21,20,64.5919,422.0809,4
NaN,21,20,65.5967,422.4031,4
NaN,21,20,66.2495,422.3226,4
NaN,21,20,66.4255,422.955,4
NaN,21,20,67.21040000000001,423.0572,4
NaN,21,20,67.5732,424.1561,4
NaN,21,20,67.1014,424.6321,4
NaN,21,20,67.6138,425.0675,4
NaN,21,20,66.8052,425.6599,4
NaN,20,20,67.012,425.5132,4
NaN,21,20,67.5977,425.8775,4
NaN,21,20,66.94280000000001,426.1279,4
NaN,21,20,67.2612,425.8638,4
NaN,21,20,67.06100000000001,426.6213,4
NaN,21,20,66.7209,426.7984,4
NaN,20,20,66.4038,426.3415,4
NaN,21,20,66.5908,426.3652,4
NaN,20,20,67.12909999999999,426.0643,4
NaN,21,20,66.48779999999999,426.0266,4
NaN,20,20,67.3738,425.8048,4
NaN,21,20,67.1109,425.5865,4
NaN,20,20,66.92919999999999,425.1994,4
NaN,20,20,67.4067,425.5143,4
NaN,21,20,67.5737,425.5083,4
NaN,21,20,68.34350000000001,425.3999,4
NaN,20,20,68.267,425.1474,4
NaN,21,20,68.9545,424.6691,4
NaN,21,20,68.7865,424.7908,4
NaN,21,20,68.3449,424.9625,4
NaN,21,20,67.7445,425.0781,4
NaN,21,20,67.14619999999999,425.0071,4
NaN,20,20,66.289,425.1508,4
NaN,20,20,66.7246,424.9138,4
NaN,21,20,67.126,424.9827,4
NaN,21,20,66.9796,424.8929,4
NaN,21,20,66.84529999999999,424.6945,4
NaN,20,20,67.0611,424.6909,4
NaN,20,20,67.2784,424.0174,4
NaN,20,20,67.645,424.2165,4
NaN,21,20,67.6045,424.4255,4
NaN,21,20,67.39190000000001,424.854,4
NaN,20,20,67.6264,425.444,4
NaN,20,20,69.07940000000001,425.4417,4
NaN,20,20,69.8188,426.0174,4
NaN,21,20,70.2818,426.4316,4
NaN,21,20,70.1998,426.7943,4
NaN,20,20,69.66379999999999,427.0159,4
NaN,21,20,70.17010000000001,426.7783,4
NaN,20,20,70.67100000000001,426.6965,4
NaN,20,20,70.4109,426.5312,4
NaN,20,20,70.5307,427.0989,4
NaN,20,20,71.4691,427.3425,4
NaN,20,20,71.8629,427.8706,4
NaN,20,20,73.0821,427.6766,4
NaN,20,20,73.1734,427.4676,4
NaN,20,20,72.85769999999999,427.5909,4
NaN,20,19,72.5866,427.4095,4
NaN,21,19,72.4385,427.797,4
NaN,20,19,71.6122,427.9118,4
NaN,20,20,71.4492,428.27,4
NaN,20,19,70.6855,428.0029,4
NaN,21,20,70.2216,427.6408,4
NaN,20,19,69.2611,427.631,4
NaN,20,19,68.9045,428.0112,4
NaN,20,19,69.0728,428.5294,4
NaN,20,20,69.39879999999999,428.5401,4
NaN,20,19,69.825,428.8733,4
NaN,21,20,68.7355,429.3259,4
NaN,20,20,68.24850000000001,429.919,4
NaN,20,21,67.2316,430.0005,4
NaN,21,20,67.27589999999999,430.3705,4
NaN,20,20,67.39660000000001,430.9246,4
NaN,21,19,67.8242,431.5804,4
NaN,21,19,67.6163,431.708,4
NaN,21,21,67.03740000000001,431.8541,4
NaN,21,19,67.119,431.9388,4
NaN,21,20,67.2209,432.2845,4
NaN,21,20,67.0583,432.5083,4
NaN,21,20,66.76439999999999,432.6748,4
NaN,21,20,66.6628,433.5925,4
NaN,21,20,67.2176,434.6308,4
NaN,21,20,66.6305,435.4566,4
NaN,20,20,66.47790000000001,436.4417,4
NaN,21,20,66.892,436.4248,4
NaN,20,20,67.1711,436.6114,4
NaN,20,20,67.25839999999999,437.2403,4
NaN,20,20,67.1628,437.1922,4
NaN,20,20,66.2028,437.1697,4
NaN,21,20,66.2838,437.1783,4
NaN,20,20,66.205,436.9534,4
NaN,20,20,65.79689999999999,437.2651,4
NaN,20,20,65.8625,437.9724,4
NaN,20,20,65.6546,438.6262,4
NaN,20,20,65.5615,438.012,4
NaN,20,20,65.6709,438.5048,4
NaN,20,20,65.1773,438.7276,4
NaN,20,20,65.54510000000001,438.6327,4
NaN,20,20,65.8742,439.0491,4
NaN,20,20,64.5955,439.0007,4
NaN,20,20,64.3368,439.3478,4
NaN,20,20,64.6185,439.7769,4
NaN,20,20,65.16540000000001,439.8971,4
NaN,20,20,65.6919,439.6982,4
NaN,20,20,66.06570000000001,439.6395,4
NaN,20,20,65.40860000000001,440.1701,4
NaN,20,20,64.2662,439.6105,4
NaN,20,20,63.8194,439.5337,4
NaN,20,20,63.7129,439.8026,4
NaN,20,20,64.03100000000001,440.1082,4
NaN,20,20,64.6849,441.1072,2
NaN,21,20,65.8265,442.5078,2
NaN,21,20,68.2182,445.297,2
NaN,21,20,70.809,449.0477,2
NaN,21,20,72.77419999999999,455.0383,2
NaN,21,20,75.3004,458.6204,2
NaN,21,20,76.2064,462.1297,2
NaN,20,20,76.589,464.7703,2
NaN,20,20,76.97790000000001,467.8442,2
NaN,20,20,76.4675,469.619,2
NaN,20,20,75.95959999999999,471.8853,2
NaN,21,20,75.5047,473.2443,2
NaN,20,20,75.98099999999999,473.4749,4
NaN,20,20,76.2559,473.6965,4
NaN,20,20,76.7105,473.6614,4
NaN,20,20,76.7287,473.9851,4
NaN,20,20,77.52809999999999,474.1048,4
NaN,20,20,78.6729,474.2483,4
NaN,20,20,79.3981,474.5262,4
NaN,20,20,80.05889999999999,474.4719,4
NaN,20,20,80.7615,474.5789,4
NaN,20,20,80.60420000000001,474.6194,4
NaN,20,20,81.134,474.4875,4
NaN,20,20,81.1032,474.4755,4
NaN,20,20,81.1962,475.4394,4
NaN,20,20,81.58150000000001,475.4599,4
NaN,20,20,81.2223,475.2853,4
NaN,20,20,81.2615,475.5081,4
NaN,20,20,81.56570000000001,475.1177,4
NaN,20,20,81.5074,475.8409,4
NaN,20,20,81.7765,476.1523,4
NaN,20,20,81.5663,476.4671,4
NaN,20,20,81.3814,476.8539,4
NaN,20,20,82.30459999999999,476.7302,4
NaN,20,20,82.25109999999999,476.9247,4
NaN,20,20,82.1476,477.3122,4
NaN,20,20,81.59310000000001,477.3865,4
NaN,20,21,81.6519,477.8823,4
NaN,20,20,82.0163,478.2978,4
NaN,20,20,82.5201,478.4917,4
NaN,20,19,83.0333,478.7028,4
NaN,20,20,83.0382,478.5709,4
NaN,20,20,82.69289999999999,478.7154,4
NaN,20,19,82.2804,478.8955,4
NaN,20,20,81.93980000000001,479.1818,4
NaN,20,20,81.7637,479.728,4
NaN,20,20,82.2402,480.1189,4
NaN,20,19,82.6564,480.3102,4
NaN,20,19,82.4224,481.0887,4
NaN,20,20,82.4029,481.2446,4
NaN,20,20,81.8837,482.0046,4
NaN,20,19,81.64109999999999,481.7987,4
NaN,20,19,81.751,482.6662,4
NaN,20,20,82.3432,482.8816,4
NaN,20,20,82.8466,483.1064,4
NaN,20,20,82.9496,483.521,4
NaN,20,20,83.08710000000001,483.887,4
NaN,20,19,83.0013,484.547,4
NaN,20,19,82.45659999999999,485.022,4
NaN,20,20,82.15349999999999,485.7512,4
NaN,20,19,82.54819999999999,486.1517,4
NaN,20,19,82.8605,486.5758,4
NaN,20,19,84.4121,487.0192,4
NaN,20,19,84.6387,487.7472,4
NaN,20,20,84.642,488.6405,4
NaN,20,19,83.5939,488.9698,4
NaN,20,19,83.5594,489.687,4
NaN,20,20,83.3051,490.3784,4
NaN,20,20,83.483,491.1969,4
NaN,20,19,83.9953,491.5407,4
NaN,20,19,84.2229,491.2098,4
NaN,20,19,83.7379,491.8138,4
NaN,20,19,83.4336,492.1041,4
NaN,20,20,83.4597,491.9323,4
NaN,20,20,83.66589999999999,492.2419,4
NaN,20,20,83.6015,493.0409,4
NaN,21,20,82.9803,493.2136,4
NaN,20,19,81.67059999999999,493.1574,4
NaN,20,19,81.8186,493.2247,4
NaN,20,20,81.75709999999999,493.3821,4
NaN,20,20,81.96080000000001,494.3765,4
NaN,20,20,82.6422,494.6685,4
NaN,20,19,83.1275,494.7855,4
NaN,20,19,83.0402,494.7164,4
NaN,20,20,81.8353,494.3068,4
NaN,20,20,81.2525,494.6366,4
NaN,20,20,80.9746,494.3729,4
NaN,20,20,81.417,494.7712,4
NaN,20,20,82.20269999999999,494.6925,4
NaN,20,20,82.5885,495.0997,4
NaN,20,20,82.0273,495.1346,4
NaN,20,20,81.7667,495.531,4
NaN,20,20,81.46980000000001,495.3179,4
NaN,20,20,82.13330000000001,495.2839,4
NaN,20,20,81.59780000000001,495.5192,4
NaN,20,20,81.27719999999999,495.5404,4
NaN,20,20,80.5141,495.3375,4
NaN,20,20,80.4355,494.9193,4
NaN,20,20,80.49550000000001,495.4638,4
NaN,20,20,80.3673,495.6811,4
NaN,20,20,80.09699999999999,495.3859,4
NaN,20,20,80.8545,495.0988,4
NaN,20,20,81.1083,494.6966,4
NaN,20,20,79.715,494.1518,4
NaN,20,20,79.5367,493.495,4
NaN,20,20,78.88500000000001,493.3981,4
NaN,20,20,79.4686,493.8771,4
NaN,20,20,80.44199999999999,494.0612,4
NaN,20,20,80.1704,493.5545,4
NaN,20,20,79.7616,493.2198,4
NaN,20,20,79.88720000000001,493.3102,4
NaN,20,20,80.79219999999999,493.2179,4
NaN,20,20,80.8095,492.9863,4
NaN,20,20,80.6797,492.7446,4
NaN,20,20,80.2259,492.9298,4
NaN,20,20,80.1721,492.8895,4
NaN,20,20,80.55159999999999,493.2643,4
NaN,20,20,80.5698,492.9306,4
NaN,20,20,79.5835,492.5453,4
NaN,20,20,79.7093,492.41,4
NaN,20,20,80.6285,492.3425,4
NaN,20,20,80.1326,492.0645,4
NaN,20,20,80.5329,492.0335,4
NaN,20,20,80.57470000000001,492.2024,4
NaN,20,20,80.0342,492.0413,4
NaN,20,20,80.7127,491.9448,4
NaN,20,20,80.6679,491.712,4
NaN,20,20,80.7,491.805,4
NaN,20,20,80.8116,492.3954,4
NaN,20,20,80.2052,492.7468,4
NaN,20,20,80.369,492.8507,4
NaN,20,20,80.19499999999999,492.7321,4
NaN,20,20,80.6657,492.588,4
NaN,20,20,81.91670000000001,492.3936,4
NaN,20,20,81.04349999999999,491.7953,4
NaN,20,20,81.01220000000001,491.4048,4
NaN,20,20,80.86409999999999,490.9422,4
NaN,19,20,80.4941,490.8399,4
NaN,20,20,81.09820000000001,490.5575,4
NaN,20,20,81.545,490.63,4
NaN,20,20,81.76900000000001,491.0062,4
NaN,20,20,82.1096,491.124,4
NaN,20,20,82.7106,490.7852,4
NaN,20,20,83.10039999999999,490.5348,4
NaN,19,20,83.2431,490.0706,4
NaN,19,20,83.0791,489.2176,4
NaN,20,20,83.13509999999999,489.2349,4
NaN,19,20,82.37139999999999,488.9248,4
NaN,19,20,81.35769999999999,488.7851,4
NaN,19,19,81.36750000000001,489.0768,4
NaN,19,19,80.1943,489.8419,2
NaN,20,19,78.96639999999999,491.9026,2
NaN,20,19,76.32129999999999,496.6165,2
NaN,20,20,72.27930000000001,502.7216,2
NaN,20,20,69.13420000000001,507.8037,2
NaN,20,20,66.3091,513.6159,2
NaN,20,20,65.05,517.293,2
NaN,20,20,64.8471,520.5279,2
NaN,20,20,65.67700000000001,523.0845,2
NaN,20,20,67.37730000000001,524.6032,2
NaN,20,20,68.4487,526.9031,2
NaN,20,20,69.185,527.9065000000001,2
NaN,20,20,69.5598,527.9848,4
NaN,20,20,69.30029999999999,527.9067,4
NaN,20,20,69.1808,527.2786,4
NaN,20,20,68.6825,526.6818,4
NaN,20,20,68.73480000000001,526.0248,4
NaN,20,20,68.67140000000001,526.4322,4
NaN,20,20,68.6285,527.015,4
NaN,20,20,69.0985,527.4652,4
NaN,20,20,69.9879,528.3244,4
NaN,20,20,69.7372,529.0703999999999,4
NaN,20,20,70.1401,529.8447,4
NaN,20,20,70.3177,530.4173,4
NaN,20,20,70.476,531.0641000000001,4
NaN,20,20,70.6195,531.0717,4
NaN,20,20,70.5254,531.2198,4
NaN,20,20,70.4393,530.9397,4
NaN,20,20,69.82389999999999,531.0557,4
NaN,20,19,69.46429999999999,531.3258,4
NaN,20,19,69.479,531.9823,4
NaN,20,20,69.0158,532.232,4
NaN,20,19,69.3683,532.6569,4
NaN,20,19,69.9217,532.8407999999999,4
NaN,20,19,70.7059,533.1631,4
NaN,20,19,71.10590000000001,534.2915,4
NaN,20,19,71.4538,534.4437,4
NaN,20,19,71.5117,534.2742,4
NaN,20,20,71.5316,534.4978,4
NaN,20,19,72.12050000000001,534.3347,4
NaN,20,19,71.5521,535.1536,4
NaN,20,20,71.2099,535.9962,4
NaN,20,19,71.0505,535.8805,4
NaN,20,19,71.1011,535.8613,4
NaN,20,20,70.50060000000001,536.3013,4
NaN,20,19,69.5352,536.232,4
NaN,20,20,69.48699999999999,536.2695,4
NaN,20,19,70.0458,536.7189,4
NaN,20,20,70.8745,536.6988,4
NaN,20,19,70.9139,536.6164,4
NaN,20,19,70.03570000000001,537.1502,4
NaN,20,19,69.7465,537.5291,4
NaN,20,20,68.7441,537.7119,4
NaN,20,19,68.8814,538.0132,4
NaN,20,19,68.52679999999999,537.759,4
NaN,20,19,69.4045,538.1327,4
NaN,20,20,68.8896,538.4307,4
NaN,20,20,68.92059999999999,538.246,4
NaN,20,19,68.78060000000001,538.5427,4
NaN,20,20,68.74379999999999,538.653,4
NaN,20,19,68.85290000000001,539.2544,4
NaN,20,20,68.1927,539.4831,4
NaN,20,19,67.87569999999999,539.6301999999999,4
NaN,20,20,68.0163,539.5116,4
NaN,20,19,68.47190000000001,539.4788,4
NaN,20,19,68.6382,539.6369,4
NaN,20,19,69.16,539.5925,4
NaN,20,19,68.3952,540.3478,4
NaN,20,19,68.2967,540.9962,4
NaN,20,19,68.52,541.5841,4
NaN,20,20,68.3516,542.3484999999999,4
NaN,20,20,68.2533,542.5342000000001,4
NaN,20,19,67.7328,542.5539,4
NaN,20,20,67.07340000000001,542.7907,4
NaN,20,20,67.0628,542.7667,4
NaN,20,20,66.86360000000001,543.4569,4
NaN,20,20,66.7405,543.8713,4
NaN,20,20,67.1537,544.2933,4
NaN,20,20,66.3704,544.6739,4
NaN,20,20,66.2128,545.7756000000001,4
NaN,20,20,66.8646,545.4675999999999,4
NaN,20,20,67.2623,545.723,4
NaN,20,20,67.373,546.3582,4
NaN,20,20,67.3672,546.6598,4
NaN,20,20,67.1592,547.0515,4
NaN,20,21,67.08750000000001,546.9741,4
NaN,20,20,67.3172,547.2278,4
NaN,20,20,66.7871,548.0634,4
NaN,20,20,66.78749999999999,548.6177,4
NaN,20,20,66.0775,549.0595,4
NaN,20,20,65.845,549.2186,4
NaN,20,20,66.6999,549.3261,4
NaN,20,20,66.7731,549.7633,4
NaN,20,20,67.0279,549.9619,4
NaN,20,20,66.88079999999999,550.1387,4
NaN,20,20,66.9105,550.211,4
NaN,20,20,67.6587,550.5209,4
NaN,20,20,68.32640000000001,550.4202,4
