NaN,19,17,809.5808,31.9125,4
NaN,19,17,809.2269,32.3705,4
NaN,19,16,809.6081,33.2183,4
NaN,19,18,809.3832,34.5953,4
NaN,19,18,808.428,36.3464,4
NaN,19,16,808.4969,36.1827,4
NaN,19,17,807.2485,36.4236,4
NaN,19,16,806.826,37.1535,4
NaN,19,17,807.7192,36.233,4
NaN,19,17,807.5263,37.4862,4
NaN,19,16,807.1602,37.7173,4
NaN,19,16,806.3552,37.2641,4
NaN,19,17,806.038,37.5749,4
NaN,19,16,806.5816,38.0168,4
NaN,19,16,806.1364,39.45,4
NaN,19,16,806.3394,40.0443,4
NaN,19,17,805.2794,40.1223,4
NaN,19,17,805.2522,40.3129,4
NaN,19,17,805.0717,41.0842,4
NaN,19,16,804.6674,41.1966,4
NaN,19,17,804.148,43.5721,4
NaN,19,16,804.1349,43.2042,4
NaN,19,16,804.2539,43.8426,4
NaN,19,16,803.5297,43.7333,4
NaN,19,17,803.3308,43.6991,4
NaN,19,17,803.7433,44.1532,4
NaN,19,16,803.3792999999999,43.7211,4
NaN,19,16,804.4533,44.4107,4
NaN,19,16,804.6066,44.9585,4
NaN,19,16,803.9091,45.2344,4
NaN,19,16,803.1557,45.3167,4
NaN,19,17,801.3708,45.6116,4
NaN,19,18,800.1776,46.1716,4
NaN,19,17,799.8937,46.587,4
NaN,19,16,800.2858,45.6563,4
NaN,19,16,799.6173,45.2436,4
NaN,19,16,799.9146,44.4044,4
NaN,19,17,799.0552,44.6814,4
NaN,19,17,798.7866,45.2122,4
NaN,19,17,799.2529,46.699,4
NaN,19,16,799.2074,46.9134,4
NaN,19,16,799.7637999999999,46.993,4
NaN,19,16,799.3775000000001,47.1594,4
NaN,19,17,798.801,46.7914,4
NaN,19,16,798.2527,46.4361,4
NaN,19,17,798.8378,46.8741,4
NaN,19,16,798.7266,47.6949,4
NaN,19,16,798.0967000000001,48.0191,4
NaN,19,17,797.9829,48.1267,4
NaN,19,16,797.6342,48.7718,4
NaN,19,17,796.8446,48.5685,4
NaN,19,16,796.8090999999999,48.701,4
NaN,19,17,797.0982,48.912,4
NaN,19,16,796.5841,48.9521,4
NaN,19,16,796.5717,48.1648,4
NaN,19,16,796.0582000000001,47.3178,4
NaN,19,16,795.6708,46.7666,4
NaN,19,17,795.904,46.2651,4
NaN,19,17,795.7157,46.0919,4
NaN,19,16,795.8387,46.9967,4
NaN,19,16,796.2381,47.2302,4
NaN,19,17,795.8388,46.7245,4
NaN,19,16,795.0957,46.065,4
NaN,19,16,795.0271,45.9748,4
NaN,19,18,794.9851,45.4001,4
NaN,19,18,794.5925999999999,45.8197,4
NaN,19,16,794.1261,46.071,4
NaN,19,17,794.8119,46.2849,4
NaN,19,16,792.961,47.0552,4
NaN,19,16,793.2501999999999,47.8852,4
NaN,19,17,793.1223,47.3725,4
NaN,19,16,793.0291999999999,46.9013,4
NaN,19,16,794.3826,46.2445,4
NaN,19,16,793.9683,46.4668,4
NaN,19,16,793.4176,47.6303,4
NaN,19,16,793.4274,48.4578,4
NaN,19,17,793.1436,49.5011,4
NaN,19,17,793.3157,49.7141,4
NaN,19,16,793.5314,48.7517,4
NaN,19,16,793.4848,49.35,4
NaN,19,17,794.0693,49.2826,4
NaN,19,16,794.5293,49.7675,4
NaN,19,16,794.1256,49.5263,4
NaN,19,18,794.0471,49.3018,4
NaN,19,17,793.0436,50.9924,4
NaN,19,17,793.08,52.4206,4
NaN,19,16,792.8555,53.1403,4
NaN,19,17,793.1306,53.4456,4
NaN,19,16,794.0626999999999,54.0841,4
NaN,19,17,794.7029,54.9883,4
NaN,19,17,795.0665,56.7278,4
NaN,19,17,794.5133,57.4294,4
NaN,19,17,794.8365,57.6085,4
NaN,19,17,795.0368999999999,57.5462,4
NaN,19,17,795.4468000000001,58.7028,4
NaN,19,17,796.3493,58.589,4
NaN,19,17,797.3452,60.7342,4
NaN,19,17,797.9775,62.3987,4
NaN,19,17,797.1996,64.0796,4
NaN,19,17,796.5487000000001,67.0316,4
NaN,19,17,795.4412,67.467,4
NaN,19,17,795.5513999999999,67.52670000000001,4
NaN,19,17,795.0897,68.0416,4
NaN,19,17,795.0632000000001,67.672,4
NaN,19,17,795.952,68.28270000000001,4
NaN,19,17,795.7736,69.3284,4
NaN,19,17,795.5077,69.25449999999999,4
NaN,19,17,795.7599,70.0954,4
NaN,19,17,795.506,71.7804,4
NaN,19,17,795.6473,72.842,4
NaN,19,17,795.4398,72.3411,4
NaN,19,17,795.5652,72.24639999999999,4
NaN,19,17,795.1079,73.56489999999999,4
NaN,19,17,795.0589,73.9649,4
NaN,19,17,795.0777,75.2214,4
NaN,19,17,795.6933,76.1435,4
NaN,19,17,795.8499,75.4773,4
NaN,19,17,795.6026000000001,75.5224,4
NaN,19,17,795.8019,76.62430000000001,4
NaN,19,17,794.6273,78.303,4
NaN,19,17,795.9014,77.7127,4
NaN,19,17,796.0364,78.1168,4
NaN,19,17,795.9516,78.13290000000001,4
NaN,19,17,795.8318,77.4191,4
NaN,19,17,794.5386999999999,78.6302,4
NaN,19,17,794.0547,77.639,4
NaN,19,17,794.3723,75.8038,4
NaN,19,17,795.0316,74.9216,4
NaN,19,17,793.6,74.7722,4
NaN,19,17,792.6894,74.6666,4
NaN,19,17,792.4943,74.3117,4
NaN,19,17,792.5067,72.0402,4
NaN,19,17,792.1671,70.67919999999999,4
NaN,19,17,791.4607,69.5904,4
NaN,19,17,790.2523,69.0585,4
NaN,19,17,789.425,68.5231,4
NaN,19,17,789.5641000000001,67.64100000000001,4
NaN,19,18,789.5312,66.3019,4
NaN,19,18,789.2406999999999,66.22020000000001,4
NaN,19,18,789.3287,66.8206,4
NaN,19,17,790.3871,68.24720000000001,4
NaN,19,17,790.0599,67.6658,4
NaN,19,18,790.237,67.6812,4
NaN,19,17,789.8068,66.80200000000001,4
NaN,19,16,789.6547,67.6713,4
NaN,19,17,790.4733,67.9248,4
NaN,19,17,790.1077,69.09220000000001,4
NaN,19,16,789.5157,70.6848,4
NaN,19,17,789.0881000000001,70.85469999999999,4
NaN,19,17,788.4088,70.86490000000001,4
NaN,19,17,788.5478000000001,69.47329999999999,4
NaN,19,17,788.9626,68.6746,4
NaN,19,17,789.1214,68.8969,4
NaN,19,17,789.4811,70.2824,4
NaN,19,17,789.5432,70.30029999999999,4
NaN,19,17,789.0212,72.6148,4
NaN,19,17,788.6751,74.2745,4
NaN,19,17,788.6242,75.8404,4
NaN,19,17,789.1546,76.6587,4
NaN,19,17,790.0462,77.6883,4
NaN,19,17,790.7749,78.5645,4
NaN,19,17,790.5607,78.20350000000001,4
NaN,19,17,789.419,78.75660000000001,4
NaN,19,17,789.2899,79.74039999999999,4
NaN,19,17,789.2478,81.6825,4
NaN,19,17,788.7835,84.2204,4
NaN,19,17,788.8796,83.569,4
NaN,19,17,790.1896,82.8561,4
NaN,19,17,790.2385,83.1679,4
NaN,19,17,790.1852,83.13,4
NaN,19,17,788.8788,84.2624,4
NaN,19,17,787.4156,84.8005,4
NaN,19,17,786.6467,83.9579,4
NaN,19,17,786.7344000000001,85.1391,4
NaN,19,17,787.7722,85.1563,4
NaN,19,17,788.0652,84.94710000000001,4
NaN,19,17,788.2067,85.3292,4
NaN,19,17,787.6031,86.3781,4
NaN,19,17,787.1088,87.6641,4
NaN,19,17,788.2617,90.0502,4
NaN,19,17,788.3031,91.167,4
NaN,19,18,789.0486,92.5891,4
NaN,19,17,789.2234,92.6198,4
NaN,19,17,789.1758,92.958,4
NaN,19,17,789.4034,92.3081,4
NaN,19,17,789.1482999999999,92.89919999999999,4
NaN,19,17,789.7560999999999,92.0397,4
NaN,19,17,789.5776,92.1413,4
NaN,19,17,788.3756,92.9268,4
NaN,19,17,788.5187,93.4825,4
NaN,19,17,787.8397,92.6382,4
NaN,19,17,788.3909,92.7081,4
NaN,19,18,789.077,91.2722,4
NaN,19,17,788.5898,93.20140000000001,4
NaN,19,17,789.3668,93.04519999999999,4
NaN,19,17,789.2182,92.9012,4
NaN,19,17,789.0798,93.15600000000001,4
NaN,19,17,789.7302,91.4966,4
NaN,19,17,789.727,91.79049999999999,4
NaN,19,18,790.1168,93.17619999999999,4
NaN,19,18,789.547,92.5155,4
NaN,19,17,788.9336,92.197,4
NaN,19,18,787.2975,92.38979999999999,4
NaN,20,18,787.602,93.5093,4
NaN,19,17,787.1021,94.70650000000001,4
NaN,20,18,787.2125,96.1662,4
NaN,20,18,787.4775,96.6266,4
NaN,20,17,788.1973,96.5603,4
NaN,20,17,789.4973,96.3867,4
NaN,20,17,789.3764,95.7697,4
NaN,20,18,789.6842,97.3477,4
NaN,19,18,790.2544,98.1712,4
NaN,20,18,791.0434,99.1558,4
NaN,20,18,791.7849,99.73180000000001,4
NaN,20,18,791.5511,98.7808,4
NaN,20,18,791.3285,98.78789999999999,4
NaN,20,18,791.5756,98.8022,4
NaN,20,18,792.5915,102.1825,2
NaN,20,18,796.9848,103.7968,2
NaN,19,17,818.9107,105.2613,2
NaN,20,17,831.6156999999999,105.592,2
NaN,20,17,837.9929,105.3701,2
NaN,19,17,848.8203,104.9383,2
NaN,19,17,853.0356,104.6023,2
NaN,19,17,853.4973,105.5568,2
NaN,19,17,848.9400000000001,107.5152,3
NaN,20,17,831.4125,109.9908,3
NaN,20,18,822.4737,111.1282,3
NaN,20,18,814.9236,115.7111,3
NaN,20,18,811.9952,115.6089,3
NaN,20,18,810.3273,115.4777,3
NaN,20,17,810.673,114.9896,3
NaN,20,17,813.6501,112.278,3
NaN,20,18,817.0747,111.0715,3
NaN,20,18,819.7877,111.9654,3
NaN,20,17,822.2369,112.635,3
NaN,20,18,823.1855,114.2938,4
NaN,20,18,823.6627,115.576,4
NaN,20,18,824.6468,116.5459,4
NaN,20,18,824.1856,118.3943,4
NaN,20,18,825.2448000000001,120.6313,4
NaN,20,18,825.4624,122.0365,4
NaN,20,18,824.8773,122.5958,4
NaN,20,18,825.1902,123.1168,4
NaN,20,18,824.2177,124.0447,4
NaN,20,18,823.7514,125.5726,4
NaN,20,18,824.7479,127.679,4
NaN,20,18,824.0185,128.4369,4
NaN,20,18,824.8301,128.2625,4
NaN,20,18,824.5799,128.2301,4
NaN,20,18,824.0993999999999,129.0066,4
NaN,20,18,825.0904,130.2593,4
NaN,20,18,823.5891,131.5304,4
NaN,20,18,823.1711,131.7915,4
NaN,20,18,823.2967,132.6597,4
NaN,20,18,823.2721,132.7757,4
NaN,20,17,823.1607,133.5787,4
NaN,20,18,823.2906,133.6179,4
NaN,20,17,823.4337,136.0283,4
NaN,20,18,823.7325,135.2044,4
NaN,20,17,822.7192,136.4244,4
NaN,20,17,822.1832000000001,137.227,4
NaN,20,18,821.8765,138.7646,4
NaN,20,17,822.0141,139.2738,4
NaN,20,17,821.8863,142.0729,4
NaN,20,17,821.1273,142.8634,4
NaN,20,18,820.0898999999999,143.4747,4
NaN,20,17,820.2882,143.5578,4
NaN,20,17,820.0957,142.4464,4
NaN,20,17,819.922,142.363,4
NaN,20,18,820.8199,142.0651,4
NaN,20,18,820.365,143.3069,4
NaN,20,17,820.7399,143.57,4
NaN,20,18,820.51,144.0744,4
NaN,20,17,820.8823,143.8239,4
NaN,20,18,820.184,145.2916,4
NaN,20,17,819.8451,145.3121,4
NaN,20,18,819.9371,145.9084,4
NaN,20,18,820.5698,146.5347,4
NaN,20,18,821.7861,146.5123,4
NaN,20,18,821.9765,146.7852,4
NaN,20,17,823.0478000000001,146.1134,4
NaN,20,18,822.5155999999999,145.753,4
NaN,20,18,821.7992,146.4367,4
NaN,20,18,822.36,145.9606,4
NaN,20,18,822.633,145.9727,4
NaN,20,18,823.1037,145.7957,4
NaN,20,18,824.0326,146.5419,4
NaN,20,18,824.3979,146.7188,4
NaN,20,17,824.6579,146.0951,4
NaN,20,18,824.7639,145.3277,4
NaN,20,18,824.6729,146.8509,4
NaN,20,18,825.1057,146.6592,4
NaN,20,18,825.5017,148.1131,4
NaN,20,18,825.9411,147.7537,4
NaN,20,18,825.7713,147.6221,4
NaN,20,18,826.0975,148.0141,4
NaN,20,18,826.401,148.3874,4
NaN,21,18,826.9838999999999,148.0442,4
NaN,20,18,827.7611000000001,147.9555,4
NaN,20,18,828.6098,147.8981,4
NaN,20,18,828.0995,148.9136,4
NaN,20,18,827.2039,150.0209,4
NaN,20,18,827.1994999999999,152.3758,4
NaN,20,18,827.5241,151.7973,4
NaN,20,18,828.665,151.7205,4
NaN,20,18,828.9764,150.9266,4
NaN,20,18,828.8546,151.0083,4
NaN,20,18,828.3971,151.4323,4
NaN,20,18,828.006,152.286,4
NaN,20,18,828.6798,153.8511,4
NaN,20,18,829.6271,154.9968,4
NaN,20,18,829.4851,155.5031,4
NaN,20,18,829.4981,156.3153,4
NaN,20,18,829.7722,155.8413,4
NaN,20,18,829.5179000000001,156.3193,4
NaN,20,18,828.8267,156.2347,4
NaN,20,18,829.9596,156.079,4
NaN,20,19,829.7062,157.1931,4
NaN,20,18,830.6955,157.3458,4
NaN,20,19,831.1576,157.3054,4
NaN,20,18,830.9943,159.6194,4
NaN,20,19,830.7009,159.3984,4
NaN,20,18,831.0289,159.8509,4
NaN,20,18,831.0658,160.2171,4
NaN,20,18,830.8525,159.8038,4
NaN,20,19,830.8925,160.1452,4
NaN,20,19,830.2588,160.5792,4
NaN,20,19,830.7366,160.8516,4
NaN,20,19,832.0687,161.2351,4
NaN,20,18,832.2087,162.7295,4
NaN,20,19,831.3858,163.6999,4
NaN,20,19,832.4786,163.661,4
NaN,20,19,832.0487000000001,166.089,4
NaN,20,19,830.5967000000001,166.2426,4
NaN,20,18,829.9503,166.0045,4
NaN,20,17,829.2661000000001,166.1246,4
NaN,20,18,828.7631,166.7707,4
NaN,20,19,829.2485,168.1652,4
NaN,20,18,829.1957,169.4341,4
NaN,20,18,829.0134,170.4056,4
NaN,20,18,829.5808,171.5891,4
NaN,20,19,829.5029,171.7885,4
NaN,20,18,829.3258,171.9971,4
NaN,20,18,829.4415,172.9275,4
NaN,20,18,828.7791999999999,173.9422,4
NaN,20,18,828.4933,174.642,4
NaN,20,18,828.2388999999999,175.7409,4
NaN,20,18,828.182,177.39,4
NaN,20,18,829.2625,177.5233,4
NaN,20,18,829.2075,177.7027,4
NaN,20,18,829.1592000000001,178.2079,4
NaN,20,18,828.573,179.2278,4
NaN,20,18,829.4065000000001,180.5204,4
NaN,20,18,829.66,181.9838,4
NaN,20,18,829.8929000000001,182.2154,4
NaN,20,18,829.8574,182.5871,4
NaN,20,18,829.6522,183.3705,4
NaN,20,18,829.1802,183.5446,4
NaN,20,18,828.179,183.7368,4
NaN,20,18,827.5504,184.1745,4
NaN,20,18,826.947,185.4198,4
NaN,20,18,826.876,186.2988,4
NaN,20,18,827.0969,186.3144,4
NaN,20,18,827.807,186.2766,4
NaN,20,18,827.7488,186.6386,4
NaN,20,18,828.6079,187.073,4
NaN,20,18,828.6711,187.5594,4
NaN,20,18,827.9733,188.4977,4
NaN,20,18,828.3959,188.8558,4
NaN,20,19,827.8676,189.227,4
NaN,20,18,828.3264,189.9461,4
NaN,20,18,828.1494,191.0727,4
NaN,20,18,827.9451,190.6962,4
NaN,20,18,828.6054,190.0095,4
NaN,20,18,829.7958,190.1073,4
NaN,20,18,829.1847,190.8014,4
NaN,20,19,829.6858,191.6541,4
NaN,20,18,828.8826,191.9631,4
NaN,20,18,829.6099,191.8434,4
NaN,20,19,829.5182,191.446,4
NaN,20,18,829.599,191.2464,4
NaN,20,19,829.1937,190.6476,4
NaN,20,18,828.9365,189.5726,4
NaN,20,18,828.9201,190.0135,4
NaN,20,19,828.4755,190.2881,4
NaN,20,19,828.2228,189.9461,4
NaN,20,18,828.7119,189.4623,4
NaN,20,19,828.1989,189.9456,4
NaN,20,18,829.873,189.7427,4
NaN,20,19,829.2001,188.9621,4
NaN,20,19,828.1683,189.1771,4
NaN,20,19,827.5425,189.2978,4
NaN,20,19,826.9624,190.0859,4
NaN,20,19,826.8152,190.5674,4
NaN,20,19,826.5222,191.2126,4
NaN,20,19,825.0898,191.422,4
NaN,20,18,824.5225,191.8902,4
NaN,20,19,824.5268,191.9009,4
NaN,20,19,823.9067,192.4028,4
NaN,20,19,823.6521,193.4854,4
NaN,20,19,823.6023,194.0103,4
NaN,20,18,823.4528,192.3927,4
NaN,20,19,823.5473,191.5714,4
NaN,20,19,823.6581,191.1562,4
NaN,20,19,823.5359999999999,191.7529,4
NaN,20,19,822.8584,192.1038,4
NaN,20,19,821.9369,191.4986,4
NaN,20,19,820.7827,192.5184,4
NaN,20,19,821.8998,192.3487,4
NaN,20,19,820.8418,193.265,4
NaN,20,19,820.6525,193.8146,4
NaN,20,19,821.8575,194.487,4
NaN,20,19,821.3958,194.7564,4
NaN,20,19,822.5794,194.991,4
NaN,20,19,823.4175,195.6153,4
NaN,20,19,823.6568,197.3382,4
NaN,20,19,824.1135,197.379,4
NaN,20,19,824.3759,198.2873,4
NaN,20,19,824.5208,199.2458,4
NaN,20,19,824.5915,201.1178,4
NaN,20,19,825.013,200.6675,4
NaN,20,19,826.3945,201.2866,4
NaN,20,19,827.148,201.7426,4
NaN,20,19,827.1695999999999,201.5654,4
NaN,20,19,828.0205999999999,202.4595,4
NaN,20,19,827.4541,204.2524,4
NaN,20,18,827.0371,203.5595,4
NaN,20,19,826.7764,204.57,4
NaN,20,18,827.3555,204.5115,4
NaN,20,19,827.6912,204.8508,4
NaN,20,18,827.8016,205.3581,4
NaN,21,19,829.1985,205.4828,4
NaN,20,18,829.7923,206.3144,4
NaN,20,18,828.3547,207.0651,4
NaN,20,19,828.3075,207.1679,4
NaN,20,19,827.8973999999999,207.4735,4
NaN,20,18,828.1888,207.5674,4
NaN,21,18,828.0878,208.3318,4
NaN,20,19,827.7963999999999,207.8219,4
NaN,20,18,826.9319,208.575,4
NaN,21,18,827.5711,209.3222,4
NaN,20,18,827.7705,209.833,4
NaN,21,18,827.9468000000001,210.698,4
NaN,21,18,828.0433,211.099,4
NaN,20,18,827.4717000000001,211.5546,4
NaN,20,18,826.6144,212.9341,4
NaN,20,18,826.1066,211.8587,4
NaN,21,18,825.5856,211.9526,4
NaN,20,18,826.5672,213.1987,4
NaN,21,18,826.3536,213.032,4
NaN,20,18,827.5847,213.7144,4
NaN,20,18,827.0993999999999,214.0585,4
NaN,20,18,826.3046000000001,213.9864,4
NaN,20,18,825.2673,214.9118,4
NaN,20,18,824.9727,214.2997,4
NaN,20,18,823.633,213.6735,4
NaN,20,18,822.9383,213.3392,4
NaN,20,18,822.5823,213.9485,4
NaN,20,18,822.7491,213.8855,4
NaN,20,18,822.2091,213.7801,4
NaN,20,18,822.2208000000001,214.2196,4
NaN,20,18,822.082,213.7746,4
NaN,20,18,821.4185,214.4189,4
NaN,20,18,820.3477,214.2551,4
NaN,20,19,819.6008,214.6938,4
NaN,20,18,818.9871000000001,214.5496,4
NaN,20,19,818.296,215.0401,4
NaN,20,18,817.9552,215.202,4
NaN,20,19,817.874,215.8899,4
NaN,20,19,818.3265,216.4533,4
NaN,20,19,818.9814,216.9696,4
NaN,20,19,818.4038,219.4793,4
NaN,20,19,818.068,220.1274,4
NaN,20,19,818.6278,221.1995,4
NaN,20,19,819.1294,221.4083,4
NaN,20,19,819.5282999999999,221.3605,4
NaN,20,18,820.1037,222.2086,4
NaN,20,19,820.2888,222.8283,4
NaN,20,19,819.9039,224.2913,4
NaN,20,19,818.8683,225.0865,4
NaN,20,19,817.7966,225.9103,4
NaN,20,19,818.4293,225.8707,4
NaN,20,19,818.2523,225.6908,4
NaN,20,19,819.2542,226.3946,4
NaN,20,19,819.2691,227.9119,4
NaN,20,19,819.4265,230.0231,4
NaN,20,19,820.095,230.7367,4
NaN,20,19,820.3539,233.0641,4
NaN,20,19,820.1745,233.4256,4
NaN,20,19,820.7746,232.6807,4
NaN,20,19,820.7975,232.7729,2
NaN,20,19,818.7118,233.1597,2
NaN,20,18,814.9617,235.0185,2
NaN,20,18,812.6042,242.8876,2
NaN,20,19,804.3917,257.1297,2
NaN,21,19,800.2268,259.0503,2
NaN,20,19,789.3217,270.8664,2
NaN,21,19,765.9709,298.4826,2
NaN,20,19,745.2187,322.2812,2
NaN,20,20,729.7971,324.4076,2
NaN,21,20,725.0236,353.0573,2
NaN,21,20,725.795,374.7466,2
NaN,21,20,740.086,387.9056,2
NaN,21,20,752.4796,387.1082,2
NaN,21,20,765.4696,390.3464,2
NaN,20,20,777.4106,392.5917,2
NaN,20,20,785.5408,394.0933,2
NaN,20,20,791.3636,396.7448,2
NaN,20,20,794.3016,403.0368,2
NaN,20,20,796.0201,405.6575,2
NaN,20,20,795.1101,405.7717,3
NaN,20,20,788.8421,404.7738,3
NaN,20,19,783.7954999999999,400.4414,3
NaN,20,20,780.6399,396.0603,3
NaN,20,20,777.122,393.4502,3
NaN,20,19,776.3122,391.8755,3
NaN,20,20,775.3973999999999,392.5122,4
NaN,20,20,773.7056,394.1952,4
NaN,20,20,773.6337,396.5269,4
NaN,20,20,772.6027,399.2357,4
NaN,20,20,771.7163,403.0803,4
NaN,20,20,770.2846,405.9225,4
NaN,20,20,770.4674,408.4052,4
NaN,20,20,770.6421,410.5487,4
NaN,20,20,772.8995,411.1833,4
NaN,20,20,774.5295,410.4912,4
NaN,20,20,774.4754,410.1347,4
NaN,20,20,774.0778,409.9358,4
NaN,20,20,773.3686,409.4078,4
NaN,20,20,772.9648999999999,409.986,4
NaN,20,20,772.5403,409.8162,4
NaN,20,20,771.5911,409.9113,4
NaN,20,20,772.0284,410.5477,4
NaN,20,20,772.4275,411.8059,4
NaN,20,20,773.0817,412.4551,4
NaN,20,20,772.7207,412.5929,4
NaN,20,20,772.3918,412.3319,4
NaN,20,20,771.9096,412.4394,4
NaN,20,20,771.6256,412.3009,4
NaN,20,20,771.2074,412.1063,4
NaN,20,20,770.8543,412.8885,4
NaN,20,20,771.2755,414.3224,4
NaN,20,20,771.2836,414.8716,4
NaN,20,20,770.3834000000001,413.8133,4
NaN,20,20,769.3527,414.5638,4
NaN,20,20,769.3869999999999,414.3943,4
NaN,20,20,769.3788,414.9285,4
NaN,20,20,769.1605,414.5545,4
NaN,20,20,769.2472,414.5544,4
NaN,20,20,769.2289,415.2453,4
NaN,20,20,769.0959,414.8441,4
NaN,20,20,769.4747,415.4717,4
NaN,20,20,770.0473,415.9844,4
NaN,21,20,770.1817,416.515,4
NaN,20,20,770.6184,416.927,4
NaN,20,20,769.4536000000001,415.924,4
NaN,20,20,769.5832,415.1227,4
NaN,20,20,769.4938,415.794,4
NaN,20,20,768.9879,415.1427,4
NaN,20,20,768.0789,416.4693,4
NaN,20,20,767.8774,415.9459,4
NaN,20,20,768.5581,416.1968,4
NaN,20,20,768.9718,416.2883,4
NaN,20,20,769.8265,416.5313,4
NaN,20,20,769.5416,416.7719,4
NaN,20,20,768.7126,416.8314,4
NaN,21,20,767.9989,417.1017,4
NaN,21,20,767.7194,417.0706,4
NaN,20,20,768.4941,418.0546,4
NaN,20,20,767.1489,417.5654,4
NaN,20,20,767.7314,417.5198,4
NaN,20,20,767.4321,416.8892,4
NaN,21,20,767.414,418.0706,4
NaN,21,20,767.8908,418.1727,4
NaN,20,20,767.3449000000001,417.8051,4
NaN,20,20,767.6672,418.3016,4
NaN,20,20,768.1574000000001,418.8522,4
NaN,20,20,768.4675999999999,418.5012,4
NaN,20,20,768.1086,418.6414,4
NaN,20,20,767.716,418.5846,4
NaN,21,20,766.6884,418.4435,4
NaN,20,20,767.2696,418.7487,4
NaN,20,20,767.372,419.3596,4
NaN,20,20,767.6501,419.985,4
NaN,20,20,767.8843000000001,419.5385,4
NaN,20,20,766.6867999999999,418.9658,4
NaN,20,20,766.4894,418.5532,4
NaN,21,20,767.4484,419.1535,4
NaN,21,20,767.9025,419.2795,4
NaN,21,20,767.7722,418.7566,4
NaN,21,20,768.0074,419.9442,4
NaN,20,20,767.9453,420.7532,4
NaN,21,20,767.8022999999999,421.1504,4
NaN,20,20,768.0486,422.3723,4
NaN,21,20,767.3207,421.102,4
NaN,20,20,767.0435,420.5117,4
NaN,21,20,768.0923,420.8822,4
NaN,20,20,767.9882,421.8421,4
NaN,20,20,767.3643,421.8279,4
NaN,21,20,768.0542,421.5275,4
NaN,21,20,768.7606,420.6585,4
NaN,21,20,769.5316,420.8839,4
NaN,21,20,769.3864,421.7464,4
NaN,21,20,770.0229,422.0704,4
NaN,21,20,770.1419,422.5686,4
NaN,21,20,769.6639,423.6249,4
NaN,20,20,769.6229,423.7746,4
NaN,21,20,769.8686,423.6625,4
NaN,20,20,770.5001,424.7176,4
NaN,21,20,770.5559,422.8776,4
NaN,21,20,770.2551,423.9111,4
NaN,21,20,770.4306,422.8379,4
NaN,21,20,769.8103,424.2534,4
NaN,20,20,769.5859,424.5597,4
NaN,21,20,769.2292,423.8022,4
NaN,21,20,769.853,424.1457,4
NaN,21,20,770.9182,423.6175,4
NaN,21,20,771.3303,423.9945,4
NaN,21,20,771.6333,423.6322,4
NaN,21,20,771.3183,424.218,4
NaN,21,20,770.1754,424.421,4
NaN,20,20,770.776,423.7229,4
NaN,20,20,770.1464,423.7198,4
NaN,20,20,770.8161,425.283,4
NaN,20,20,770.5794,423.8705,4
NaN,20,20,771.7534000000001,425.1449,4
NaN,20,20,771.4894,425.1367,4
NaN,20,20,771.1631,424.9868,4
NaN,20,20,770.4109999999999,425.1314,4
NaN,20,20,770.0734,425.9641,4
NaN,20,20,770.3273,426.1181,4
NaN,20,20,769.0359,426.0773,4
NaN,20,20,767.9068,425.5902,4
NaN,20,20,767.7086,426.24,4
NaN,21,20,766.6052,426.3831,2
NaN,20,20,771.5916,426.9284,2
NaN,20,20,785.7299,420.7901,2
NaN,20,19,803.7688000000001,406.1263,2
NaN,20,19,823.7641,393.7866,2
NaN,20,20,857.2885,374.6902,2
NaN,20,19,884.4251,367.8985,2
NaN,20,19,908.6164,360.4584,2
NaN,20,19,913.7534000000001,353.7556,2
NaN,20,18,913.1603,351.5003,2
NaN,20,19,898.4005,351.6603,3
NaN,20,19,881.6114,350.9245,3
NaN,20,19,874.6497000000001,349.5465,3
NaN,20,18,867.6251999999999,342.0384,3
NaN,20,19,862.4443,337.6741,3
NaN,20,19,857.9156,331.1824,3
NaN,20,19,856.0494,327.5374,3
NaN,20,19,855.6975,327.0973,3
NaN,20,19,855.2982,327.3351,4
NaN,20,19,856.563,328.4542,4
NaN,20,19,856.9298,329.7663,4
NaN,20,19,857.7294000000001,331.5968,4
NaN,20,19,858.591,335.3212,4
NaN,20,19,859.5343,337.6367,4
NaN,20,19,860.8976,340.9994,4
NaN,20,18,861.8185,341.4012,4
NaN,20,20,862.9997,341.4609,4
NaN,20,19,863.7813,341.116,4
NaN,20,19,864.5855,340.4075,4
NaN,20,19,864.5249,338.5053,4
NaN,20,18,864.2387,336.9989,4
NaN,20,18,863.4514,334.9218,4
NaN,20,19,862.2043,333.3209,4
NaN,20,19,862.2885,332.7786,4
NaN,20,19,862.6033,331.917,4
NaN,20,19,862.6354,331.9466,4
NaN,20,19,860.6735,332.7635,4
NaN,20,19,859.1162,334.0688,4
NaN,20,18,858.0127,334.764,4
NaN,20,19,857.0382,334.7636,4
NaN,20,19,856.611,335.633,4
NaN,20,19,855.9053,335.9309,4
NaN,20,19,855.4439,335.9758,4
NaN,20,19,855.3299,336.5172,4
NaN,20,19,855.5039,338.7749,4
NaN,20,19,855.6185,341.2551,4
NaN,20,19,856.0961,342.7237,4
NaN,20,18,856.1811,343.5124,4
NaN,20,19,855.6002,343.8023,4
NaN,20,19,853.74,344.1957,4
NaN,20,19,854.2954999999999,344.2096,4
NaN,20,19,853.7273,343.8383,4
NaN,20,19,854.433,343.0105,4
NaN,20,19,854.7608,344.1992,4
NaN,20,19,854.5109,346.2608,4
NaN,20,19,856.2527,345.4112,4
NaN,20,19,855.639,345.8885,4
NaN,20,19,855.6117,345.795,4
NaN,20,19,855.1344,347.1274,4
NaN,20,19,855.1374,346.4752,4
NaN,20,19,855.5655,347.6167,4
NaN,20,19,854.5528,347.913,4
NaN,20,19,854.5264,348.7284,4
NaN,20,19,854.338,349.368,4
NaN,20,19,853.9166,349.4039,4
NaN,20,19,853.3449000000001,349.4151,4
NaN,20,19,853.1405,348.8114,4
NaN,20,19,853.6455999999999,349.0857,4
NaN,20,19,852.4191,349.7075,4
NaN,20,19,852.1464,349.9842,4
NaN,20,19,852.3704,349.9585,4
NaN,20,19,853.3274,349.9686,4
NaN,20,19,853.412,349.7548,4
NaN,20,19,852.5173,350.0257,4
NaN,20,19,851.9185,349.4869,4
NaN,20,19,851.6801,349.6667,4
NaN,20,19,851.6417,349.6974,4
NaN,19,19,849.8688,349.6721,4
NaN,20,19,850.0857999999999,350.0505,4
NaN,20,19,849.0598,350.002,4
NaN,20,19,849.4095,349.6324,4
NaN,20,19,849.6328,349.2742,4
NaN,20,19,849.9044,348.684,4
NaN,20,19,849.0266,349.3356,4
NaN,20,19,848.4218,349.3301,4
NaN,20,19,848.6955,349.3121,4
NaN,19,19,848.0533,350.3857,4
NaN,20,19,847.6626,349.9701,4
NaN,19,19,846.9797,351.4512,4
NaN,19,19,846.7406,351.2118,4
NaN,20,19,846.8549,350.6817,4
NaN,19,19,846.8437,351.1507,4
NaN,19,19,846.4366,352.6092,4
NaN,19,19,846.2313,352.7404,4
NaN,19,19,844.5885,351.7957,4
NaN,20,19,844.933,351.1695,4
NaN,19,19,844.7828,350.6625,4
NaN,20,18,845.5089,350.7365,4
NaN,19,19,845.7541,351.0501,4
NaN,19,19,845.522,351.1571,4
NaN,19,19,846.1612,351.3682,4
NaN,19,19,845.6147,350.6852,4
NaN,19,19,844.1267,350.857,4
NaN,19,19,843.636,350.373,4
NaN,19,18,842.9448,349.3883,4
NaN,19,19,843.4833,349.5087,4
NaN,19,19,844.7215,349.6,4
NaN,19,19,844.4428,351.1536,4
NaN,20,19,843.6957,350.9747,4
NaN,20,19,842.6598,350.6704,4
NaN,19,19,842.2681,350.8007,4
NaN,19,18,842.0767,350.6661,4
NaN,19,18,842.9325,350.449,4
NaN,19,19,842.0933,350.3024,4
NaN,19,19,842.9489,350.3101,4
NaN,19,18,842.2359,351.6244,4
NaN,19,19,843.0207,352.3975,4
NaN,19,19,843.3755,352.0334,4
NaN,19,19,843.2342,351.4031,4
NaN,20,19,845.3273,351.1259,4
NaN,19,18,844.8471,351.297,4
NaN,19,19,845.0972,350.5128,4
NaN,19,19,845.4506,350.8562,4
NaN,19,19,845.3238,351.6918,4
NaN,19,19,845.7481,351.8801,4
NaN,19,19,845.7819,351.8834,4
NaN,19,19,844.975,351.8226,4
NaN,19,19,844.7427,352.0932,4
NaN,19,18,844.2876,353.5272,4
NaN,19,19,844.6912,354.4679,4
NaN,19,19,845.1205,353.9062,4
NaN,20,19,845.7895,353.3812,4
NaN,19,19,845.8702,353.794,4
NaN,19,19,845.7741,354.1374,4
NaN,19,19,845.8069,354.2157,4
NaN,19,18,845.2971,355.3342,4
NaN,19,19,845.0011,356.7919,4
NaN,19,19,844.079,358.1083,4
NaN,19,18,843.7768,359.0623,4
NaN,19,18,844.4596,360.1443,2
NaN,19,18,844.933,362.3427,2
NaN,19,18,843.4603,364.7655,2
NaN,19,18,834.8126,365.3712,2
NaN,20,19,821.1398,363.6366,2
NaN,19,18,813.7836,361.2036,2
NaN,19,19,795.3887999999999,360.5749,2
NaN,20,19,783.1261,359.5519,2
NaN,19,19,767.7333,359.7979,2
NaN,19,19,754.5273,361.9776,2
NaN,19,19,748.9638,364.4945,2
NaN,19,19,753.7661000000001,365.6745,3
NaN,19,19,767.0509,366.0242,3
NaN,20,19,781.5036,365.5732,3
NaN,20,19,791.8687,362.8229,3
NaN,20,19,797.1192,358.8523,3
NaN,20,19,799.9743,356.1837,3
NaN,20,19,802.2101,354.5859,3
NaN,20,19,804.1896,355.5393,4
NaN,20,19,804.4854,356.0075,4
NaN,20,19,803.5312,356.1566,4
NaN,20,19,801.6256,356.5861,4
NaN,20,18,800.7133,356.987,4
NaN,20,18,798.9906,357.7419,4
NaN,20,19,798.6418,358.7456,4
NaN,20,19,797.7323,359.587,4
NaN,20,18,796.9317,359.7746,4
NaN,20,18,796.7762,360.8365,4
NaN,20,18,795.9347,362.7363,4
NaN,20,18,794.3775000000001,364.4336,4
NaN,20,19,793.5063,364.2622,4
NaN,20,18,792.8885,365.2395,4
NaN,20,18,792.8656,365.9481,4
NaN,20,18,792.9224,366.5722,4
NaN,19,18,792.1994,367.059,4
NaN,20,18,792.6108,367.6068,4
NaN,20,18,791.9625,369.4377,4
NaN,20,18,791.244,369.5031,4
NaN,19,18,791.1836,370.157,4
NaN,20,18,790.3917,369.8504,4
NaN,20,18,791.1375,370.3409,4
NaN,20,18,791.6867,370.0478,4
NaN,20,18,792.0327,370.5072,4
NaN,19,18,792.6083,370.9237,4
NaN,20,18,792.3338,372.4838,4
NaN,19,18,791.5121,373.4751,4
NaN,19,18,791.2847,373.9476,4
NaN,19,19,791.1393,372.9543,4
NaN,19,18,790.7366,372.9106,4
NaN,19,18,789.4016,372.8514,4
NaN,19,18,789.1297,373.4647,4
NaN,19,18,788.4216,373.8969,4
NaN,19,18,787.9032999999999,374.7396,4
NaN,19,18,788.1675,374.3374,4
NaN,19,18,787.8985,374.9761,4
NaN,19,18,787.97,374.7932,4
NaN,19,18,786.9933,374.3958,4
NaN,19,18,786.6689,374.8579,4
NaN,19,18,785.978,374.9947,4
NaN,19,18,786.2102,375.5304,4
NaN,19,18,785.5122,375.4798,4
NaN,19,18,785.3268,375.1892,4
NaN,19,18,785.9905,375.5955,4
NaN,19,18,784.9166,376.2657,4
NaN,19,18,784.7549,376.6213,4
NaN,19,18,784.1491,376.6717,4
NaN,19,18,784.3502999999999,376.1168,4
NaN,19,18,784.4743,376.3224,4
NaN,19,19,783.2296,376.0612,4
NaN,19,18,784.8354,375.3942,4
NaN,19,18,785.1737000000001,375.4814,4
NaN,19,18,784.1085,375.0061,4
NaN,19,18,784.2338,374.8556,4
NaN,19,18,784.2393,374.8837,4
NaN,19,18,784.3875,375.5043,4
NaN,19,19,785.2622,376.0624,4
NaN,19,18,785.4669,376.5169,4
NaN,19,18,785.3698000000001,377.126,4
NaN,19,18,785.9682,376.3193,4
NaN,19,18,786.1405,377.1483,4
NaN,19,18,787.0599999999999,377.7223,4
NaN,19,18,788.487,377.7686,4
NaN,19,18,790.2859,377.513,4
NaN,19,18,791.5291,377.631,4
NaN,19,18,791.596,378.251,4
NaN,19,18,791.2476,378.2999,4
NaN,20,18,790.2385,377.9265,4
NaN,19,18,790.8544000000001,378.2008,4
NaN,19,18,791.244,376.7913,4
NaN,20,19,791.5118,376.6372,4
NaN,19,19,792.2393,377.8683,4
NaN,19,19,792.4062,378.4232,4
NaN,19,19,793.2358,379.8441,4
NaN,19,18,795.7293,381.0734,4
NaN,19,19,795.8039,380.2549,4
NaN,19,19,796.8436,381.2566,4
NaN,20,19,797.8296,381.9001,4
NaN,19,19,798.1514,382.8614,4
NaN,20,19,798.261,384.4574,4
NaN,20,19,798.1766,385.6824,4
NaN,20,19,798.6125,386.6228,4
NaN,19,19,799.7182,387.3006,4
NaN,20,19,799.9400000000001,387.6231,4
NaN,20,19,800.24,388.5056,4
NaN,20,19,800.559,389.3111,4
NaN,20,19,800.9747,390.7099,4
NaN,20,19,799.6085,389.7229,4
NaN,20,19,800.7684,391.118,4
NaN,20,19,800.2718,392.1756,4
NaN,20,19,798.0853,393.6355,4
NaN,20,19,798.5765,394.082,4
NaN,20,18,798.3885,394.8922,4
NaN,20,18,799.9876,397.1459,4
NaN,20,18,800.8031,401.2704,2
NaN,19,19,801.6404,406.0743,2
NaN,20,19,802.4543,408.7488,2
NaN,20,19,802.3645,412.5131,2
NaN,20,18,801.5119,426.6412,2
NaN,19,19,802.8167,443.1718,2
NaN,19,19,805.648,442.5484,2
NaN,20,19,815.9494,456.9274,2
NaN,19,19,819.6643,480.6089,2
NaN,19,19,823.7274,502.7384,2
NaN,19,19,827.4286,507.9063,2
NaN,19,19,826.1585,519.3289,2
NaN,19,19,820.6772999999999,521.8199,2
NaN,19,19,810.9603,521.6093,2
NaN,18,19,801.6373,524.3361,2
NaN,19,19,792.5311,529.5389,2
NaN,19,19,787.2299,536.3243,2
NaN,19,19,785.6901,550.9515,2
NaN,19,19,783.3861000000001,551.2215,3
NaN,19,19,783.1611,555.3732,3
NaN,19,19,783.3653,560.9558,3
NaN,19,18,785.7351,569.2101,3
NaN,19,20,786.9152,570.5463999999999,3
NaN,19,19,788.3732,576.6219,3
NaN,19,19,790.7379,579.0078,3
NaN,19,19,792.1299,582.2322,3
NaN,19,18,792.0548,584.3243,3
NaN,19,19,791.4239,588.5024,3
NaN,19,18,789.6962,589.2691,3
NaN,19,18,789.6156,591.2469,3
NaN,19,18,788.326,591.7113000000001,3
NaN,19,19,788.001,592.728,3
NaN,19,19,786.0721,590.5058,4
NaN,19,18,785.6722,591.2161,4
NaN,19,18,785.8462,591.196,4
NaN,19,18,786.1174999999999,591.3728,4
NaN,19,18,786.6403,592.1164,4
NaN,19,18,786.5597,592.3011,4
NaN,19,18,785.5381,592.9972,4
NaN,19,18,785.5495,594.0445,4
NaN,19,18,786.0325,594.8633,4
NaN,19,18,785.5525,595.2865,4
NaN,19,18,786.4609,596.3883,4
NaN,19,18,786.1682,595.4542,4
NaN,19,18,788.7871,596.4982,4
NaN,19,18,788.3904,597.7978000000001,4
NaN,19,18,787.8082000000001,598.7122000000001,4
NaN,19,18,787.6399,599.8878999999999,4
NaN,19,18,787.2936999999999,600.5987,4
NaN,19,18,788.0924,600.7595,4
NaN,19,18,789.0732,599.5867,4
NaN,19,18,788.2846,598.2809999999999,4
NaN,19,18,788.9888,598.5881000000001,4
NaN,19,19,789.3722,596.8715999999999,4
NaN,19,18,789.545,597.2105,4
NaN,19,18,789.904,597.5259,4
NaN,19,18,789.0087,598.3175,4
NaN,19,18,788.6144,598.9969,4
NaN,19,18,789.3167999999999,599.0598,4
NaN,19,18,788.6372,597.5431,4
NaN,18,18,789.2465999999999,600.241,4
NaN,19,18,789.8786,601.9218,4
NaN,19,18,790.2843,602.0273,4
NaN,18,18,791.9629,602.0999,4
NaN,19,18,792.4323000000001,601.0402,4
NaN,19,18,790.8846,600.2364,4
NaN,19,18,790.1386,601.5075000000001,4
NaN,18,18,789.0615,601.1582,4
NaN,19,18,788.2646999999999,599.8832,4
NaN,19,18,789.0693,600.2124,4
NaN,19,18,788.9811,601.0632000000001,4
NaN,19,18,787.5363,602.2511,4
NaN,19,18,787.1845,601.4022,6
NaN,0,0,0,0,6
NaN,19,18,786.4035,603.7758,6
NaN,12,18,597.0029,602.5410000000001,6
NaN,0,0,0,0,6
NaN,18,18,787.5245,603.5582000000001,6
NaN,18,18,785.4131,605.4926,6
NaN,19,18,785.919,605.5053,6
NaN,19,18,785.282,606.4342,6
NaN,19,18,784.5687,606.6674,6
NaN,18,18,784.688,604.998,6
NaN,0,0,0,0,6
NaN,12,18,593.8248,563.2417,6
NaN,12,18,594.1646,606.6499,6
NaN,12,18,593.4452,609.5114,6
NaN,12,18,592.5967000000001,611.2313,6
NaN,18,18,778.5655,609.9564,6
NaN,0,0,0,0,6
NaN,19,17,776.573,609.6756,6
NaN,19,18,776.6771,608.6967,6
NaN,0,0,0,0,6
NaN,0,0,0,0,6
NaN,18,17,777.7458,607.4305000000001,6
NaN,0,0,0,0,6
NaN,0,0,0,0,6
NaN,13,17,585.9161,617.6595,6
NaN,0,0,0,0,6
NaN,0,0,0,0,6
NaN,19,18,771.9292,611.7893,6
NaN,0,0,0,0,6
NaN,0,0,0,0,6
NaN,18,18,766.804,608.5423,6
NaN,19,17,767.8516,607.4191,6
NaN,19,17,770.2344000000001,613.131,6
NaN,0,0,0,0,6
NaN,18,17,771.2969000000001,614.3612000000001,6
NaN,0,0,0,0,6
NaN,0,0,0,0,6
NaN,19,17,770.4417,614.5741,6
NaN,0,0,0,0,6
NaN,0,0,0,0,6
NaN,0,0,0,0,6
NaN,18,17,772.0839999999999,612.0234,6
NaN,0,0,0,0,6
NaN,0,0,0,0,6
NaN,18,17,771.1038,619.6437,6
NaN,0,0,0,0,6
NaN,18,17,770.5125,618.2245,6
NaN,0,0,0,0,6
NaN,0,0,0,0,6
NaN,0,0,0,0,6
NaN,0,0,0,0,6
NaN,0,0,0,0,6
NaN,0,0,0,0,6
NaN,0,0,0,0,6
NaN,0,0,0,0,6
NaN,18,17,773.0893,619.2087,6
NaN,0,0,0,0,6
NaN,0,0,0,0,6
NaN,0,0,0,0,6
NaN,0,0,0,0,6
NaN,0,0,0,0,6
NaN,0,0,0,0,6
NaN,0,0,0,0,6
NaN,0,0,0,0,6
NaN,19,17,768.2891,619.395,6
NaN,0,0,0,0,6
NaN,0,0,0,0,6
NaN,0,0,0,0,6
NaN,0,0,0,0,6
NaN,0,0,0,0,6
NaN,0,0,0,0,6
NaN,0,0,0,0,6
NaN,0,0,0,0,6
NaN,19,17,766.3584,620.7617,6
NaN,0,0,0,0,6
NaN,0,0,0,0,6
NaN,0,0,0,0,6
NaN,0,0,0,0,6
NaN,0,0,0,0,6
NaN,0,0,0,0,6
NaN,0,0,0,0,6
NaN,0,0,0,0,6
NaN,0,0,0,0,6
NaN,11,16,504.0729,631.1660000000001,6
NaN,0,0,0,0,6
NaN,19,16,789.8727,612.5386,6
NaN,0,0,0,0,6
NaN,0,0,0,0,6
NaN,0,0,0,0,6
NaN,0,0,0,0,6
NaN,0,0,0,0,6
NaN,19,16,880.2609,496.7216,6
NaN,19,16,883.7173,490.1376,6
NaN,19,16,882.4149,482.7523,6
NaN,19,16,875.5942,477.2362,6
NaN,19,16,875.4637,471.9459,4
NaN,19,16,867.2553,471.5342,4
NaN,19,17,867.3979,469.1525,4
NaN,19,17,864.3031999999999,467.0839,4
NaN,19,16,865.0245,466.6452,4
NaN,19,18,865.3733999999999,464.8333,4
NaN,19,17,861.8578,460.0687,4
NaN,18,17,857.6268,455.5277,4
NaN,18,17,855.2424999999999,456.9123,4
NaN,18,18,850.6,452.7273,4
NaN,18,18,852.053,454.9552,4
NaN,18,18,852.7855,454.8464,4
NaN,18,18,853.7272,457.1568,4
NaN,18,18,856.1721,461.9354,4
NaN,18,17,856.2708,464.3668,4
NaN,18,17,857.4974,464.5851,4
NaN,19,17,857.6028,464.3792,4
NaN,18,17,855.558,461.2731,4
NaN,18,18,853.9999,458.2599,4
NaN,18,17,854.0237,457.1385,4
NaN,18,17,854.0172,455.718,4
NaN,18,17,851.8668,454.4829,4
NaN,18,17,851.4749,452.6496,4
NaN,18,17,850.9026,453.4168,4
NaN,18,17,849.9034,453.9737,4
NaN,18,17,848.3775000000001,453.8609,4
NaN,19,17,846.5540999999999,454.0269,4
NaN,19,17,845.6463,453.1113,4
NaN,18,18,843.7245,453.5753,4
NaN,19,17,842.3282,454.4599,4
NaN,19,17,841.1917,456.8638,4
NaN,19,18,839.3443,459.2551,4
NaN,18,18,837.7506,460.3732,4
NaN,19,17,836.1998,458.0943,4
NaN,19,18,835.6362,460.1939,4
NaN,19,18,836.0956,460.8816,4
NaN,19,17,838.0769,462.1189,4
NaN,19,18,837.2135,462.0021,4
NaN,19,17,837.2605,462.7138,4
NaN,18,18,838.8997000000001,463.4305,4
NaN,19,18,839.3908,464.2012,4
NaN,19,18,839.1375,464.4245,4
NaN,19,18,839.7184999999999,462.8302,4
NaN,19,18,838.9340999999999,463.6199,4
NaN,19,18,838.8022999999999,464.0091,4
NaN,19,17,838.7366,466.9714,4
NaN,19,18,838.0997,468.6466,4
NaN,19,18,838.4388,468.3749,4
NaN,19,18,838.4716,468.9208,4
NaN,19,18,838.6458,468.9118,4
NaN,19,18,838.4023,468.9883,4
NaN,19,18,838.0262,469.5109,4
NaN,19,18,838.2294000000001,470.0425,4
NaN,19,17,838.4827,468.7953,4
NaN,19,18,837.177,467.5472,4
NaN,19,18,837.1759,470.3835,4
NaN,19,18,836.6463,470.6489,4
NaN,19,17,835.0903,471.242,4
NaN,19,17,835.394,471.1576,4
NaN,19,18,836.7744,471.2221,4
NaN,19,18,835.8169,471.6884,4
NaN,19,18,836.0632000000001,472.4236,4
NaN,19,17,835.2833000000001,472.5552,4
NaN,19,18,834.8083,473.1227,4
NaN,19,17,834.7789,472.057,4
NaN,19,18,834.4669,470.5159,4
NaN,19,18,835.7559,470.4219,4
NaN,19,18,835.6840999999999,472.4545,4
NaN,19,18,836.6127,475.7617,4
NaN,19,18,836.3656,474.6032,4
NaN,19,18,835.3495,474.5948,4
NaN,19,18,836.0136,473.498,4
NaN,19,18,836.0193,472.4494,4
NaN,19,18,836.8941,473.2632,4
NaN,18,18,835.5163,473.8722,4
NaN,19,18,835.202,474.2852,4
NaN,18,18,835.2197,474.8263,4
NaN,18,18,836.7347,475.9734,4
NaN,19,18,838.5613,476.0173,4
NaN,18,18,838.6598,476.6834,4
NaN,18,18,838.8321,476.8044,4
NaN,18,18,837.3003,476.3762,4
NaN,18,18,838.072,476.0908,4
NaN,18,18,839.41,476.7825,4
NaN,19,18,839.7972,477.602,4
NaN,18,18,839.0125,478.1774,4
NaN,18,18,839.3035,478.5044,4
NaN,18,18,838.1777,478.246,4
NaN,18,18,839.9532,477.6684,4
NaN,18,18,842.5853,477.3436,4
NaN,18,18,842.4707,473.8242,4
NaN,18,18,842.8392,473.1729,4
NaN,18,17,842.6129,472.5245,4
NaN,18,18,841.5326,472.9936,4
NaN,18,18,841.2852,476.143,4
NaN,18,18,841.2494,476.7555,4
NaN,18,18,841.6079999999999,478.3041,4
NaN,18,17,841.9067,478.609,4
NaN,18,18,841.5463,479.8725,2
NaN,18,18,839.6159,479.7788,2
NaN,19,17,836.0399,473.1479,2
NaN,19,17,834.2199000000001,465.5921,2
NaN,19,17,830.2071999999999,455.6635,2
NaN,18,17,819.2331,452.0594,2
NaN,18,17,801.7327,449.5966,2
NaN,18,18,794.5438,449.6992,2
NaN,18,17,791.3861000000001,448.756,2
NaN,18,18,791.2336,448.4677,3
NaN,18,18,798.2577,450.9341,3
NaN,18,18,804.1451,451.6771,3
NaN,18,18,814.7275,452.6717,3
NaN,18,18,818.4633,452.4245,3
NaN,18,17,820.6267,451.6549,3
NaN,18,18,824.4841,449.3224,3
NaN,18,18,826.5433,448.3512,3
NaN,18,18,826.2914,449.311,4
NaN,18,18,823.3045,450.1636,4
NaN,18,17,822.437,451.1853,4
NaN,19,17,822.726,452.855,4
NaN,18,17,821.7936,453.3457,4
NaN,18,18,822.5547,454.8764,4
NaN,18,17,821.9823,454.6524,4
NaN,18,18,819.8395,454.1516,4
NaN,18,17,818.1463,454.1686,4
NaN,18,17,816.4486000000001,453.8771,4
NaN,18,18,815.7704,454.2207,4
NaN,18,17,815.4278,454.3938,4
NaN,18,18,815.5658,454.2848,4
NaN,18,17,815.1751,454.7257,4
NaN,18,18,814.8505,455.5098,4
NaN,18,17,814.4064,455.492,4
NaN,18,18,813.8459,456.7558,4
NaN,18,18,813.4955,455.8724,4
NaN,18,18,812.8373,455.4663,4
NaN,18,17,813.2959,455.5254,4
NaN,18,18,814.1241,455.5611,4
NaN,18,17,814.3488,454.4897,4
NaN,18,17,815.1997,456.0793,4
NaN,18,17,814.7826,455.7423,4
NaN,18,17,815.3609,456.1234,4
NaN,18,17,815.1866,456.3342,4
NaN,18,18,814.8241,456.8045,4
NaN,18,17,813.8681,457.8947,4
NaN,18,17,813.5155,457.5061,4
NaN,18,17,813.9767000000001,458.7702,4
NaN,18,17,813.7393,459.9741,4
NaN,18,18,813.2741,460.1889,4
NaN,18,17,812.6113,460.5116,4
NaN,18,17,812.4915,460.3533,4
NaN,18,17,812.6202,461.0612,4
NaN,18,17,812.4845,462.1573,4
NaN,18,17,813.1727,461.8344,4
NaN,18,17,813.2768,462.2016,4
NaN,18,17,814.6834,463.3446,4
NaN,18,17,812.5641000000001,465.3916,4
NaN,18,18,812.7873,466.5138,4
NaN,18,17,811.1336,467.2346,4
NaN,18,17,810.3611,466.6658,4
NaN,18,17,810.3395,467.3919,4
NaN,18,17,811.0587,469.5855,4
NaN,18,17,810.7758,470.0333,4
NaN,18,17,809.7388999999999,471.798,4
NaN,18,17,809.7748,470.2142,4
NaN,18,17,809.0013,470.5387,4
NaN,18,17,808.8057,468.7307,4
NaN,18,17,809.1227,468.6035,4
NaN,18,17,808.3234,468.9771,4
NaN,18,17,808.2563,469.3574,4
NaN,18,17,808.7275,469.4743,4
NaN,18,17,808.5549,469.5507,4
NaN,18,17,809.231,471.1599,4
NaN,18,17,808.6811,471.0356,4
NaN,18,17,808.623,471.6082,4
NaN,18,17,810.8059,473.0914,4
NaN,18,17,808.0508,469.2539,4
NaN,18,17,810.1171000000001,472.4693,4
NaN,18,17,808.1823000000001,471.0007,4
NaN,18,17,808.2415,473.6245,4
NaN,18,17,808.1405,471.7229,4
NaN,18,17,808.271,470.513,4
NaN,18,17,807.6633,470.1472,4
NaN,18,17,806.3084,469.7041,4
NaN,18,17,808.0038,470.9549,4
NaN,18,17,807.4696,471.9523,4
NaN,18,17,808.5699,473.0696,4
NaN,18,17,808.8016,474.225,4
NaN,18,17,809.5524,474.1689,4
NaN,18,17,807.6501,474.1885,4
NaN,18,16,806.8107,472.96,4
NaN,18,17,807.4829,473.5428,4
NaN,18,16,807.4759,475.6466,4
NaN,18,16,808.003,477.749,4
NaN,18,17,808.0078999999999,478.3816,4
NaN,18,16,810.1191,479.498,4
NaN,18,17,809.9412,479.641,4
NaN,18,16,811.0174,480.2741,4
NaN,18,16,810.8094,479.6363,4
NaN,18,16,809.8943,479.3996,4
NaN,18,16,809.2921,480.318,4
NaN,18,16,809.3992,478.3288,4
NaN,18,17,810.5694999999999,483.6457,4
NaN,18,16,812.0809,486.8938,4
NaN,18,16,813.1641,485.8235,4
NaN,18,16,813.4723,485.5598,4
NaN,18,16,811.506,484.4623,4
NaN,18,16,814.446,483.1653,4
NaN,18,16,812.8269,484.3872,4
NaN,18,16,811.747,484.7388,4
NaN,18,16,813.9311,487.0847,4
NaN,18,16,815.1912,488.7846,4
NaN,18,16,814.612,488.7864,4
NaN,18,16,814.7032,490.4623,4
NaN,18,16,814.6162,491.8383,4
NaN,18,16,815.5484,493.6516,4
NaN,18,17,813.8962,494.3172,4
NaN,18,16,814.3565,493.4724,4
NaN,18,16,812.7814,492.2764,4
NaN,18,16,814.1984,493.4064,4
NaN,18,16,816.1057,494.6528,4
NaN,18,16,817.0694999999999,495.7459,4
NaN,18,17,815.7104,495.907,4
NaN,18,16,814.8157,495.3633,4
NaN,18,16,813.4098,495.2468,4
NaN,18,16,814.9478,497.3921,4
NaN,18,16,814.9521999999999,497.6875,4
NaN,18,16,814.8555,498.3188,4
NaN,18,16,813.9963,498.8541,4
NaN,18,16,813.5176,500.5842,4
NaN,18,17,813.7309,502.0628,4
NaN,18,16,814.6198000000001,503.6727,6
NaN,0,0,0,0,6
NaN,18,17,811.7447,504.8478,6
NaN,18,15,814.1858,506.5235,6
NaN,18,15,818.8718,506.0641,6
NaN,18,17,818.4881,506.4163,6
NaN,18,16,814.8225,505.6202,6
NaN,17,17,816.4435999999999,505.8946,6
NaN,18,16,814.6428,505.1739,6
NaN,19,16,814.9619,506.2972,6
NaN,19,15,815.6348,508.2688,6
NaN,19,15,816.8438,508.8905,6
NaN,18,16,817.3902,510.5229,6
NaN,18,16,816.8308,511.5673,6
NaN,18,16,817.2651,514.2816,6
NaN,0,0,0,0,6
NaN,18,16,816.2258,515.319,6
NaN,18,16,815.8863,515.6401,6
NaN,18,16,815.3988000000001,515.2957,6
NaN,18,16,815.9627,516.1924,6
NaN,18,16,815.7459,516.4376999999999,6
NaN,18,16,817.0069,516.2555,6
NaN,18,16,819.2954999999999,516.936,6
NaN,18,16,822.4927,523.9754,6
NaN,18,17,828.6904,527.8453,6
NaN,18,16,836.1943,530.2419,6
NaN,18,16,842.3637,536.3769,6
NaN,18,16,842.0105,547.7548,6
NaN,18,15,842.7804,559.7622,6
NaN,0,0,0,0,6
NaN,0,0,0,0,6
NaN,18,16,823.4986,568.6437,6
NaN,0,0,0,0,6
NaN,0,0,0,0,6
NaN,18,15,821.4690000000001,566.1559,6
NaN,18,16,821.6681,565.6968000000001,6
NaN,18,16,823.6103000000001,565.4451,6
NaN,18,16,824.2378,561.5823,6
NaN,18,16,824.3988000000001,558.8741,6
NaN,18,16,824.4357,559.6523999999999,6
NaN,18,15,824.0566,559.9087,6
NaN,11,15,607.0472,508.2217,6
