NaN,19,19,721.9527,29.0628,1
NaN,19,19,722.3911000000001,29.1379,1
NaN,19,19,722.6692,29.2071,1
NaN,19,19,722.6785,29.2643,1
NaN,19,19,722.2821,29.5921,1
NaN,19,19,721.919,29.2124,1
NaN,19,19,721.9654,29.2787,1
NaN,19,19,721.7914,29.3071,1
NaN,19,19,721.576,29.1642,1
NaN,19,19,721.5522999999999,28.9852,1
NaN,19,19,721.6926,29.2742,1
NaN,19,19,721.204,29.1703,1
NaN,19,19,720.551,29.1851,1
NaN,19,19,720.5444,29.6404,1
NaN,19,19,720.3106,29.5825,1
NaN,19,19,719.8416999999999,29.6061,1
NaN,19,19,719.6172,29.4758,1
NaN,19,19,719.7045000000001,29.6216,1
NaN,19,19,720.0402,29.8294,1
NaN,19,19,720.2487,29.8831,1
NaN,19,19,720.481,30.3882,1
NaN,19,19,720.1196,30.7736,1
NaN,19,19,720.1106,31.2531,1
NaN,19,19,720.6599,31.3491,1
NaN,19,19,720.8394,31.6174,1
NaN,19,19,720.776,31.5421,1
NaN,19,19,720.8115,31.7932,1
NaN,19,19,720.7353000000001,31.8339,1
NaN,19,19,721.1384,31.6182,1
NaN,19,19,721.3463,31.7468,1
NaN,19,19,721.2523,32.3953,1
NaN,19,19,721.3929000000001,32.9156,1
NaN,19,19,721.6847,33.1312,1
NaN,19,19,721.7139,33.486,1
NaN,19,19,721.4317,33.4631,1
NaN,19,19,721.2412,33.6201,1
NaN,19,19,721.6375,33.6618,1
NaN,19,19,722.0194,33.6224,1
NaN,19,19,722.2275,33.4981,1
NaN,19,19,722.0913,34.1518,1
NaN,19,19,722.2385,34.7592,1
NaN,19,19,721.639,34.8941,1
NaN,19,19,721.3892,34.8847,1
NaN,19,19,721.6627999999999,34.9745,1
NaN,19,19,721.9775,35.1418,1
NaN,19,19,722.1593,35.4098,1
NaN,19,19,722.273,35.26,1
NaN,19,19,722.1744,35.1685,1
NaN,19,19,722.2607,35.3564,1
NaN,19,19,721.7606,35.0158,1
NaN,19,19,721.5413,34.722,1
NaN,19,19,721.3404,34.7343,1
NaN,19,19,720.9252,34.3777,1
NaN,19,19,720.5107,34.5444,1
NaN,19,19,720.7822,34.4962,1
NaN,19,19,720.8994,33.8723,1
NaN,19,19,720.7994,33.4021,1
NaN,19,19,721.1661,32.8543,1
NaN,19,19,721.3766000000001,32.7921,1
NaN,19,19,721.5636,32.7967,1
NaN,19,19,720.8915,32.7542,1
NaN,19,19,721.0054,32.3586,1
NaN,19,19,720.2295,31.846,1
NaN,19,19,720.5214,31.906,1
NaN,19,19,720.9897,31.385,1
NaN,19,19,721.1952,31.5288,1
NaN,19,19,721.4073,31.2804,1
NaN,19,19,721.1671,31.3833,1
NaN,19,19,720.7805,31.7034,1
NaN,19,19,720.6114,31.2684,1
NaN,19,19,720.6659,31.4901,1
NaN,19,19,721.1497000000001,31.3154,1
NaN,19,19,721.3377,31.3859,1
NaN,19,19,721.309,31.6487,1
NaN,19,19,721.7472,31.7605,1
NaN,19,19,722.4745,31.6603,1
NaN,19,19,722.6217,31.8527,1
NaN,19,19,722.8071,31.8743,1
NaN,19,19,722.9781,32.0846,1
NaN,19,19,722.9858,32.2618,1
NaN,19,19,723.2874,31.8706,1
NaN,19,19,723.3687,31.6949,1
NaN,19,19,723.8205,32.1174,1
NaN,19,19,724.2641,32.3301,1
NaN,19,19,724.4514,32.2335,1
NaN,19,19,723.9038,31.8933,1
NaN,19,19,723.7063000000001,31.902,1
NaN,19,20,724.0901,32,1
NaN,19,19,724.3575,31.9398,1
NaN,19,19,724.5795000000001,32.3094,1
NaN,19,19,724.5916,31.9958,1
NaN,19,19,724.0956,32.1591,1
NaN,19,19,723.6812,32.3123,1
NaN,19,19,723.7196,31.8065,1
NaN,19,19,723.7771,31.5546,1
NaN,19,19,723.2348,31.4411,1
NaN,19,19,722.7190000000001,31.537,1
NaN,19,19,722.4741,31.7458,1
NaN,19,19,722.3671000000001,31.4799,1
NaN,19,19,722.4704,31.212,1
NaN,19,19,722.199,31.2334,1
NaN,19,20,721.4247,31.3343,4
NaN,19,19,720.9378,31.6904,4
NaN,19,20,720.0472,32.0122,4
NaN,19,20,719.6177,32.142,4
NaN,19,19,719.4323000000001,32.4126,4
NaN,19,20,719.2045000000001,32.8252,4
NaN,19,19,719.6362,32.8945,4
NaN,19,19,719.7131000000001,33.0056,4
NaN,19,20,719.576,33.5569,4
NaN,19,19,719.4772,34.0709,4
NaN,19,20,719.5170000000001,34.4814,4
NaN,19,20,719.404,34.9453,4
NaN,19,20,719.458,35.7159,4
NaN,19,20,719.11,36.2561,4
NaN,19,20,718.6686999999999,36.7612,4
NaN,19,20,718.6256,37.3957,4
NaN,19,20,719.3181,37.488,4
NaN,19,20,719.8633,37.7886,4
NaN,19,20,720.1034,38.7472,4
NaN,19,20,720.3291,39.3293,4
NaN,19,20,720.3171,40.0499,4
NaN,19,20,720.5802,40.7776,4
NaN,19,20,721.4653,41.6008,4
NaN,19,20,721.5993,42.6561,4
NaN,19,20,721.6775,43.1424,4
NaN,19,20,722.1113,43.8333,4
NaN,19,20,722.0417,44.2306,4
NaN,19,20,722.1907,44.7142,4
NaN,19,20,722.335,45.0736,4
NaN,19,20,722.4007,46.0501,4
NaN,19,20,723.0857999999999,46.9234,4
NaN,19,20,723.1455,47.7316,4
NaN,19,20,723.6681,48.3045,4
NaN,19,20,723.78,48.614,4
NaN,19,20,723.981,48.7973,1
NaN,19,20,724.5966,48.6754,1
NaN,19,20,724.8376,48.681,1
NaN,19,20,724.5948,48.3778,1
NaN,19,20,724.5,48.3776,1
NaN,19,20,724.5282999999999,48.4032,1
NaN,19,19,724.7775,48.3238,1
NaN,19,20,725.2472,47.964,1
NaN,19,19,726.0561,47.6123,1
NaN,19,19,726.6199,47.7396,1
NaN,19,19,726.7976,47.5057,1
NaN,19,19,726.8511999999999,47.5786,1
NaN,19,19,727.0564000000001,47.879,1
NaN,19,19,727.5846,47.9273,1
NaN,19,19,728.0691,47.844,1
NaN,19,19,728.3751999999999,47.6518,1
NaN,20,19,728.5008,48.1643,1
NaN,19,19,728.2405,48.2247,1
NaN,19,19,727.8567,48.2609,2
NaN,19,19,727.4168,48.3634,2
NaN,20,20,727.5349,48.943,2
NaN,20,20,729.7403,50.69,2
NaN,20,20,735.4926,53.4105,2
NaN,20,20,744.0442,58.6396,2
NaN,20,20,746.6999,61.0063,2
NaN,19,20,748.554,63.0919,2
NaN,19,20,747.9083000000001,64.7529,2
NaN,19,19,746.7272,66.349,2
NaN,19,20,744.8237,67.7645,2
NaN,19,19,742.1905,68.7945,2
NaN,19,19,738.4193,68.7824,2
NaN,19,19,736.1581,69.0108,2
NaN,19,19,734.337,68.84059999999999,2
NaN,19,19,734.5943,68.2213,2
NaN,19,19,735.1536,68.0056,1
NaN,19,19,735.8761,67.3258,1
NaN,19,19,736.556,67.83499999999999,1
NaN,19,19,736.6427,68.19670000000001,1
NaN,19,19,736.0847,68.6495,1
NaN,19,19,735.8615,69.2928,1
NaN,19,19,735.5393,70.03579999999999,1
NaN,19,19,735.4225,70.83150000000001,1
NaN,19,19,734.9651,71.4996,1
NaN,19,19,734.4144,71.2679,1
NaN,19,19,733.8739,71.34739999999999,1
NaN,19,19,733.4689,71.4864,1
NaN,19,19,733.2768,71.8858,1
NaN,19,19,733.5205999999999,71.87350000000001,1
NaN,19,19,733.7195,71.9894,1
NaN,19,19,733.72,72.32389999999999,1
NaN,19,19,733.535,72.4492,1
NaN,19,19,733.345,72.6123,1
NaN,19,19,733.109,72.5557,1
NaN,19,19,733.044,72.7174,2
NaN,19,20,732.8807,73.31529999999999,2
NaN,19,20,732.9584,73.9143,2
NaN,19,20,733.0864,75.16459999999999,2
NaN,19,20,733.3105,75.7959,2
NaN,19,20,733.7677,76.55670000000001,2
NaN,19,20,734.4722,77.5549,2
NaN,19,20,734.6065,78.6177,2
NaN,19,20,734.6567,79.4654,2
NaN,19,20,734.7784,80.354,2
NaN,19,20,734.8006,81.2632,2
NaN,19,20,734.8539,82.83540000000001,2
NaN,19,20,735.6840999999999,85.4714,2
NaN,19,20,736.5088,87.4952,2
NaN,19,20,736.7241,88.97790000000001,2
NaN,19,20,736.78,89.85039999999999,2
NaN,19,20,736.2853,89.9653,2
NaN,19,20,736.4466,89.5528,2
NaN,19,20,736.8451,88.14230000000001,2
NaN,19,20,737.9529,86.69240000000001,2
NaN,20,20,738.9247,85.3158,2
NaN,19,20,740.0269,84.8836,2
NaN,19,20,740.7935,85.5655,2
NaN,20,20,740.9333,86.6893,2
NaN,20,20,741.3913,88.2557,2
NaN,19,20,741.7548,89.7889,2
NaN,19,20,741.6855,90.2959,4
NaN,20,20,741.9105,90.84999999999999,4
NaN,20,20,742.371,90.93089999999999,4
NaN,20,20,741.9791,90.3124,4
NaN,20,20,742.3046000000001,89.9546,4
NaN,20,20,741.6005,89.7696,4
NaN,20,20,741.5355,89.5607,4
NaN,20,20,742.0594,89.54600000000001,4
NaN,20,20,742.198,89.29219999999999,4
NaN,20,20,742.8196,89.4927,4
NaN,20,20,742.4893,89.1194,4
NaN,20,20,742.8933,89.3998,4
NaN,20,20,742.7769,89.77160000000001,4
NaN,20,20,742.2928000000001,89.8788,4
NaN,20,20,742.2814,90.0312,4
NaN,20,20,742.319,90.5296,4
NaN,20,20,742.204,90.49120000000001,4
NaN,20,20,741.8528,90.8734,4
NaN,20,20,741.8792,91.2358,4
NaN,20,20,741.5868,91.7059,4
NaN,20,20,740.7827,91.79219999999999,4
NaN,20,20,740.6454,91.8698,4
NaN,20,20,740.4576,91.9242,4
NaN,20,20,740.3517000000001,92.2351,4
NaN,20,20,740.1159,93.1178,4
NaN,20,20,739.5143,93.4263,4
NaN,20,20,738.8236000000001,93.3944,4
NaN,20,20,738.2535,93.71120000000001,4
NaN,20,20,738.297,94.1138,4
NaN,20,20,738.4246000000001,94.4389,4
NaN,19,20,737.9883,94.9173,4
NaN,19,20,737.2800999999999,94.9465,4
NaN,20,20,737.0802,95.2149,4
NaN,20,20,736.7102,95.3342,4
NaN,20,20,736.8099,96.0176,4
NaN,20,20,736.9944,96.5146,4
NaN,20,20,737.2397999999999,96.617,4
NaN,20,20,737.097,96.79470000000001,4
NaN,20,20,736.6418,96.22410000000001,4
NaN,20,20,736.5667,95.9783,4
NaN,19,20,736.0744,95.3248,4
NaN,19,20,735.6639,94.62560000000001,4
NaN,20,20,734.5104,94.9088,4
NaN,20,20,734.1,95.01179999999999,4
NaN,20,20,733.412,95.74120000000001,4
NaN,19,20,733.0878,96.26900000000001,4
NaN,19,20,733.1926999999999,96.16240000000001,4
NaN,20,20,733.2317,96.39060000000001,4
NaN,19,20,733.1989,96.5539,4
NaN,21,20,732.5472,96.6819,4
NaN,21,21,732.2501999999999,97.167,4
NaN,20,21,732.3741,98.2512,4
NaN,21,21,732.668,98.5731,4
NaN,21,20,733.0158,98.1075,4
NaN,21,21,733.2007,98.0411,4
NaN,20,21,733.1567,97.61799999999999,4
NaN,20,21,733.1624,97.9855,4
NaN,20,21,732.9206,97.8274,4
NaN,20,21,732.6151,97.3554,4
NaN,20,21,732.1194,97.8826,4
NaN,21,21,731.9628,98.13120000000001,4
NaN,21,21,731.8878999999999,97.9631,4
NaN,21,21,732.0375,98.31950000000001,4
NaN,21,21,732.0925999999999,98.242,4
NaN,21,21,732.082,97.9744,4
NaN,21,21,732.4727,98.22369999999999,4
NaN,21,21,732.3083,98.0703,4
NaN,21,21,732.2419,98.41840000000001,4
NaN,21,21,732.3928,98.3601,4
NaN,21,21,732.6099,97.8777,4
NaN,21,21,732.5894,97.58710000000001,4
NaN,21,21,732.6829,97.48220000000001,4
NaN,20,21,732.8619,97.7132,4
NaN,21,21,732.9709,98.28660000000001,4
NaN,21,21,733.1531,98.4952,4
NaN,21,21,733.6532999999999,98.5321,4
NaN,21,21,733.9745,98.9332,4
NaN,21,21,734.2556,99.4162,4
NaN,21,21,733.7781,99.38890000000001,4
NaN,20,21,734.6130000000001,99.2432,4
NaN,21,21,734.7536,99.0462,4
NaN,21,20,735.2093,100.0693,4
NaN,21,21,735.3912,100.7594,4
NaN,21,21,735.136,101.1729,4
NaN,21,20,734.7326,102.1346,4
NaN,20,20,735.092,102.4673,4
NaN,21,20,735.3637,103.5371,4
NaN,20,20,736.1916,104.0866,4
NaN,21,20,736.0845,104.4745,4
NaN,21,20,736.0513,104.7862,4
NaN,21,20,735.9256,105.0544,4
NaN,20,20,736.2192,105.2753,4
NaN,21,21,736.5826,105.7272,4
NaN,21,20,736.7671,106.2543,4
NaN,20,20,737.3521,107.1719,4
NaN,21,20,737.6429000000001,107.7167,4
NaN,20,20,738.008,108.1292,4
NaN,20,20,738.5234,108.7431,4
NaN,20,21,739.6195,109.0177,4
NaN,20,20,740.4301,109.4468,4
NaN,20,20,741.0262,109.7617,4
NaN,20,20,741.2515,110.0097,4
NaN,20,20,741.6972,110.0364,4
NaN,20,20,742.598,110.8676,4
NaN,20,20,743.4622000000001,111.6606,4
NaN,20,20,744.0397,112.3271,4
NaN,20,20,744.4896,113.134,4
NaN,20,20,745.5341,113.4153,4
NaN,20,20,745.7377,113.9836,4
NaN,20,21,745.8905,114.1953,4
NaN,20,21,745.7002,114.3269,4
NaN,20,20,745.7208000000001,115.1231,4
NaN,20,20,745.8086,115.5983,4
NaN,20,20,745.9483,115.8033,4
NaN,20,21,746.6596,116.468,4
NaN,20,21,746.8386,117.1007,4
NaN,20,21,747.486,117.603,4
NaN,20,20,747.4443,117.9913,4
NaN,20,21,747.3920000000001,118.4191,4
NaN,20,21,747.2087,118.5651,4
NaN,20,21,746.9387,119.3902,4
NaN,20,21,746.6212,120.0589,4
NaN,20,21,746.4258,120.7123,4
NaN,20,20,746.1098,120.4773,4
NaN,20,21,745.9278,120.8409,4
NaN,20,21,746.1021,120.9539,4
NaN,20,21,746.1124,121.4624,4
NaN,20,21,746.1582,121.9798,4
NaN,20,21,746.309,122.2602,2
NaN,20,21,745.5893,122.9642,2
NaN,21,21,744.0225,124.4128,2
NaN,20,21,742.3711,125.7209,2
NaN,21,21,739.4654,126.568,2
NaN,21,21,735.6464999999999,127.3237,2
NaN,21,21,730.524,128.3397,2
NaN,21,21,726.221,130.0275,2
NaN,20,21,723.0386999999999,132.3799,2
NaN,21,21,722.2001,134.3733,2
NaN,20,21,722.1191,134.7342,3
NaN,21,21,723.3647,135.0416,3
NaN,21,21,725.2727,135.1301,3
NaN,21,21,726.6064,134.0883,3
NaN,21,21,727.6193,134.1491,3
NaN,21,21,727.9491,133.358,3
NaN,21,21,728.2957,132.8322,3
NaN,21,21,728.6691,132.158,3
NaN,21,21,728.3577,132.2231,4
NaN,21,21,728.5682,132.6512,4
NaN,21,21,729.0381,133.2709,4
NaN,21,21,729.4392,133.7427,4
NaN,21,21,730.3409,133.2884,4
NaN,21,21,731.5789,133.2931,4
NaN,21,21,732.0669,133.1859,4
NaN,21,21,732.694,132.8108,4
NaN,21,21,732.9801,133.0608,4
NaN,21,21,733.457,133.4297,4
NaN,21,21,733.6692,134.4815,4
NaN,21,21,734.2276000000001,134.9306,4
NaN,21,21,734.8887999999999,134.3842,4
NaN,21,21,735.1703,134.5406,4
NaN,21,21,735.5614,134.2118,4
NaN,21,21,735.7766,134.1907,4
NaN,21,21,736.0153,134.2459,4
NaN,21,21,736.3845,134.1098,4
NaN,21,21,737.1989,134.0494,4
NaN,21,21,737.3039,134.0511,4
NaN,21,21,737.4242,133.9628,4
NaN,21,21,737.9102,134.7066,4
NaN,21,21,737.865,135.061,4
NaN,21,20,737.9689,135.3381,4
NaN,21,21,738.1383,135.6558,4
NaN,21,20,738.1744,135.563,4
NaN,21,20,738.5199,135.8125,4
NaN,21,22,738.6469,136.4361,4
NaN,21,22,738.7578999999999,137.2397,4
NaN,21,21,738.129,137.5964,4
NaN,20,20,737.7487,137.9926,4
NaN,21,20,737.8814,138.1265,4
NaN,20,20,737.9299,138.0951,4
NaN,21,21,737.9797,138.2741,4
NaN,20,20,738.1509,138.7397,4
NaN,21,20,738.3532,139.0226,4
NaN,20,20,738.6056,138.8869,4
NaN,20,21,739.0258,138.8657,4
NaN,20,21,739.0328,139.2562,4
NaN,20,21,739.1681,139.6465,4
NaN,20,20,739.4337,140.3518,4
NaN,20,21,739.7435,140.535,4
NaN,20,20,740.2056,140.7267,4
NaN,20,21,740.7548,140.799,4
NaN,20,21,740.6744,140.7695,4
NaN,20,21,741.1415,140.8256,4
NaN,20,21,741.4635,141.0154,4
NaN,20,21,742.0337,141.3548,4
NaN,20,21,742.2335,141.909,4
NaN,20,21,742.5907,142.6238,4
NaN,20,21,742.2804,143.485,4
NaN,20,21,742.7112,144.2038,4
NaN,20,21,743.1675,144.4982,4
NaN,20,21,743.7744,144.7646,4
NaN,20,21,744.5135,145.0176,4
NaN,20,21,744.9917,145.3763,4
NaN,20,21,745.4391000000001,145.4278,4
NaN,20,21,745.4965,145.9893,4
NaN,20,21,745.6481,146.1557,4
NaN,20,21,745.8189,146.2173,4
NaN,20,21,745.6707,146.3987,4
NaN,20,21,745.9998000000001,146.1086,4
NaN,20,21,746.5774,145.6643,4
NaN,20,21,747.3035,145.5085,4
NaN,20,21,747.2894,145.8422,4
NaN,20,21,746.9065000000001,146.2825,4
NaN,20,21,747.0069999999999,146.7497,4
NaN,20,21,747.1485,147.1711,4
NaN,20,21,747.3278,147.0208,4
NaN,20,21,747.5556,147.141,4
NaN,20,21,747.3742999999999,147.5572,4
NaN,20,21,747.1869,147.8826,4
NaN,20,21,747.5069999999999,148.5198,4
NaN,20,21,747.4535,148.6194,4
NaN,20,21,747.5548,148.5876,4
NaN,20,21,747.7894,148.7459,4
NaN,20,21,747.7221,148.6207,4
NaN,20,21,747.8756,148.3932,4
NaN,20,21,748.1941,148.4422,4
NaN,20,21,748.097,148.7647,4
NaN,20,21,748.2584000000001,149.2305,4
NaN,20,21,748.37,149.9967,4
NaN,20,21,747.9266,150.7086,4
NaN,20,21,747.9615,150.727,4
NaN,20,21,747.9619,150.1609,4
NaN,20,21,748.3422,149.7508,4
NaN,20,21,748.3068,149.7304,4
NaN,20,21,747.8194999999999,149.6971,4
NaN,20,21,747.8611,150.0247,4
NaN,20,21,747.4878,150.162,4
NaN,20,21,747.6348,150.245,4
NaN,20,21,747.4705,149.9868,4
NaN,20,21,747.6316,149.9568,4
NaN,20,21,747.7984,150.4175,4
NaN,20,21,748.1558,150.7004,4
NaN,20,21,748.6116,150.9695,4
NaN,20,21,748.8203999999999,151.4808,4
NaN,20,21,748.4446,151.8107,4
NaN,20,21,748.1155,151.9051,4
NaN,20,21,748.7074,152.6223,4
NaN,20,21,749.0491,152.7138,4
NaN,20,21,749.3633,152.9852,4
NaN,20,20,749.8957,153.4806,4
NaN,20,21,749.8366,153.7211,4
NaN,20,21,749.316,153.9446,4
NaN,20,21,749.4076,154.1956,4
NaN,20,21,749.6119,154.2458,4
NaN,20,21,749.921,154.1184,4
NaN,20,20,749.9516,154.5169,4
NaN,20,21,749.4669,154.7552,4
NaN,20,21,748.6207000000001,155.2466,4
NaN,20,20,747.9763,156.171,4
NaN,20,20,747.6797,156.9069,4
NaN,20,20,747.6345,157.1879,4
NaN,20,20,747.8085,157.5448,4
NaN,20,20,748.2325,157.972,4
NaN,20,20,748.398,158.5664,4
NaN,20,20,748.5209,159.5283,4
NaN,20,20,748.3577,159.8852,4
NaN,20,20,748.501,160.4956,4
NaN,20,20,748.272,160.9895,4
NaN,20,20,748.0856,161.3808,4
NaN,20,20,748.047,161.2858,4
NaN,20,20,748.4787,161.5298,4
NaN,20,20,748.7803,162.2043,4
NaN,20,20,748.866,162.4102,4
NaN,20,20,749.0993999999999,162.9584,4
NaN,20,20,748.7476,163.2902,4
NaN,20,20,748.6361000000001,163.4594,4
NaN,20,20,748.4077,164.1602,4
NaN,20,20,748.3761,164.4765,4
NaN,20,20,749.3379,165.3119,4
NaN,20,20,749.3115,166.3947,4
NaN,20,20,748.819,166.6506,4
NaN,20,21,748.5458,167.321,4
NaN,20,20,748.1427,167.8611,4
NaN,20,21,747.9994,168.8919,4
NaN,20,21,747.6039,169.7218,4
NaN,20,20,746.9494,169.5726,4
NaN,20,21,746.2114,169.9794,4
NaN,20,21,745.5946,169.9883,4
NaN,20,20,745.6895,170.7472,4
NaN,20,21,745.8561999999999,171.6263,4
NaN,20,21,745.0909,172.1576,4
NaN,20,21,744.8704,172.8288,4
NaN,20,21,745.0017,173.4374,4
NaN,20,21,744.572,173.9272,4
NaN,20,21,745.0019,174.8542,4
NaN,20,21,744.8875,175.1837,4
NaN,20,21,744.8708,175.0893,4
NaN,20,21,744.9722,174.9814,4
NaN,20,21,744.3217,175.4707,4
NaN,20,21,744.2598,176.2469,4
NaN,20,21,744.5028,176.9773,4
NaN,20,21,744.4756,177.6498,4
NaN,20,21,744.8842,178.0665,4
NaN,20,21,745.2842000000001,177.5293,4
NaN,20,21,745.6088,177.2184,4
NaN,20,21,745.6522,177.7927,4
NaN,20,21,745.2156,178.278,4
NaN,20,21,744.7406,178.1343,4
NaN,20,21,744.4935,178.0638,4
NaN,20,21,744.5051,178.0096,4
NaN,20,21,744.182,177.8333,4
NaN,20,21,744.7383,178.0726,4
NaN,20,21,745.1227,178.448,4
NaN,20,21,744.7653,178.5506,4
NaN,20,21,745.0051,178.9657,4
NaN,20,21,745.1432,178.4637,4
NaN,20,21,745.3075,177.9565,4
NaN,20,21,745.2744,177.9097,4
NaN,20,21,745.1459,177.6803,4
NaN,20,21,744.9372,177.8763,4
NaN,20,20,744.9946,178.2049,4
NaN,20,20,745.3917,178.1841,4
NaN,20,21,745.9439,178.0206,4
NaN,20,20,746.2805,177.9146,4
NaN,20,20,746.1446999999999,177.93,4
NaN,20,20,746.0341,178.2352,4
NaN,20,20,745.9761,178.3513,4
NaN,20,20,745.7206,179.0769,4
NaN,20,20,746.7132,179.7096,4
NaN,20,20,746.8645,179.7012,4
NaN,20,20,746.6884,179.8893,4
NaN,20,20,747.3733,180.243,4
NaN,20,20,747.5701,181.2132,4
NaN,20,20,748.1007,181.6313,4
NaN,20,20,748.4064,181.7363,4
NaN,20,20,748.5755,182.1579,4
NaN,20,20,748.9559,182.5162,4
NaN,20,20,749.0371,182.4487,4
NaN,20,20,748.8336,182.5179,4
NaN,20,20,748.5428000000001,182.8708,4
NaN,20,20,748.8775000000001,182.8078,4
NaN,20,20,749.7311999999999,182.9045,4
NaN,20,20,749.5008,183.1557,4
NaN,20,20,749.6072,183.6585,4
NaN,20,20,749.3576,183.2376,4
NaN,20,20,749.1934,183.9365,4
NaN,20,20,749.5179000000001,183.9131,4
NaN,20,20,749.5839999999999,183.5316,4
NaN,20,20,749.8296,184.0116,4
NaN,20,20,749.7928000000001,183.6315,4
NaN,20,20,749.3973999999999,183.23,4
NaN,20,20,749.9334,183.568,4
NaN,20,20,750.6671,183.9323,4
NaN,20,20,751.498,184.4556,4
NaN,20,20,752.2231,184.4495,4
NaN,20,20,751.9349,184.8118,4
NaN,20,20,752.0343,185.4403,4
NaN,20,20,751.8336,186.2314,4
NaN,20,20,751.9903,186.5589,4
NaN,20,20,752.2794,186.0139,4
NaN,20,20,752.311,185.5358,4
NaN,20,20,752.2573,185.4733,4
NaN,20,20,752.0469000000001,185.5354,4
NaN,20,20,751.9323000000001,185.0395,4
NaN,20,20,751.3664,184.7945,4
NaN,20,20,751.2204,184.8333,4
NaN,20,20,750.8396,185.0662,4
NaN,20,20,750.3169,185.2357,4
NaN,20,20,750.3047,185.6003,4
NaN,20,20,750.4334,186.0413,4
NaN,20,20,750.5821999999999,186.1381,4
NaN,20,20,750.4551,186.0074,4
NaN,20,20,749.9527,186.0399,4
NaN,20,20,749.6617,185.6615,4
NaN,20,20,748.9267,185.5445,4
NaN,20,20,748.8253,185.6865,4
NaN,20,20,748.7833000000001,185.8001,4
NaN,20,20,748.6686,186.0736,4
NaN,20,20,749.2571,185.6194,4
NaN,20,20,748.8838,186.2048,4
NaN,20,20,748.9074000000001,186.6455,4
NaN,20,20,749.0425,187.5357,4
NaN,20,20,749.0909,187.9213,4
NaN,20,20,748.9471,187.5807,4
NaN,20,20,749.3029,187.9102,4
NaN,20,20,748.9876,188.2041,4
NaN,20,20,748.9855,188.1978,4
NaN,20,20,748.5805,188.3654,4
NaN,20,20,748.4586,188.5888,4
NaN,20,20,748.651,188.8016,4
NaN,19,20,748.0386,189.3327,4
NaN,20,20,747.783,190.0513,4
NaN,20,20,747.7198,190.2531,4
NaN,20,20,747.6756,190.8327,4
NaN,20,20,747.9471,191.1728,4
NaN,20,20,747.7211,191.3428,4
NaN,20,20,746.5988,191.7051,4
NaN,20,20,746.4772,192.1938,4
NaN,20,20,746.9463,192.5221,4
NaN,20,20,746.8099,193.1527,4
NaN,20,20,747.0158,193.398,4
NaN,20,20,746.1387,193.1816,4
NaN,20,20,745.3595,192.6971,4
NaN,19,20,744.5951,192.2015,4
NaN,20,20,744.3291,192.0505,4
NaN,19,21,743.9422,191.9584,4
NaN,20,20,743.5662,191.26,4
NaN,20,20,743.6202,190.8095,4
NaN,20,21,743.836,190.3153,4
NaN,19,21,744.9728,190.3677,4
NaN,20,19,745.1306,190.4098,4
NaN,20,19,744.9152,190.8875,4
NaN,20,20,745.1704999999999,191.1691,4
NaN,20,20,745.5096,191.4271,4
NaN,20,21,745.6987,191.1766,4
NaN,20,20,746.0277,191.6009,4
NaN,20,20,746.7924,192.3181,4
NaN,20,20,747.4091,193.1222,4
NaN,20,20,747.9469,193.5812,4
NaN,20,20,748.1911,194.2539,4
NaN,20,20,748.1156,195.2534,4
NaN,20,20,748.7028,196.4805,4
NaN,20,20,749.3243,197.4116,4
NaN,20,20,749.1343000000001,198.1618,4
NaN,20,20,749.0431,198.323,4
NaN,20,20,748.8929000000001,199.0704,4
NaN,20,20,748.8853,199.4733,4
NaN,20,20,748.9247,199.6547,4
NaN,20,20,749.091,200.0738,4
NaN,20,20,748.5119,199.9929,4
NaN,19,20,748.4228000000001,200.2668,4
NaN,19,20,748.5856,201.1128,4
NaN,20,20,748.5359999999999,201.4045,4
NaN,19,20,748.6721,201.1294,4
NaN,19,20,749.5069,200.796,4
NaN,19,20,750.5897,200.5956,4
NaN,19,20,751.2765000000001,200.7031,4
NaN,19,20,751.5155,201.6083,4
NaN,20,20,751.6014,201.9056,4
NaN,19,20,750.7737,202.5547,4
NaN,19,20,751.0671,202.8961,4
NaN,19,20,752.301,203.5023,4
NaN,19,20,753.7928000000001,203.3314,4
NaN,19,20,754.7757,203.6225,4
NaN,19,20,754.933,204.0853,4
NaN,19,20,755.1149,204.1515,4
NaN,20,20,754.4014,204.454,4
NaN,19,20,754.6566,204.7177,4
NaN,19,20,754.7876,205.3748,4
NaN,19,20,754.9589999999999,205.8022,4
NaN,19,20,754.8756,206.1224,4
NaN,19,20,755.2448000000001,206.5664,4
NaN,19,20,755.3876,206.8379,4
NaN,19,20,755.5515,206.8184,4
NaN,19,20,756.0694,206.6768,4
NaN,19,20,756.872,206.5511,4
NaN,19,20,756.4385,206.8195,4
NaN,19,20,756.4831,206.776,4
NaN,19,20,756.6044000000001,206.9426,4
NaN,19,20,756.1819,207.5788,4
NaN,19,20,756.0064,207.8392,4
NaN,19,20,755.8738,208.6534,4
NaN,19,20,756.0546000000001,208.5591,4
NaN,19,20,756.3232,209.4113,4
NaN,19,20,757.0529,209.4942,4
NaN,19,20,757.6804,210.2075,4
NaN,19,20,758.398,211.7395,4
NaN,19,20,758.649,212.1945,4
NaN,19,20,758.6731,212.7396,4
NaN,19,20,758.5144,213.215,4
NaN,19,20,758.2427,213.4067,4
NaN,19,20,758.4483,213.9246,4
NaN,19,20,759.0126,214.7057,4
NaN,19,20,759.3513,215.5251,4
NaN,19,20,759.9174,216.0807,4
NaN,19,20,760.1738,216.1493,4
NaN,19,20,760.6387,216.5797,4
NaN,19,20,760.7796,217.0977,4
NaN,19,20,761.2086,217.4145,4
NaN,19,20,761.7415,218.1186,4
NaN,19,20,762.6336,218.5682,4
NaN,19,20,763.2231,220.2159,4
NaN,19,20,762.9054,221.732,4
NaN,19,20,763.078,223.0665,4
NaN,19,20,762.5558,224.1991,2
NaN,19,19,761.3674999999999,226.8212,2
NaN,19,19,760.3884,228.7204,2
NaN,19,19,758.6626,230.1901,2
NaN,19,20,757.7511,230.9373,2
NaN,19,20,757.2562,230.9711,2
NaN,19,20,756.9213,230.6764,4
NaN,19,20,757.3538,230.6174,4
NaN,19,20,758.2089,230.2881,4
NaN,19,20,758.9127999999999,230.0578,4
NaN,19,20,759.2535,230.0862,4
NaN,19,20,759.4502,229.8531,4
NaN,19,20,759.2195,229.2419,4
NaN,19,20,759.1743,229.1173,4
NaN,19,20,758.6509,229.0878,4
NaN,19,20,758.5159,229.8608,4
NaN,19,20,758.5436999999999,230.8536,4
NaN,19,20,759.0685,231.5099,4
NaN,19,20,759.352,231.9896,4
NaN,19,20,759.1141,232.1145,4
NaN,19,20,758.9274,232.4295,4
NaN,19,20,758.4363,232.1745,4
NaN,19,20,758.9834,232.7913,4
NaN,19,20,759.7691,232.9534,4
NaN,19,20,759.8788,233.1049,4
NaN,19,20,760.0332,233.1998,4
NaN,19,20,760.173,233.1913,4
NaN,19,20,759.569,232.1592,4
NaN,19,20,759.3528,231.7578,4
NaN,19,20,758.9887,230.9894,4
NaN,19,20,759.138,230.8592,4
NaN,19,20,758.4524,230.6555,4
NaN,19,20,758.044,230.391,4
NaN,19,20,757.0762999999999,229.9303,4
NaN,19,20,756.5305,229.6645,4
NaN,19,20,756.3788,229.8481,4
NaN,18,20,756.0466,230.1193,4
NaN,19,20,756.2014,230.6811,4
NaN,18,20,755.9678,231.3204,4
NaN,19,20,755.0818,231.8264,4
NaN,18,20,754.9222,231.9767,4
NaN,19,20,754.5375,231.8316,4
NaN,18,20,754.2007,232.2014,4
NaN,19,20,753.0661,232.5736,4
NaN,19,20,752.0201,232.388,4
NaN,18,20,752.4382000000001,232.1145,4
NaN,19,20,752.3262,232.0573,4
NaN,18,20,752.6467,231.9831,4
NaN,18,20,752.6008,232.5001,4
NaN,19,20,752.6648,233.2945,4
NaN,19,20,752.2402,233.7896,4
NaN,18,20,751.8759,234.5715,4
NaN,19,20,751.2478,235.3053,4
NaN,19,20,750.9644,235.3565,4
NaN,18,20,750.5219,235.62,4
NaN,19,20,750.3123000000001,235.9271,4
NaN,19,20,749.965,236.7928,4
NaN,19,20,749.2767,237.4125,4
NaN,18,20,749.1746000000001,237.9097,4
NaN,18,20,749.2269,238.4375,4
NaN,18,20,749.4892,238.1029,4
NaN,18,20,750.3588999999999,239.0364,4
NaN,18,20,749.9235,239.9068,4
NaN,19,20,749.4832,240.2851,4
NaN,19,20,749.1119,240.7761,4
NaN,19,20,748.6282,240.6559,4
NaN,18,20,748.4616,240.8529,4
NaN,19,20,748.1511,241.6517,4
NaN,18,20,748.5326,241.7777,4
NaN,18,20,748.4429,242.5507,4
NaN,18,20,748.5227,242.4795,4
NaN,18,20,748.192,243.164,4
NaN,18,20,747.8341,243.545,4
NaN,18,20,747.5824,243.8011,4
NaN,18,20,747.096,243.5262,4
NaN,18,19,746.8838,243.1658,4
NaN,18,20,747.0979,242.7133,4
NaN,20,19,747.1852,242.4947,4
NaN,18,19,747.2859,242.6481,4
NaN,18,19,747.5413,242.7408,4
NaN,18,19,747.4489,242.912,4
NaN,18,19,747.4281999999999,242.7033,4
NaN,18,19,747.5576,242.9348,4
NaN,18,19,747.6888,242.4742,4
NaN,18,19,747.8348999999999,242.8205,4
NaN,20,19,747.7219,243.1374,4
NaN,18,19,747.8859,243.5238,4
NaN,19,19,747.8221,244.0754,4
NaN,18,20,747.0909,244.4949,4
NaN,18,19,746.9099,245.2241,4
NaN,18,19,746.7491,245.5721,4
NaN,18,19,746.7807,245.7551,4
NaN,18,19,746.3851,246.1802,4
NaN,18,19,746.4913,246.2832,4
NaN,18,19,746.8432,246.0504,4
NaN,18,20,747.0313,246.3747,4
NaN,18,19,747.0469000000001,247.1074,4
NaN,19,20,746.7949,247.381,4
NaN,20,20,746.6468,247.9797,4
NaN,19,19,746.1578,248.0048,4
NaN,18,19,746.1608,248.37,4
NaN,19,20,746.2503,248.735,4
NaN,18,20,746.8337,248.6725,4
NaN,18,19,746.7684,249.1072,4
NaN,18,19,746.8569,249.0694,4
NaN,19,19,746.4029,249.6409,4
NaN,18,19,746.2093,249.4486,4
NaN,19,20,746.5317,249.5765,4
NaN,19,20,746.9616,250.2411,4
NaN,18,20,747.2846,250.7836,4
NaN,19,20,747.7926,251.4994,4
NaN,18,20,748.2482,252.1043,4
NaN,19,20,748.3423,252.695,4
NaN,19,20,748.3701,252.7073,4
NaN,18,20,747.9592,252.8535,4
NaN,18,20,747.6147999999999,252.9707,4
NaN,18,20,747.6178,253.3756,4
NaN,18,20,747.7165,254.1843,4
NaN,18,20,747.9053,255.0491,4
NaN,18,20,747.9213999999999,255.3004,4
NaN,18,20,747.8334,255.5021,4
NaN,20,20,747.6146,256.26,4
NaN,18,19,747.3465,256.2188,4
NaN,18,20,747.2181,256.2788,4
NaN,18,20,747.0657,256.5501,4
NaN,19,20,746.672,257.0261,4
NaN,19,20,746.1196,258.2609,4
NaN,18,20,745.8901,258.3552,4
NaN,19,20,745.6892,258.6864,4
NaN,19,20,745.3137,258.7715,4
NaN,19,20,744.7695,258.6868,4
NaN,19,20,744.4063,258.7145,4
NaN,19,20,743.7670000000001,258.4374,4
NaN,19,20,743.0992,258.5057,4
NaN,19,20,742.7423,258.7086,4
NaN,19,20,742.558,258.6705,4
NaN,19,20,742.6929,258.8337,4
NaN,19,20,742.5313,259.0218,4
NaN,19,20,742.1395,259.5284,4
NaN,19,20,741.6404,259.9613,4
NaN,19,20,741.3731,259.9891,4
NaN,19,20,741.0174,259.6536,4
NaN,19,20,740.625,259.6437,4
NaN,19,20,740.1809,260.4636,4
NaN,19,20,740.34,260.9693,4
NaN,19,20,740.5114,261.2423,4
NaN,19,20,740.6922,261.8649,4
NaN,19,20,740.533,262.3714,4
NaN,19,20,739.9936,262.8136,4
NaN,19,20,739.5439,263.1464,4
NaN,19,20,740.0553,262.9814,4
NaN,19,20,740.071,263.7016,4
NaN,19,20,740.3904,263.8828,4
NaN,19,20,740.3572,264.6028,4
NaN,19,20,739.6793,265.3013,4
NaN,19,20,740.1556,265.9069,4
NaN,19,20,740.7282,265.5716,4
NaN,19,20,741.5216,266.0909,4
NaN,19,20,741.9868,266.9523,4
NaN,19,20,741.7332,267.761,4
NaN,19,20,741.1387,268.9674,4
NaN,19,20,741.1576,269.1916,4
NaN,19,20,741.5826,269.6889,4
NaN,19,20,741.7037,270.3451,4
NaN,19,20,741.8084,271.101,4
NaN,19,20,741.0888,271.5001,4
NaN,19,20,741.3279,272.1453,4
NaN,19,20,741.5293,272.5622,4
NaN,19,20,741.3173,273.2831,4
NaN,19,20,740.8656,274.0479,4
NaN,19,20,741.1391,275.1685,4
NaN,19,20,740.8617,276.5117,4
NaN,19,21,740.2306,276.8243,4
NaN,19,20,740.3374,276.8457,4
NaN,19,20,740.1356,277.4051,4
NaN,19,21,740.7308,277.1895,4
NaN,19,20,740.9145,277.159,4
NaN,19,21,740.6594,277.6806,4
NaN,19,20,740.4414,277.8941,4
NaN,19,21,740.4846,278.2011,4
NaN,19,20,739.9765,278.1529,4
NaN,19,21,739.6182,278.1885,4
NaN,19,21,739.826,278.9985,4
NaN,19,20,739.5954,279.5172,4
NaN,19,20,740.0506,279.399,4
NaN,19,21,739.9799,279.0026,4
NaN,19,21,739.4834,279.6026,4
NaN,19,20,739.3769,281.4447,4
NaN,19,21,738.7811,282.2731,4
NaN,19,21,738.5648,282.5681,4
NaN,19,20,738.4776000000001,282.8327,4
NaN,19,20,738.7078,283.15,4
NaN,19,20,738.7125,283.6549,4
NaN,19,20,738.8089,284.1895,4
NaN,19,20,738.5167,285.5204,4
NaN,19,20,738.193,286.1972,4
NaN,19,20,737.6421,286.8366,4
NaN,19,20,737.23,287.1397,4
NaN,19,20,737.0848999999999,287.5992,4
NaN,19,20,737.2951,287.9426,4
NaN,19,20,737.3404,288.7668,4
NaN,19,20,737.022,289.7276,4
NaN,19,20,737.2261,289.757,4
NaN,19,20,737.6253,290.1779,4
NaN,19,20,737.9464,290.4024,4
NaN,19,20,738.0707,290.4239,4
NaN,19,20,737.7353000000001,289.8251,4
NaN,19,20,737.8150000000001,290.5675,4
NaN,19,20,737.6888,290.9775,4
NaN,19,20,737.5039,290.8144,4
NaN,19,20,737.4366,290.5596,4
NaN,19,20,737.535,291.1146,4
NaN,19,20,737.7209,291.2413,4
NaN,19,20,737.1979,291.4886,4
NaN,19,20,737.2817,291.8463,4
NaN,19,20,737.9938,291.8316,4
NaN,19,20,738.1443,292.1394,4
NaN,19,20,739.3125,292.209,4
NaN,19,20,739.7669,292.718,4
NaN,19,20,740.2283,292.8941,4
NaN,19,20,740.0487000000001,293.0212,4
NaN,19,20,739.8832,293.4249,4
NaN,19,20,739.8531,293.8101,4
NaN,19,20,740.5086,293.6683,4
NaN,19,20,740.1959000000001,293.2526,4
NaN,19,20,739.6112000000001,292.8078,4
NaN,19,20,739.6068,292.5036,4
NaN,19,20,739.4306,292.8446,4
NaN,19,20,739.1837,293.2968,4
NaN,19,20,738.937,294.4394,4
NaN,19,20,738.5314,294.9647,4
NaN,19,20,738.2122000000001,294.9172,4
NaN,19,20,738.197,295.0278,4
NaN,19,20,738.3819,295.2533,4
NaN,19,20,738.6265,295.5813,4
NaN,19,20,738.4122,296.4247,4
NaN,19,20,737.8767,297.9105,4
NaN,19,20,738.0177,297.5778,4
NaN,19,20,737.9884,298.0551,4
NaN,19,20,737.7566,298.1303,4
NaN,19,20,737.5752,298.2697,4
NaN,19,20,737.3407999999999,298.5644,4
NaN,19,20,736.9404,298.8617,4
NaN,19,20,737.0279,299.2174,4
NaN,19,21,737.6276,299.8155,4
NaN,19,20,737.4577,300.5941,4
NaN,19,20,736.7849,301.2047,4
NaN,19,20,735.9992,302.3802,4
NaN,19,21,735.6988,303.2184,4
NaN,19,21,735.8288,303.9513,4
NaN,19,20,735.532,303.7826,4
NaN,19,20,735.4208,303.7744,4
NaN,19,20,735.581,303.0329,4
NaN,19,21,735.6128,303.2271,4
NaN,19,21,735.8753,303.3701,4
NaN,19,21,735.915,304.2397,4
NaN,19,21,735.5389,304.9063,4
NaN,19,21,735.4265,305.4836,4
NaN,19,21,735.2237,305.8059,4
NaN,19,21,734.9319,305.3137,4
NaN,19,21,734.5608999999999,304.8529,4
NaN,19,21,734.2238,304.8858,4
NaN,20,21,734.5688,305.145,4
NaN,19,21,734.9044,305.0804,4
NaN,19,21,735.2078,305.8126,4
NaN,19,21,735.6597,305.7647,4
NaN,19,21,736.0742,305.4962,4
NaN,19,21,735.7415,305.3491,4
NaN,19,21,734.6566,304.7282,4
NaN,19,21,733.8762,304.7317,4
NaN,19,21,733.2871,305.3784,4
NaN,19,21,733.897,305.3012,4
NaN,19,21,734.5863000000001,305.7955,4
NaN,19,20,734.7473,306.1803,4
NaN,19,21,734.4143,306.8735,4
NaN,19,21,734.1274,306.4811,4
NaN,19,20,734.5168,306.1914,4
NaN,19,20,734.6129,306.3038,4
NaN,19,20,734.7181,305.8202,4
NaN,19,20,734.5623000000001,306.4638,4
NaN,19,20,734.7531,306.4199,4
NaN,19,20,735.4188,306.3231,4
NaN,19,20,736.3554,305.9437,4
NaN,19,20,737.3155,305.6443,4
NaN,19,21,737.2227,305.5798,4
NaN,19,20,737.5544,305.4127,4
NaN,19,20,738.1022,304.3703,4
NaN,19,20,738.9853000000001,304.8278,4
NaN,19,20,739.1491,306.1869,4
NaN,19,20,739.0624,306.9369,4
NaN,19,20,738.8075,307.2488,4
NaN,19,20,739.3823,307.1783,4
NaN,19,20,739.4294,307.6445,4
NaN,19,20,739.2821,308.0776,4
NaN,19,20,739.5476,308.6415,4
NaN,19,20,739.9102,309.3731,4
NaN,19,20,740.1272,310.3739,4
NaN,19,20,740.1102,311.2804,4
NaN,19,20,739.9354,311.8626,4
NaN,19,20,739.4733,312.8515,4
NaN,19,20,739.5242,312.3317,4
NaN,19,20,739.6717,313.4855,4
NaN,19,20,739.606,313.9322,4
NaN,19,20,739.8514,314.3388,4
NaN,19,20,739.2649,315.1107,4
NaN,19,20,738.9295,315.5065,4
NaN,19,20,738.7564,315.7306,4
NaN,19,20,738.77,315.705,4
NaN,19,20,739.6141,316.4549,4
NaN,19,21,739.8121,317.2183,4
NaN,19,20,739.8702,317.8356,4
NaN,20,20,740.212,318.6021,4
NaN,19,20,740.4163,318.708,4
NaN,19,21,741.2791999999999,318.817,4
NaN,19,20,741.2816,319.4197,4
NaN,19,21,741.5597,319.8017,4
NaN,19,20,741.9997,320.0973,4
NaN,19,20,742.0336,320.3847,4
NaN,20,21,742.1847,321.3089,4
NaN,19,20,742.1238,321.8039,4
NaN,19,21,742.1837,322.2656,4
NaN,19,21,742.0582000000001,322.7996,4
NaN,20,21,742.1757,323.3683,4
NaN,19,21,742.0894,323.9153,4
NaN,20,21,742.491,324.5484,4
NaN,19,21,742.2264,324.48,4
NaN,20,21,742.1956,324.0885,4
NaN,20,21,741.9948000000001,324.1391,4
NaN,19,21,741.9048,324.2405,4
NaN,19,21,741.9557,324.4856,4
NaN,20,21,741.9949,324.7202,4
NaN,20,21,742.3865,325.2353,4
NaN,19,21,742.2844,325.5973,4
NaN,20,21,741.8777,325.4119,4
NaN,19,21,741.4252,325.6994,4
NaN,19,21,741.1886,325.7892,4
NaN,19,21,741.2945999999999,325.5584,4
NaN,19,21,741.1493,325.2432,4
NaN,19,21,741.095,325.0929,4
NaN,19,21,740.6761,324.6357,4
NaN,20,21,740.4272999999999,325.2931,4
NaN,19,21,740.4034,326.2297,4
NaN,20,21,740.4679,326.5784,4
NaN,20,21,740.8192,327.2914,4
NaN,19,21,741.1345,327.4046,4
NaN,20,21,741.4517,326.9033,4
NaN,20,21,741.681,326.8444,4
NaN,20,21,741.7754,326.8903,4
NaN,19,21,742.0801,327.2103,4
NaN,20,21,742.2802,327.9444,4
NaN,20,21,742.7069,329.1166,4
NaN,20,21,742.9238,330.0729,4
NaN,20,21,743.5047,330.722,4
NaN,20,21,744.1011999999999,331.744,4
NaN,20,21,744.366,332.1465,4
NaN,20,21,744.7909,333.2528,4
NaN,20,21,745.7055,334.5297,4
NaN,20,21,746.785,335.5294,4
NaN,20,21,747.6137,336.8342,4
NaN,20,21,747.7732,338.344,4
NaN,20,21,748.157,338.7128,4
NaN,20,21,748.389,340.1571,4
NaN,20,21,749.1564,341.1052,4
NaN,20,21,749.8487,342.8432,4
NaN,20,21,750.9738,344.0237,4
NaN,20,21,751.8344,345.3295,4
NaN,20,21,752.5255,346.1069,4
NaN,20,21,752.7241,346.7943,4
NaN,20,21,753.2996000000001,348.6336,4
NaN,20,21,753.4646,349.4155,4
NaN,20,21,754.1232,350.5569,4
NaN,20,21,754.668,351.5918,4
NaN,20,21,755.2056,352.2377,4
NaN,20,21,755.612,352.447,4
NaN,20,21,755.3937,351.9282,4
NaN,20,21,755.5681,351.9421,4
NaN,20,21,755.8187,352.1542,4
NaN,20,21,755.9817,351.4979,4
NaN,20,21,755.8298,351.2382,4
NaN,20,21,755.3653,350.1453,4
NaN,20,21,754.1808,349.132,4
NaN,20,20,754.6842,349.5385,4
NaN,20,20,754.5782,349.5387,4
NaN,19,21,755.1781999999999,349.3521,4
NaN,20,20,755.8106,348.8204,4
NaN,20,21,755.7954,348.4406,4
NaN,20,21,755.8202,349.1488,4
NaN,20,20,756.1944999999999,349.7724,4
NaN,20,20,756.3705,350.1369,4
NaN,20,21,756.1713,350.9339,4
NaN,20,20,756.103,350.7228,4
NaN,20,20,755.9653,350.4347,4
NaN,20,20,756.0876,350.4977,4
NaN,20,20,755.7328,350.3265,4
NaN,20,20,755.9089,350.0061,4
NaN,20,20,755.7104,349.9863,4
NaN,20,20,755.5904,350.3539,4
NaN,20,20,755.8377,351.0933,4
NaN,20,21,755.9059,351.358,4
NaN,20,21,756.0881000000001,351.956,4
NaN,20,21,756.3302,353.4969,4
NaN,19,21,756.6127,354.693,4
NaN,20,21,757.4435,354.9324,4
NaN,20,21,756.8994,355.4231,4
NaN,20,21,756.6739,355.7516,4
NaN,20,21,756.603,356.9895,4
NaN,20,21,756.1873000000001,357.9567,4
NaN,20,21,756.0155,358.288,4
NaN,19,21,756.525,358.8554,4
NaN,20,21,756.6796000000001,359.1044,4
NaN,20,21,756.4149,360.2958,4
NaN,20,21,756.0549999999999,361.6675,4
NaN,19,21,755.6011999999999,362.8302,4
NaN,20,21,755.2728,364.5898,4
NaN,20,21,755.4768,366.2169,4
NaN,19,21,755.2622,367.2484,4
NaN,20,21,755.2281,369.0059,4
NaN,20,21,755.1806,369.3201,4
NaN,20,21,755.013,369.467,4
NaN,20,21,754.9802,370.1767,4
NaN,20,21,755.1598,370.1394,4
NaN,20,21,755.3058,370.1887,4
NaN,20,21,755.2462,370.2069,4
NaN,20,21,755.0732,369.6631,4
NaN,20,21,755,369.61,4
NaN,20,21,755.1546,370.0781,4
NaN,20,21,754.8787,371.0977,4
NaN,20,21,754.9082,371.4186,4
NaN,20,21,755.3814,371.577,4
NaN,20,21,755.1645,370.7916,4
NaN,20,21,754.7633,370.7992,4
NaN,20,21,755.0137,371.1289,4
NaN,20,21,754.9826,371.4079,4
NaN,20,21,754.7578999999999,371.1363,4
NaN,20,21,754.8487,371.3888,4
NaN,20,21,754.3552,371.8248,4
NaN,20,21,753.7905,371.8941,4
NaN,19,21,754.1202,372.1142,4
NaN,19,21,754.8806,372.2104,4
NaN,19,21,755.3783,372.5233,4
NaN,20,21,755.6137,372.6921,4
NaN,20,21,755.6526,372.8984,4
NaN,19,21,755.8975,372.4399,4
NaN,20,21,756.1039,372.2075,4
NaN,20,21,755.4309,372.4172,4
NaN,20,21,755.1204,372.1679,4
NaN,19,21,755.3344,372.6245,4
NaN,19,21,755.891,372.2791,4
NaN,20,21,756.5614,371.3554,4
NaN,20,21,756.2789,370.8749,4
NaN,19,21,756.4532,370.8823,4
NaN,19,21,757.0752,370.9217,4
NaN,20,21,757.5848999999999,371.4912,4
NaN,19,21,757.8112,372.1508,4
NaN,19,21,758.1025,372.4206,4
NaN,19,21,758.3196,372.1847,4
NaN,20,21,758.5006,372.5165,4
NaN,19,21,758.737,372.3394,4
NaN,19,21,758.5776,372.2403,4
NaN,19,21,758.7469,372.2058,4
NaN,19,21,759.0964,372.2229,4
NaN,20,21,759.3982999999999,372.3594,4
NaN,19,21,759.6193,372.3369,4
NaN,19,21,760.0956,372.5908,4
NaN,19,21,759.7998,372.8632,4
NaN,19,21,759.9302,372.2266,4
NaN,19,21,759.8638,371.7975,4
NaN,19,21,759.6061999999999,371.5814,4
NaN,19,21,759.5454,371.8166,4
NaN,20,21,759.3088,371.5134,4
NaN,20,21,759.1704,372.5309,4
NaN,20,21,758.5108,372.9035,4
NaN,20,21,758.3905,373.0594,4
NaN,20,21,757.9221,372.6106,4
NaN,20,21,757.7483,372.1885,4
NaN,20,21,757.8056,372.1014,4
NaN,20,21,757.1028,372.7545,4
NaN,20,21,756.1744,373.5075,4
NaN,19,21,756.6926,373.4368,4
NaN,19,21,757.4242,373.6191,4
NaN,20,21,757.6227,373.327,4
NaN,19,21,757.7080999999999,373.4976,4
NaN,20,21,757.3643,373.9027,4
NaN,19,21,757.7298,373.9789,4
NaN,20,21,757.5761,374.3604,4
NaN,20,21,758.2337,373.9392,4
NaN,20,21,758.3866,374.4087,4
NaN,20,21,757.9055,374.7739,4
NaN,20,21,757.4672,375.3642,4
NaN,20,21,757.3227000000001,376.2409,4
NaN,20,21,757.3918,376.8741,4
NaN,19,21,757.7078,377.1068,4
NaN,20,21,758.183,376.6066,4
NaN,20,21,758.375,376.1102,4
NaN,19,21,758.1781999999999,375.5778,4
NaN,19,21,758.7114,375.5946,4
NaN,19,21,758.5793,375.7557,4
NaN,19,21,758.6182,375.7156,4
NaN,20,21,759.4588,375.2188,4
NaN,19,21,759.789,374.8019,4
NaN,19,22,760.1866,375.8217,4
NaN,19,21,760.7898,375.9892,4
NaN,19,22,761.0083,375.9297,4
NaN,20,22,760.5398,375.6238,4
NaN,19,21,760.6974,374.9809,4
NaN,19,22,761.008,375.1511,4
NaN,19,20,761.0598,374.809,4
NaN,19,21,761.1249,375.6491,4
NaN,20,21,761.1595,375.8416,4
NaN,19,21,760.9778,376.4941,4
NaN,19,21,761.6162,377.2108,4
NaN,19,22,761.7065,377.8752,4
NaN,19,21,762.0888,378.8278,4
NaN,19,21,762.1369999999999,379.2106,4
NaN,19,21,762.1806,380.41,4
NaN,19,21,762.371,380.9113,4
NaN,19,21,762.6053000000001,381.6792,4
NaN,19,21,762.796,381.9044,4
NaN,19,21,763.1654,382.5077,4
NaN,20,21,763.0975,383.4922,4
NaN,19,21,762.5702,384.0483,4
NaN,19,21,762.1646,385.4139,4
NaN,20,21,762.2911,385.6368,4
NaN,19,21,761.5232999999999,386.092,4
NaN,20,21,761.3462,386.341,4
NaN,20,21,761.1371,387.3411,4
NaN,20,21,760.6305,388.225,4
NaN,20,21,760.6601000000001,388.8065,4
NaN,19,21,760.4249,389.1939,4
NaN,19,21,760.7397,389.6921,4
NaN,19,21,760.6435,390.3293,4
NaN,19,21,760.3476000000001,390.97,4
NaN,20,21,760.2501999999999,391.6982,4
NaN,19,21,760.2795,391.9945,4
NaN,19,21,759.8334,392.5045,4
NaN,19,21,759.2613,393.4678,4
NaN,19,21,759.3717,393.9434,4
NaN,19,21,759.5989,393.9911,4
NaN,19,21,759.6937,394.0219,4
NaN,19,21,759.8363000000001,394.2545,4
NaN,19,21,759.7140000000001,394.6385,4
NaN,19,21,759.7762,394.7971,4
NaN,19,21,759.9379,394.9801,4
NaN,19,21,759.7194,396.061,4
NaN,19,21,759.6446,395.9969,4
NaN,19,21,759.5512,396.1628,4
NaN,19,21,759.4016,396.198,4
NaN,19,21,759.5492,396.0263,4
NaN,19,21,759.4193,396.2714,4
NaN,19,21,758.809,397.5255,4
NaN,19,21,758.1822,398.8435,4
NaN,19,21,757.6269,399.2219,4
NaN,19,21,757.143,399.9035,4
NaN,19,21,757.5436999999999,399.8738,4
NaN,19,21,757.888,399.3973,4
NaN,19,21,758.3442,399.0013,4
NaN,19,21,758.1188,399.4167,4
NaN,19,21,757.6566,400.2898,4
NaN,19,21,757.7759,400.9535,4
NaN,19,21,757.4025,401.8667,4
NaN,19,21,756.8791,402.5888,4
NaN,19,21,756.5116,403.4458,4
NaN,19,21,756.8409,404.0693,4
NaN,19,21,757.0494,404.6892,2
NaN,19,21,756.8001,405.7122,2
NaN,19,21,756.1427,407.5099,2
NaN,20,21,754.8211,409.7885,2
NaN,20,21,752.4376,412.3335,2
NaN,20,21,749.0701,414.7576,2
NaN,20,21,746.0083,416.7654,2
NaN,20,21,743.7797,420.1777,2
NaN,20,22,741.663,422.988,2
NaN,20,20,740.2603,424.1347,2
NaN,20,22,739.6924,425.2668,2
NaN,20,22,740.5128999999999,424.9817,2
NaN,20,22,741.3617,425.8194,4
NaN,20,21,742.1468,426.4601,4
NaN,20,21,742.5597,427.3366,4
NaN,20,21,742.5168,427.6298,4
NaN,20,21,742.3728,427.8858,4
NaN,20,21,742.6376,428.3918,4
NaN,20,21,742.4929,429.6065,4
NaN,20,21,742.8214,430.3933,4
NaN,20,21,742.7727,431.5747,4
NaN,20,21,742.5238000000001,432.2079,4
NaN,20,21,742.5386,432.5636,4
NaN,20,21,742.3174,433.2249,4
NaN,20,21,742.2917,434.2705,4
NaN,20,21,742.5225,434.6342,4
NaN,20,21,742.8036,434.6088,4
NaN,20,21,742.7359,434.6069,4
NaN,20,21,742.9288,433.9093,4
NaN,20,21,742.3909,434.3614,4
NaN,20,21,742.5305,435.0847,4
NaN,20,21,742.8613,435.513,4
NaN,20,21,742.8006,435.5528,4
NaN,20,21,742.9595,435.09,4
NaN,20,21,743.362,434.8192,4
NaN,20,21,743.0028,434.5593,4
NaN,20,21,743.2763,434.0775,4
NaN,20,21,742.885,434.5525,4
NaN,20,21,743.1550999999999,434.8727,4
NaN,20,21,743.0951,435.2854,4
NaN,20,21,742.667,435.7714,4
NaN,20,21,743.2743,435.829,4
NaN,20,21,743.8065,435.8531,4
NaN,20,21,744.741,435.5431,4
NaN,20,21,744.9657,435.5289,4
NaN,20,21,744.8253,435.2306,4
NaN,20,21,744.6310999999999,434.8384,4
NaN,20,21,744.3526000000001,435.6239,4
NaN,20,21,744.4209,435.3851,4
NaN,20,21,744.8519,435.1652,4
NaN,20,21,745.1341,434.5738,4
NaN,20,21,744.8126999999999,434.502,4
NaN,20,21,744.775,435.0243,4
NaN,20,21,744.7381,434.1442,4
NaN,20,21,744.8307,434.0538,4
NaN,20,21,744.7155,434.2993,4
NaN,20,21,744.647,434.809,4
NaN,20,21,744.8068,434.5274,4
NaN,20,21,745.121,433.3415,4
NaN,20,21,744.9956,432.6695,4
NaN,20,21,744.5959,431.7975,4
NaN,20,21,744.178,431.7358,4
NaN,20,21,744.4588,432.0742,4
NaN,20,21,744.8484,432.2403,4
NaN,20,21,745.1781,432.9348,4
NaN,20,21,745.7739,432.4182,4
NaN,20,21,746.2755,432.6373,4
NaN,20,21,746.057,431.9981,4
NaN,20,21,745.9928,431.8467,4
NaN,20,21,746.0035,431.9405,4
NaN,20,21,745.4534,431.72,4
NaN,20,21,745.6913,431.9068,4
NaN,20,21,745.4468000000001,432.6926,4
NaN,20,21,745.3673,432.6994,4
NaN,20,21,745.4476,432.4693,4
NaN,20,21,745.2459,432.4311,4
NaN,20,21,744.6925,432.4159,4
NaN,20,21,744.7613,433.0148,4
NaN,20,21,744.6816,433.3334,4
NaN,20,21,744.7184,433.7226,4
NaN,20,21,744.8237,434.376,4
NaN,20,21,745.306,434.639,4
NaN,20,21,744.8506,434.6088,4
NaN,20,21,744.6979,434.4581,4
NaN,20,21,744.393,434.8092,4
NaN,20,21,744.3916,434.7898,4
NaN,20,21,745.0746,434.6705,4
NaN,20,21,745.3539,434.7731,4
NaN,20,21,745.7032,434.8035,4
NaN,20,21,745.8303,435.32,4
NaN,20,21,745.4447,436.3957,4
NaN,20,21,745.2433,437.0742,4
NaN,20,21,745.146,437.0293,4
NaN,20,21,744.8249,437.0456,4
NaN,20,21,744.9044,437.1351,4
NaN,20,21,744.822,436.7454,4
NaN,20,21,744.7642,436.8032,4
NaN,20,21,745.0095,437.446,4
NaN,20,21,744.9096,437.1528,4
NaN,20,21,745.1176,437.7399,4
NaN,20,21,744.9822,437.247,4
NaN,20,21,744.861,437.5806,4
NaN,20,21,744.4543,438.6739,4
NaN,20,21,743.8185,438.9257,4
NaN,20,22,743.8075,438.7299,4
NaN,20,21,744.2342,438.6876,4
NaN,20,21,744.8896,438.626,4
NaN,20,21,744.6627,438.5334,4
NaN,20,22,744.1047,438.7244,4
NaN,20,21,743.6843,438.986,4
NaN,20,21,743.6221,439.1096,4
NaN,20,21,743.4451,439.2239,4
NaN,20,22,743.9465,439.8795,4
NaN,20,21,743.7507000000001,439.5638,4
NaN,20,21,743.6227,439.3104,4
NaN,20,22,743.8325,438.8338,4
NaN,20,21,744.2614,438.2788,4
NaN,20,21,744.5295,438.721,4
NaN,20,22,744.8147,438.2728,4
NaN,20,21,744.5158,438.3008,4
NaN,20,22,744.3244999999999,438.9929,4
NaN,20,21,744.9429,438.3369,4
NaN,20,21,745.2565,438.6633,4
NaN,20,22,745.0919,438.8907,4
NaN,20,22,745.0821999999999,438.8194,4
NaN,20,21,745.0481,439.7418,4
NaN,20,20,745.0096,440.3894,4
NaN,20,22,744.5003,440.5582,4
NaN,20,22,744.7218,440.8945,4
NaN,20,22,744.6121000000001,441.5973,4
NaN,20,21,744.8075,442.1597,4
NaN,20,21,744.6997,442.5353,4
NaN,20,21,744.8422,443.5093,4
NaN,20,21,744.9716,444.0877,4
NaN,20,21,745.0121,445.1019,4
NaN,20,22,745.3454,445.9877,4
NaN,20,21,745.2888,446.4718,4
NaN,20,21,744.9596,447.7852,4
NaN,20,21,744.9018,447.9761,4
NaN,20,21,745.2319,449.3066,4
NaN,20,21,745.7586,449.7202,4
NaN,20,21,745.4302,451.2633,4
NaN,20,21,744.9382000000001,452.2578,4
NaN,20,21,744.5805,452.5396,4
NaN,20,21,744.2578999999999,452.9361,4
NaN,20,21,744.217,453.5932,4
NaN,20,21,744.1184,454.129,4
NaN,20,21,743.8496,454.6545,4
NaN,20,21,743.9571999999999,455.0951,4
NaN,20,21,743.7745,454.6439,4
NaN,20,21,743.6498,454.7335,4
NaN,20,21,743.2601,455.0127,4
NaN,20,21,743.3314,454.7744,4
NaN,20,21,743.5111000000001,454.9561,4
NaN,20,21,743.3977,455.5051,4
NaN,20,21,743.4547,455.1758,4
NaN,20,21,743.2028,456.1225,4
NaN,20,21,742.6304,456.6678,4
NaN,20,21,742.5639,457.0906,4
NaN,19,21,742.7899,456.9438,4
NaN,20,21,742.9277,456.6701,4
NaN,20,21,742.7863,456.9117,4
NaN,20,21,742.7893,457.189,4
NaN,20,21,741.9078,457.5143,4
NaN,20,21,741.4197,457.8373,4
NaN,20,21,741.6660000000001,458.1367,4
NaN,20,21,742.1478,458.3525,4
NaN,20,21,742.5149,459.061,4
NaN,20,21,742.075,459.9889,4
NaN,20,21,741.6013,460.0739,4
NaN,20,21,740.9622000000001,460.5554,4
NaN,20,21,740.4452,461.0063,4
NaN,20,21,740.5918,461.0934,4
NaN,20,21,740.6143,462.1492,4
NaN,20,21,740.3622,462.4856,4
NaN,20,21,739.9636,462.4336,4
NaN,20,21,739.4142000000001,462.7715,4
NaN,20,21,739.5945,462.7065,4
NaN,20,21,739.651,463.6699,4
NaN,20,21,739.1181,464.3518,4
NaN,20,21,738.4592,465.1812,4
NaN,20,21,737.8612000000001,465.5623,4
NaN,20,21,737.1598,466.0807,4
NaN,20,21,736.6582,466.3689,4
NaN,20,21,736.1292,466.7926,4
NaN,20,21,735.8855,467.1037,4
NaN,20,21,736.2741,468.0569,4
NaN,20,21,736.2899,468.842,4
NaN,19,21,735.5922,469.065,4
NaN,20,21,735.2571,468.9279,4
NaN,20,21,734.996,469.0519,4
NaN,19,21,734.333,469.3626,4
NaN,20,21,734.2309,470.2569,4
NaN,20,21,733.8214,471.1234,4
NaN,19,21,733.3704,471.707,4
NaN,19,21,733.0522999999999,472.2847,4
NaN,19,21,732.4651,472.5284,4
NaN,19,21,732.1238,472.8244,4
NaN,19,21,731.6096,472.6995,4
NaN,19,21,731.1316,472.9904,4
NaN,19,21,730.6222,473.0699,4
NaN,19,21,730.1215,473.1444,4
NaN,19,21,729.4863,474.0045,4
NaN,19,21,729.718,474.0133,4
NaN,19,21,730.08,473.9186,4
NaN,19,21,729.9557,472.9276,4
NaN,19,21,729.9937,472.3685,4
NaN,19,21,728.931,471.6314,4
NaN,19,21,729.0811,470.4118,4
NaN,19,21,728.5714,469.8111,4
NaN,19,21,728.3384,469.7424,4
NaN,19,21,728.5946,468.2125,4
NaN,19,21,729.3403,467.2085,4
NaN,19,21,730.0934,465.2012,4
NaN,19,21,730.7377,463.5104,4
NaN,19,21,731.1858,462.5961,4
NaN,19,21,731.7279,462.1834,4
NaN,19,21,732.3814,461.7958,4
NaN,19,21,732.75,461.2775,4
NaN,19,21,732.5629,460.877,4
NaN,19,21,732.1854,460.6673,4
NaN,19,21,731.9305000000001,461.04,4
NaN,19,21,731.895,461.0588,4
NaN,19,21,732.1317,461.1677,4
NaN,19,21,732.4793,461.895,4
NaN,19,21,733.0257,462.8952,4
NaN,19,21,733.2749,463.5698,4
NaN,19,21,733.2608,464.3327,4
NaN,20,21,734.1199,464.7373,4
NaN,19,21,734.6027,465.5861,4
NaN,19,21,734.7768,467.0482,4
NaN,19,21,734.5729,467.8025,4
NaN,19,21,734.8409,469.011,4
NaN,19,22,734.9844000000001,469.7826,4
NaN,20,22,735.5773,471.0199,4
NaN,20,21,735.8911000000001,471.7931,4
NaN,20,21,736.3513,472.3072,4
NaN,19,22,736.9857,473.1709,4
NaN,19,22,737.2851000000001,473.8834,4
NaN,20,21,737.5644,475.8214,4
NaN,20,21,737.4518,476.9929,4
NaN,20,20,737.585,477.9328,4
NaN,20,22,737.7495,478.3075,4
NaN,20,21,737.1715,479.5081,4
NaN,20,21,737.9942,480.2003,4
NaN,20,21,738.1629,481.051,4
NaN,20,21,738.4367999999999,482.2001,4
NaN,20,21,739.2058,483.3886,4
NaN,20,21,739.4186999999999,484.3204,4
NaN,20,21,739.437,484.9725,4
NaN,20,21,739.8795,485.8649,4
NaN,20,21,739.7837,486.973,4
NaN,20,21,739.977,487.6373,4
NaN,20,21,739.9873,488.1316,4
NaN,20,21,740.1035000000001,488.5209,4
NaN,20,21,740.2919000000001,488.606,4
NaN,20,21,739.7683,488.8509,4
NaN,20,21,739.6803,489.3161,4
NaN,20,21,739.7764,489.781,4
NaN,20,21,740.0746,490.1196,4
NaN,20,21,740.294,489.8183,4
NaN,20,21,740.7765000000001,491.0341,4
NaN,20,21,741.0202,491.8521,4
NaN,20,21,740.8810999999999,492.2573,4
NaN,20,21,741.0075000000001,492.8489,4
NaN,20,21,740.8963,493.4064,4
NaN,20,21,741.5158,493.5574,4
NaN,20,21,741.5606,493.7178,4
NaN,20,21,741.5017,494.011,4
NaN,20,21,741.7926,494.6777,4
NaN,20,21,741.3836,495.0056,4
NaN,20,21,741.5735,494.8303,4
NaN,20,21,741.2132,494.8455,4
NaN,20,21,741.3415,495.7082,4
NaN,20,21,741.3289,496.1795,4
NaN,20,21,741.5170000000001,496.3038,4
NaN,20,21,741.9909,496.5189,4
NaN,20,21,742.1101,496.8073,4
NaN,20,21,742.2601,497.9722,4
NaN,20,21,742.4178000000001,499.2273,4
NaN,20,21,742.1792,500.1786,4
NaN,20,21,742.3434999999999,500.5193,4
NaN,20,21,742.0161000000001,500.7019,4
NaN,20,21,742.0861,501.0008,4
NaN,20,21,742.3314,501.0308,4
NaN,20,21,742.4381,501.1772,4
NaN,20,21,742.8999,501.6155,4
NaN,20,21,742.9095,502.1567,4
NaN,20,21,743.3341,502.2652,4
NaN,20,21,743.4622000000001,502.1178,4
NaN,20,21,743.6425,502.7514,4
NaN,20,21,743.706,502.6865,4
NaN,20,21,744.4032999999999,503.835,4
NaN,20,21,744.5044,504.0015,4
NaN,20,21,744.5272,503.9664,4
NaN,20,21,744.6271,504.3243,4
NaN,20,21,744.4895,504.5794,4
NaN,20,21,744.6786,505.6277,4
NaN,20,21,744.9768,505.6798,4
NaN,19,21,745.3321,506.0535,4
NaN,19,21,746.2429,506.1025,4
NaN,20,21,745.9164,506.0285,4
NaN,20,21,746.0011,506.2833,4
NaN,19,21,746.1509,505.87,4
NaN,20,21,746.2128,505.5847,4
NaN,20,21,747.0788,504.3267,4
NaN,19,21,746.8669,503.3095,4
NaN,19,21,746.6989,503.2447,4
NaN,19,21,747.3054,502.8219,4
NaN,19,21,747.8798,502.6898,4
NaN,19,21,748.4785000000001,501.814,4
NaN,19,21,748.6029,501.0925,4
NaN,19,21,748.4121,500.772,4
NaN,20,21,748.484,500.5939,4
NaN,19,21,748.3865,500.5825,4
NaN,19,21,748.8097,499.5067,4
NaN,19,21,748.98,498.7978,4
NaN,19,21,749.2179,498.8559,4
NaN,19,21,749.5343,498.725,4
NaN,19,21,749.7428,499.1408,4
NaN,19,21,749.8043,499.6013,4
NaN,20,21,749.2144,500.0557,4
NaN,20,21,748.8887999999999,500.7146,4
NaN,19,21,749.1081,501.3449,4
NaN,20,21,748.8777,501.851,4
NaN,20,21,749.6127,501.7125,4
NaN,20,21,749.5587,502.2191,4
NaN,20,21,749.0277,502.7857,4
NaN,20,21,748.1852,503.4298,4
NaN,20,21,747.4628,504.2321,4
NaN,20,21,747.1581,504.4631,4
NaN,20,21,746.8203,504.606,4
NaN,20,21,746.8412,505.9071,4
NaN,20,21,746.1849999999999,506.1805,4
NaN,20,21,745.5427,507.1535,4
NaN,19,21,744.9071,507.0947,4
NaN,20,21,743.8937,507.2179,4
NaN,20,21,743.523,507.4746,4
NaN,20,21,742.9026,507.4491,4
NaN,20,21,742.2922,507.6963,4
NaN,19,21,741.8516,507.4733,4
NaN,20,21,740.8953,507.2103,4
NaN,20,21,740.8724999999999,507.8953,4
NaN,19,21,740.577,508.4527,4
NaN,20,21,740.2753,509.2616,4
NaN,20,21,740.0862,510.1861,4
NaN,20,21,740.3249,510.5314,4
NaN,20,21,740.6792,510.4134,4
NaN,20,21,740.7811,510.1745,4
NaN,19,21,740.2899,509.8151,4
NaN,20,21,740.115,510.3638,4
NaN,19,21,739.9172,511.2802,4
NaN,19,21,739.0744,511.5123,4
NaN,19,21,739.1382,511.9849,4
NaN,19,20,739.0342000000001,511.38,4
NaN,20,21,738.9116,511.1446,4
NaN,19,20,738.5273,511.6747,4
NaN,20,20,738.2286,512.1031,4
NaN,19,21,737.8745,512.5758,4
NaN,19,21,738.2365,513.3954,4
NaN,19,21,737.8203999999999,513.8687,4
NaN,19,21,736.912,514.0581,4
NaN,19,20,736.3641,514.9177,4
NaN,19,20,736.0652,515.34,4
NaN,19,20,736.0957,515.8484,4
NaN,20,21,735.5383,516.0653,4
NaN,19,20,734.9979,515.8509,4
NaN,19,21,735.0575,516.2391,4
NaN,19,21,734.9767000000001,516.4471,4
NaN,19,20,734.5537,517.0193,4
NaN,19,20,733.7941,517.7679000000001,4
NaN,20,20,733.5579,518.0968,4
NaN,20,21,733.8325,518.8133,4
NaN,19,20,733.6744,519.5353,4
NaN,20,21,733.5669,520.1227,4
NaN,19,20,733.2234,520.9692,4
NaN,19,21,732.7012,521.8569,4
NaN,20,21,732.6922,522.1187,4
NaN,20,21,732.6076,522.9041999999999,4
NaN,19,20,732.7882,522.8335,4
NaN,20,21,732.4909,523.2653,4
NaN,20,20,732.2893,523.1512,4
NaN,19,21,732.7806,523.1149,4
NaN,19,20,732.6815,523.6454,4
NaN,20,21,733.083,524.1154,4
NaN,19,21,732.9314000000001,525.2358,4
NaN,19,21,732.0712,526.2238,4
NaN,20,21,731.9167,527.3321,4
NaN,20,21,732.1831,527.4335,4
NaN,20,21,732.9668,527.7317,4
NaN,20,21,733.8796,528.227,4
NaN,20,21,734.0624,528.942,4
NaN,20,20,734.2219,529.3693,4
NaN,20,20,734.8568,529.7587,4
NaN,20,21,735.1762,529.9549,4
NaN,20,21,735.6046,529.6656,4
NaN,20,21,735.7051,529.587,4
0,0,0,0,0,4
