NaN,23,21,785.5534,19.1669,1
NaN,23,21,785.0029,19.4406,1
NaN,23,21,785.8633,19.5121,1
NaN,23,21,785.2014,20.2675,1
NaN,23,21,785.5333000000001,20.3168,1
NaN,23,21,785.227,19.8197,1
NaN,23,21,784.8751999999999,19.4222,1
NaN,23,21,784.8573,19.4894,1
NaN,23,21,784.8573,19.8187,1
NaN,23,21,784.3150000000001,19.4418,1
NaN,23,21,784.6399,18.791,1
NaN,23,21,785.0997,18.5658,1
NaN,23,22,785.5006,17.9591,1
NaN,23,22,786.1541999999999,17.9606,1
NaN,22,21,787.0715,17.8397,1
NaN,23,22,787.3909,17.5189,1
NaN,23,21,787.3033,17.5763,1
NaN,23,21,787.105,16.8985,1
NaN,22,21,786.8631,17.1361,1
NaN,22,21,786.8784000000001,18.2648,1
NaN,22,21,786.9828,18.5953,1
NaN,22,21,786.6153,18.1911,1
NaN,22,21,786.5314,18.4075,1
NaN,22,21,785.8342,18.6578,1
NaN,22,21,785.808,17.8125,1
NaN,22,21,785.9665,17.3178,1
NaN,22,21,785.2695,17.3585,1
NaN,22,21,784.8077,16.5346,1
NaN,22,21,784.1713999999999,17.3256,1
NaN,22,21,783.4743999999999,17.5972,1
NaN,22,21,782.6592000000001,17.0675,1
NaN,22,21,782.3815,17.0456,1
NaN,22,21,782.3166,17.1136,1
NaN,22,21,782.028,17.4838,1
NaN,22,21,782.2753,17.5293,1
NaN,22,21,782.1147,17.9543,1
NaN,22,21,782.3554,18.9454,1
NaN,22,21,782.7294000000001,18.7231,1
NaN,22,21,782.8896999999999,19.6863,1
NaN,22,21,782.8953,20.2365,1
NaN,22,21,782.7233,21.0759,1
NaN,22,21,782.418,21.1824,1
NaN,22,21,781.7305,21.1605,1
NaN,22,21,782.4290999999999,21.3234,1
NaN,22,21,782.5829,20.9167,1
NaN,22,21,782.5535,20.9075,1
NaN,22,21,783.4933,21.3224,1
NaN,22,21,783.9207,21.2132,1
NaN,22,21,783.5821,20.5821,1
NaN,22,21,782.4069,20.7595,1
NaN,22,21,782.6555,20.4476,1
NaN,22,21,782.8667,20.5518,1
NaN,22,21,783.1547,21.2198,1
NaN,22,21,783.2406999999999,21.6291,1
NaN,22,21,783.2889,21.7798,1
NaN,22,21,783.3016,21.4597,1
NaN,22,21,782.9523,21.3322,1
NaN,22,21,783.0151,20.9893,1
NaN,22,21,782.8392,20.8369,1
NaN,22,21,782.2186,20.5063,1
NaN,22,21,782.1804,20.3689,1
NaN,22,21,782.1845,20.3486,1
NaN,22,21,782.1111,20.8907,1
NaN,22,21,781.8088,20.6772,1
NaN,22,21,781.6651000000001,20.5921,1
NaN,22,21,781.2913,20.3293,1
NaN,22,21,781.0525,19.4674,1
NaN,22,21,781.2551999999999,19.3756,1
NaN,22,21,782.1037,19.6993,1
NaN,22,21,781.3418,20.1113,1
NaN,22,21,781.2859999999999,20.9162,1
NaN,22,21,781.5101,20.8504,1
NaN,22,21,782.4814,21.6609,1
NaN,22,21,782.7083,21.3855,1
NaN,22,21,783.2355,21.2999,1
NaN,22,21,783.3588999999999,21.6442,1
NaN,22,21,782.8622,21.7499,1
NaN,22,21,782.6338,21.9891,1
NaN,22,21,783.1367,22.3306,1
NaN,22,21,783.1362,23.1566,1
NaN,22,21,783.0916,22.741,1
NaN,22,21,783.2708,22.9249,1
NaN,22,21,782.7793,23.1691,1
NaN,22,21,782.9148,22.8903,1
NaN,22,21,782.8026,22.6925,1
NaN,22,21,783.6941,21.9338,1
NaN,22,21,783.5136,20.8208,1
NaN,22,21,783.2179,20.524,1
NaN,22,21,782.9438,20.9428,1
NaN,22,21,782.3726,21.0173,1
NaN,22,21,781.9976,21.0868,1
NaN,22,21,782.0154,19.7178,1
NaN,22,21,781.5131,18.6749,1
NaN,22,21,781.6257000000001,19.4445,1
NaN,22,21,781.0582000000001,18.9069,1
NaN,22,21,780.6267,17.9076,1
NaN,22,21,780.0867,17.8351,1
NaN,22,21,779.6369,17.9234,1
NaN,22,21,779.0577,19.0435,1
NaN,22,21,778.9491,20.0547,1
NaN,22,21,778.7713,20.661,1
NaN,22,21,779.4529,20.8515,1
NaN,22,21,779.2447,21.4734,1
NaN,22,21,780.1585,21.8813,1
NaN,22,21,780.1528,22.3901,1
NaN,22,21,779.4124,21.7629,1
NaN,22,21,780.5127,22.9111,1
NaN,22,21,780.9564,23.6131,1
NaN,22,21,781.5835,24.531,1
NaN,22,21,782.4272999999999,25.1014,1
NaN,22,21,782.907,25.9664,1
NaN,22,21,783.6033,26.3593,1
NaN,22,21,783.2673,27.2199,1
NaN,22,21,783.4053,27.6478,1
NaN,22,21,783.1534,28.0524,1
NaN,22,21,783.9559,28.701,1
NaN,22,21,783.4433,30.1049,1
NaN,22,21,783.0016000000001,30.7088,1
NaN,22,21,783.3192,31.0132,1
NaN,22,21,783.2308,31.7499,2
NaN,22,21,783.8459,33.8763,2
NaN,22,21,783.0937,40.9802,2
NaN,22,21,781.7649,48.7294,2
NaN,22,21,780.2991,58.7784,2
NaN,22,21,779.1415,64.3578,2
NaN,22,21,778.4748,65.9533,2
NaN,21,21,776.9101000000001,68.19970000000001,2
NaN,22,21,773.2047,73.53879999999999,2
NaN,22,21,772.4084,84.79640000000001,2
NaN,22,21,771.0997,89.33580000000001,2
NaN,22,22,771.0123,93.0836,2
NaN,21,22,772.9292,97.33969999999999,3
NaN,21,22,775.0001,100.9085,3
NaN,22,22,777.3561,102.978,3
NaN,22,22,778.212,104.8276,3
NaN,22,21,777.8232,105.7085,3
NaN,22,22,777.4472,105.6077,4
NaN,22,21,775.704,105.2036,4
NaN,22,22,773.8094,104.3419,4
NaN,22,22,773.4444,102.9967,4
NaN,22,22,773.5444,103.3359,4
NaN,22,21,773.5268,103.9952,4
NaN,22,22,773.9864,104.6767,4
NaN,22,22,773.5711,104.6076,4
NaN,22,22,773.3845,105.3211,4
NaN,22,21,773.0989,105.618,4
NaN,22,22,773.2353000000001,107.0606,4
NaN,22,21,772.5881000000001,107.0346,4
NaN,22,22,771.8189,107.8591,4
NaN,22,22,771.1924,108.6061,4
NaN,22,22,770.4204999999999,108.9513,4
NaN,22,21,770.8519,110.9911,4
NaN,22,22,770.8684,112.3339,4
NaN,22,21,771.3782,114.4243,4
NaN,22,21,772.1577,115.1799,4
NaN,22,21,772.4232,116.385,4
NaN,22,22,771.2843,116.1407,4
NaN,22,21,770.7406,115.8915,4
NaN,22,21,770.7069,116.6204,4
NaN,22,21,771.1996,116.9053,4
NaN,22,21,771.5445,117.1836,4
NaN,22,21,771.4203,117.1718,4
NaN,22,21,771.1107,118.3346,4
NaN,22,21,771.0431,118.8697,4
NaN,22,21,771.058,119.6142,4
NaN,22,21,770.8424,118.9543,4
NaN,22,21,770.9274,116.3845,4
NaN,22,21,772.0381,116.614,4
NaN,22,21,772.441,115.8535,4
NaN,22,21,773.1998,115.9876,4
NaN,22,21,772.8235,116.3573,4
NaN,22,21,772.1701,116.4054,4
NaN,22,21,771.785,116.6217,4
NaN,22,21,772.1889,116.7674,4
NaN,22,21,772.8256,117.5617,4
NaN,22,21,772.8927,118.3307,4
NaN,22,21,773.1228,118.693,4
NaN,22,21,772.5794,119.3472,4
NaN,23,21,772.6632,120.1364,4
NaN,22,21,772.8438,121.1038,4
NaN,22,22,772.5700000000001,121.2374,4
NaN,22,22,773.2559,123.1556,4
NaN,22,22,773.6759,124.8626,4
NaN,22,22,774.6365,126.3135,4
NaN,22,22,775.333,126.6828,4
NaN,22,22,775.7465999999999,126.8258,4
NaN,22,22,776.6111,127.9212,4
NaN,22,22,777.7897,127.8797,4
NaN,22,22,779.0191,129.0102,4
NaN,22,22,779.0961,129.9189,4
NaN,22,22,779.2078,131.3747,4
NaN,22,22,779.4833,131.3994,4
NaN,22,22,779.7121,131.9545,4
NaN,22,22,779.9563000000001,132.1809,4
NaN,22,22,779.5116,132.6033,4
NaN,22,22,779.1953999999999,132.2278,4
NaN,22,22,779.2536,132.4633,4
NaN,22,22,779.3427,133.0647,4
NaN,22,22,779.711,132.8897,4
NaN,22,22,779.9152,133.488,4
NaN,22,22,780.3667,133.5908,4
NaN,22,22,781.234,134.3186,4
NaN,22,22,781.4151000000001,134.789,4
NaN,23,22,783.6605,135.7005,2
NaN,23,22,786.9858,136.5511,2
NaN,23,22,789.8124,135.9261,2
NaN,23,21,793.8813,132.5486,2
NaN,22,21,799.3836,126.8317,2
NaN,22,21,805.0644,120.3737,2
NaN,22,21,808.321,115.0558,2
NaN,22,21,809.6857,113.8336,2
NaN,22,21,808.6558,112.8229,3
NaN,22,21,802.576,113.1579,3
NaN,23,22,796.5697,113.9495,3
NaN,23,21,793.0525,115.3513,3
NaN,23,21,791.3635,116.2426,3
NaN,23,21,790.711,116.9858,4
NaN,23,21,790.3264,117.273,4
NaN,23,21,791.7223,118.1611,4
NaN,23,22,792.3248,118.2176,4
NaN,23,22,793.3509,117.6206,4
NaN,23,22,793.157,118.0657,4
NaN,23,22,792.6669000000001,119.1567,4
NaN,23,22,792.7429,120.5918,4
NaN,23,22,792.2136,121.9653,4
NaN,23,22,791.9895,123.3331,4
NaN,23,22,791.023,124.3408,4
NaN,23,22,789.4229,124.4395,4
NaN,23,22,788.9095,125.1762,4
NaN,23,22,788.6452,125.8588,4
NaN,23,22,788.9823,126.2436,4
NaN,23,22,789.4888999999999,126.1959,4
NaN,22,22,789.7599,126.0824,4
NaN,23,22,790.0924,126.3238,4
NaN,23,22,790.0379,126.1569,4
NaN,23,22,789.4456,126.4197,4
NaN,23,22,789.5987,126.4099,4
NaN,23,22,789.9058,126.0984,4
NaN,23,22,789.908,126.5478,4
NaN,23,22,789.8991,126.1483,4
NaN,23,22,788.9226,126.7173,4
NaN,23,22,788.5938,127.841,4
NaN,23,22,787.9514,128.3563,4
NaN,23,22,788.1118,129.267,4
NaN,23,22,787.9308,129.8273,4
NaN,23,22,787.4414,130.5378,4
NaN,23,22,787.9102,131.0255,4
NaN,23,22,787.3997000000001,130.9339,4
NaN,23,22,787.0975,131.1032,4
NaN,23,22,787.1455,131.7828,4
NaN,23,22,787.5833,132.1353,4
NaN,22,22,786.6235,132.0523,4
NaN,23,22,785.9146,131.1235,4
NaN,23,22,785.8119,131.6576,4
NaN,23,22,785.365,131.9685,4
NaN,23,22,785.1908,132.8886,4
NaN,23,22,784.6699,132.6515,4
NaN,23,22,783.616,132.9329,4
NaN,23,22,782.2759,133.1278,4
NaN,23,22,781.2395,133.4304,4
NaN,23,22,780.2659,132.0214,4
NaN,23,22,779.5916,131.8448,4
NaN,23,22,780.0243,130.7519,4
NaN,23,22,779.8471,130.2854,4
NaN,23,22,780.0843,130.0393,4
NaN,22,22,779.8593,130.0009,4
NaN,23,22,779.9484,129.7761,4
NaN,22,22,779.6146,130.2171,4
NaN,23,22,778.6663,130.2468,4
NaN,22,22,779.2782,130.6623,4
NaN,23,22,779.4025,130.8801,4
NaN,23,22,779.1482,129.8314,4
NaN,22,22,779.5014,130.4862,4
NaN,22,22,780.5418,130.809,4
NaN,23,22,781.1129,130.9358,4
NaN,22,22,781.6567,131.3372,4
NaN,22,22,782.3095,131.3365,4
NaN,22,22,782.9303,131.5135,4
NaN,23,22,783.7643,131.226,4
NaN,22,22,784.4385,131.2149,4
NaN,22,22,784.8773,132.5167,4
NaN,22,22,785.225,132.7509,4
NaN,22,22,785.7329,132.9695,4
NaN,22,22,786.2045000000001,132.195,4
NaN,22,22,786.0953,132.4868,4
NaN,22,22,786.5167,132.8703,4
NaN,23,22,786.7868,133.6886,4
NaN,23,22,787.2958,134.793,4
NaN,23,22,787.6801,134.4693,4
NaN,23,22,788.249,134.3221,4
NaN,22,22,788.2279,134.3599,4
NaN,23,22,789.0572,134.8204,4
NaN,23,22,789.5297,136.635,4
NaN,23,22,790.0534,136.9145,4
NaN,22,22,790.1002,137.6023,4
NaN,22,22,789.3539,137.6297,4
NaN,23,22,789.0506,137.5733,4
NaN,22,22,788.1405999999999,138.9636,4
NaN,23,22,788.2380000000001,137.482,4
NaN,23,22,788.8865,138.5217,4
NaN,23,23,788.7033,138.9972,4
NaN,22,22,789.0086,139.8147,4
NaN,23,22,788.5671,139.9262,4
NaN,23,22,788.3902,139.2475,4
NaN,22,22,787.5837,139.0936,4
NaN,23,23,786.3035,139.0675,4
NaN,22,23,785.7674,141.1772,4
NaN,22,22,785.2876,141.1199,4
NaN,22,22,785.2126,141.5279,4
NaN,22,23,784.7333,141.5618,4
NaN,22,22,783.9675999999999,141.5237,4
NaN,22,22,784.3247,140.9445,4
NaN,22,22,784.3732,140.3946,4
NaN,22,23,784.2138,140.4598,4
NaN,22,22,783.1689,139.7088,4
NaN,22,23,783.1056,141.3821,4
NaN,22,23,782.0271,141.367,4
NaN,22,22,781.6376,141.9732,4
NaN,22,22,781.3040999999999,142.4416,4
NaN,22,23,781.3203,142.653,4
NaN,22,22,781.4043,143.7986,4
NaN,22,22,781.5421,145.4915,4
NaN,22,22,782.1482999999999,146.83,4
NaN,22,22,782.3496,149.45,4
NaN,22,22,782.3004,150.7824,4
NaN,22,22,781.8252,151.9803,4
NaN,22,21,781.3973,153.0556,4
NaN,22,22,781.683,153.6093,4
NaN,22,22,781.3613,154.9552,4
NaN,22,22,782.2507000000001,156.2909,4
NaN,22,22,782.85,158.2139,4
NaN,22,22,783.812,160.0539,4
NaN,22,22,784.1161,160.8355,4
NaN,22,22,783.7867,161.9355,4
NaN,22,22,783.359,163.3925,4
NaN,22,22,783.6481,163.4506,4
NaN,22,22,782.8871,162.7842,4
NaN,22,22,782.7831,163.368,4
NaN,22,22,782.8763,162.5248,4
NaN,22,22,782.8325,164.2343,4
NaN,22,22,783.1717,165.1806,4
NaN,22,22,782.5463,165.8223,4
NaN,22,22,781.9585,166.025,4
NaN,22,22,782.1316,166.9637,4
NaN,22,22,781.9488,167.3669,4
NaN,22,22,781.4584,167.2742,4
NaN,22,22,781.0587,167.255,4
NaN,22,22,780.9279,167.5107,4
NaN,22,22,780.2133,168.1024,4
NaN,22,22,779.3244999999999,168.175,4
NaN,22,22,778.9625,169.3445,4
NaN,22,22,779.2465,169.2751,4
NaN,22,22,779.582,169.303,4
NaN,22,22,780.046,169.7936,4
NaN,22,22,780.2892000000001,170.0718,4
NaN,22,22,780.2489,170.4031,4
NaN,22,22,780.5687,170.5861,4
NaN,22,22,780.4109999999999,170.1845,4
NaN,22,22,779.864,170.5321,4
NaN,22,22,779.6162,171.1091,4
NaN,22,22,780.2285000000001,171.1242,4
NaN,22,22,780.4004,171.0295,4
NaN,22,21,779.8489,171.7944,4
NaN,22,22,779.9324,171.1772,4
NaN,22,22,779.7342,171.2192,4
NaN,22,21,779.673,172.0447,4
NaN,22,21,779.9127999999999,172.4855,4
NaN,22,22,780.678,173.1032,4
NaN,22,21,781.2606,173.8059,4
NaN,22,21,781.6055,174.6133,4
NaN,22,21,781.6345,174.8653,4
NaN,22,21,781.3452,175.1308,4
NaN,22,21,781.3783,175.4511,4
NaN,22,21,781.155,176.8195,4
NaN,22,21,781.476,177.341,4
NaN,22,21,781.8576,177.5327,4
NaN,22,21,782.0298,178.4433,4
NaN,22,21,782.5617,179.3977,4
NaN,22,21,782.9087,179.664,4
NaN,22,21,783.5114,180.4516,4
NaN,22,21,784.5476,180.4698,4
NaN,22,21,784.8899,180.6326,4
NaN,22,21,785.0749,179.9813,4
NaN,22,21,784.8137,180.1337,4
NaN,22,21,785.0326,179.7742,4
NaN,22,21,784.239,181.2049,4
NaN,22,21,784.9064,181.0632,4
NaN,22,21,785.2311,179.9298,4
NaN,22,21,785.4056,180.4368,4
NaN,22,21,786.5393,180.1642,4
NaN,22,21,787.62,180.3688,4
NaN,22,21,788.1512,180.655,4
NaN,22,21,787.9178000000001,180.6491,4
NaN,22,21,787.9976,180.8342,4
NaN,22,21,787.741,180.3794,4
NaN,21,21,788.7276000000001,180.99,4
NaN,21,21,789.2136,181.5848,4
NaN,22,21,789.0871,182.0051,4
NaN,21,21,789.3943,181.8985,4
NaN,22,21,788.6796000000001,182.1385,4
NaN,22,21,787.6387999999999,182.0852,2
NaN,22,21,785.8886,181.2094,2
NaN,22,21,779.8238,178.79,2
NaN,21,21,771.2405,177.9708,2
NaN,21,21,762.6493,176.4773,2
NaN,22,21,757.6695999999999,175.9273,2
NaN,22,21,756.307,176.296,2
NaN,22,21,757.6151,176.4483,3
NaN,22,21,763.3294,177.8227,3
NaN,22,21,768.9382000000001,178.8496,3
NaN,21,21,772.359,179.6954,3
NaN,21,21,775.7301,180.0081,3
NaN,21,21,777.2237,180.1975,3
NaN,21,21,776.5296,181.2287,3
NaN,21,21,774.8241,180.6541,4
NaN,21,21,774.0101,180.2832,4
NaN,21,21,772.9458,180.208,4
NaN,21,21,772.0302,179.7576,4
NaN,21,21,770.9482,179.7098,4
NaN,21,21,770.1419,179.0717,4
NaN,21,21,769.1867,178.0523,4
NaN,21,21,768.9816,177.753,4
NaN,21,21,768.8593,176.9157,4
NaN,21,21,768.4041,176.1639,4
NaN,21,21,767.9192,175.1809,4
NaN,21,21,767.6585,174.3896,4
NaN,21,21,767.4935,174.5647,4
NaN,21,21,767.263,174.8182,4
NaN,21,21,767.1235,175.62,4
NaN,21,21,767.4412,175.2992,4
NaN,21,21,767.2184999999999,174.9955,4
NaN,21,21,767.0046,175.5757,4
NaN,21,21,766.3748000000001,176.7438,4
NaN,21,21,765.6515000000001,177.0501,4
NaN,21,21,766.1305,177.9139,4
NaN,21,21,766.9563000000001,177.7306,4
NaN,21,21,767.577,178.2621,4
NaN,21,21,767.765,178.077,4
NaN,22,21,767.9941,180.0853,4
NaN,22,21,769.4353,180.1566,4
NaN,22,21,770.3868,179.9431,4
NaN,22,21,771.177,180.5796,4
NaN,21,20,770.7446,180.9492,4
NaN,22,21,771.4297,181.1174,4
NaN,22,21,771.4962,180.5031,4
NaN,22,20,773.3102,181.5001,4
NaN,21,20,774.2268,181.1285,4
NaN,22,20,774.7193,182.4988,4
NaN,22,20,774.7712,181.7919,4
NaN,22,20,775.037,182.0522,4
NaN,22,20,775.5539,181.7687,4
NaN,22,20,776.4226,182.4336,4
NaN,22,20,777.0096,183.4663,4
NaN,22,20,777.0604,183.1721,4
NaN,22,20,777.1131,182.8558,4
NaN,22,20,776.7005,182.5072,4
NaN,22,20,776.8696,182.4536,4
NaN,22,20,777.2931,183.0237,4
NaN,22,20,777.5945,183.6496,4
NaN,22,20,778.2126,184.1658,4
NaN,22,20,778.3419,184.0528,4
NaN,22,20,778.0835,184.6504,4
NaN,22,20,777.127,185.0725,4
NaN,22,20,777.3779,185.7168,4
NaN,22,20,777.0402,185.8373,4
NaN,21,21,777.1681,186.7373,4
NaN,22,21,777.3575,187.6536,4
NaN,22,21,777.5296,188.7369,4
NaN,22,21,777.7591,190.0114,4
NaN,22,20,777.2164,189.8653,4
NaN,22,20,776.3234,190.1667,4
NaN,22,21,776.3728,190.8206,4
NaN,21,20,776.2942,190.9528,4
NaN,21,20,776.3178,191.2632,4
NaN,22,20,776.6627999999999,190.5874,4
NaN,22,20,776.4829,190.9917,4
NaN,22,21,776.0086,190.9056,4
NaN,22,20,775.8325,190.944,4
NaN,21,21,776.273,191.5601,4
NaN,21,21,777.061,192.8086,4
NaN,22,20,777.1790999999999,193.4731,4
NaN,21,20,777.1275000000001,193.8542,4
NaN,21,20,776.6867999999999,193.33,4
NaN,22,20,776.5572,192.1316,4
NaN,21,20,776.229,192.2638,4
NaN,21,21,776.848,193.4411,4
NaN,20,21,777.8114,194.4217,4
NaN,21,20,778.196,195.1024,4
NaN,21,20,777.5890000000001,195.7973,4
NaN,21,21,775.9127,196.0356,4
NaN,22,21,776.1801,196.0979,4
NaN,20,20,777.2931,196.7749,4
NaN,22,21,777.356,196.4638,4
NaN,21,21,777.702,196.8465,4
NaN,22,21,777.49,197.9855,4
NaN,21,20,776.9666,198.3974,4
NaN,22,20,776.8686,198.732,4
NaN,20,21,776.7742,198.852,4
NaN,21,21,777.7521,198.5985,4
NaN,20,21,778.4089,198.8254,4
NaN,20,20,778.5845,199.2113,4
NaN,22,20,779.4815,200.5899,4
NaN,20,21,779.8912,200.4255,4
NaN,20,20,780.0065,199.6886,4
NaN,20,21,780.1873000000001,199.4428,4
NaN,20,20,780.1815,200.25,4
NaN,21,21,780.1069,200.3933,4
NaN,20,21,779.85,200.4001,4
NaN,20,20,780.1217,200.1723,4
NaN,20,21,780.5866,199.2201,4
NaN,21,21,781.3742999999999,198.9591,4
NaN,21,20,781.7018,198.9899,4
NaN,20,21,781.7988,198.543,4
NaN,21,20,782.6074,198.6263,4
NaN,20,21,782.8461,197.3535,4
NaN,21,21,783.013,197.1883,4
NaN,21,21,783.8438,197.9412,4
NaN,21,21,783.9331,197.9106,4
NaN,21,21,785.1222,199.8299,4
NaN,21,21,785.6182,199.5973,4
NaN,21,20,786.1671,199.596,4
NaN,21,20,786.8001,201.7092,4
NaN,21,20,787.9394,203.3802,4
NaN,21,20,788.543,205.0208,4
NaN,21,20,788.9696,206.8667,4
NaN,21,21,790.255,207.8085,4
NaN,21,20,790.426,210.0085,4
NaN,21,20,791.6289,211.2359,4
NaN,21,20,792.0613,211.1895,4
NaN,21,20,791.8334,212.0927,4
NaN,21,20,792.5607,214.0293,4
NaN,21,20,792.5692,214.6388,4
NaN,21,20,792.6296,216.404,4
NaN,21,20,793.6513,217.7331,4
NaN,21,20,794.4363,217.9547,4
NaN,21,20,794.595,218.1355,4
NaN,21,20,794.7254,218.8647,4
NaN,21,20,794.1468,219.9985,4
NaN,21,20,794.2786,221.7356,4
NaN,21,20,794.404,222.932,4
NaN,21,20,794.2201,222.8496,4
NaN,21,20,794.2267000000001,223.9375,4
NaN,21,20,794.0432,224.2606,4
NaN,21,20,794.0635,224.1466,4
NaN,21,20,793.4571999999999,223.5376,4
NaN,21,20,793.0232999999999,223.1827,4
NaN,21,20,792.1869,223.1832,4
NaN,21,20,791.8038,222.9843,4
NaN,21,20,791.0619,222.8522,4
NaN,21,20,790.7551,221.51,4
NaN,21,20,790.4396,220.8482,4
NaN,21,20,789.6996,221.1652,4
NaN,21,20,789.4923,220.6051,4
NaN,21,20,788.2411,219.8529,4
NaN,21,20,786.6577,219.1071,4
NaN,21,20,784.6778,218.5349,4
NaN,21,20,784.5492,220.0558,4
NaN,21,20,783.1691,221.2808,4
NaN,21,20,783.393,221.1996,4
NaN,21,20,782.9956,221.2788,4
NaN,21,20,782.5410000000001,220.0936,4
NaN,21,20,782.5787,220.0288,4
NaN,21,20,782.1819,220.5718,4
NaN,21,21,782.3105,221.4054,4
NaN,21,20,782.5753,223.8183,4
NaN,21,20,782.6552,224.6676,4
NaN,21,20,782.9184,224.7094,4
NaN,21,20,782.691,224.7845,4
NaN,21,20,782.3854,224.1787,4
NaN,21,19,782.457,224.6751,4
NaN,21,20,783.0228,225.2617,4
NaN,21,21,783.7492,225.3607,4
NaN,21,19,783.8511,226.1529,4
NaN,21,21,784.0025000000001,228.1126,4
NaN,21,19,783.8991,229.4426,4
NaN,21,20,784.4789,229.9348,4
NaN,21,21,785.4079,230.8973,4
NaN,21,20,785.9358999999999,232.0275,4
NaN,21,20,786.1021,232.9816,4
NaN,21,20,786.2631,234.0173,4
NaN,21,20,786.1774,233.7646,4
NaN,21,20,787.4571999999999,233.5155,4
NaN,21,19,787.4221,233.7675,4
NaN,21,21,787.7754,234.1179,4
NaN,21,20,787.7261,234.9038,4
NaN,21,21,787.5884,235.2261,4
NaN,21,20,787.3995,236.6631,4
NaN,21,20,786.7606,237.117,4
NaN,21,20,786.2975,238.3979,4
NaN,21,20,785.9582,239.2178,4
NaN,21,20,786.3945,239.4528,4
NaN,21,19,786.171,239.6175,4
NaN,21,20,786.6519,240.3905,4
NaN,21,21,786.1862,240.1722,4
NaN,21,20,785.7166999999999,240.7749,4
NaN,21,20,785.6963,241.1084,4
NaN,21,20,785.491,241.8816,4
NaN,21,20,784.3499,242.9712,4
NaN,21,20,783.4262,243.5831,4
NaN,21,20,782.3218000000001,243.5856,4
NaN,21,20,781.9724,245.4993,4
NaN,21,20,781.1,245.715,4
NaN,21,20,779.9349,244.1953,4
NaN,21,20,778.9834,244.5998,4
NaN,21,20,777.601,243.3003,4
NaN,21,20,777.073,243.0104,4
NaN,21,20,777.1605,243.0492,4
NaN,21,20,776.4858,243.6458,4
NaN,21,20,777.0221,244.4819,4
NaN,21,20,776.6097,244.9357,4
NaN,21,20,775.889,243.4221,4
NaN,21,20,774.9045,244.0818,4
NaN,21,20,774.4241,243.3381,4
NaN,21,20,774.6043,243.6712,4
NaN,21,20,774.0681,243.9254,4
NaN,21,20,774.0122,243.9112,4
NaN,21,20,773.9468000000001,244.1222,4
NaN,21,20,773.498,243.1411,4
NaN,20,20,773.7473,243.2102,4
NaN,21,20,774.4456,243.7559,4
NaN,21,20,773.8326,243.0944,4
NaN,21,20,774.3382,243.0528,4
NaN,21,20,774.4643,242.7289,4
NaN,21,20,774.1878,241.6062,4
NaN,21,20,774.1629,241.6732,4
NaN,21,20,774.4203,241.8966,4
NaN,21,20,776.4528,242.5642,4
NaN,21,20,776.8269,243.2058,4
NaN,21,20,778.0013,243.3903,4
NaN,21,20,778.2573,243.2532,4
NaN,21,20,778.7654,243.819,4
NaN,21,20,779.2641,244.6801,4
NaN,21,20,780.7805,245.2903,4
NaN,21,20,783.1678000000001,245.0657,4
NaN,21,20,785.7254,245.1823,4
NaN,21,20,787.444,245.6593,4
NaN,21,20,787.8131,245.6049,4
NaN,21,20,788.4724,246.1011,4
NaN,21,20,789.1943,246.8663,4
NaN,21,20,789.7003,247.2437,4
NaN,21,20,789.5229,247.7518,4
NaN,21,20,789.8296,249.1604,4
NaN,21,20,789.9357,249.2955,4
NaN,21,20,789.5425,248.8158,4
NaN,21,20,790.131,248.9629,4
NaN,21,20,790.0876,248.8394,4
NaN,21,20,790.2335,249.4288,4
NaN,21,20,789.6757,250.0876,4
NaN,21,20,789.2429,250.4647,4
NaN,21,20,789.3279,250.203,4
NaN,21,20,789.7911,249.6724,4
NaN,21,21,790.4327,250.0149,4
NaN,21,20,790.4062,251.4436,4
NaN,21,20,790.378,253.2499,4
NaN,21,20,790.1247,253.2378,4
NaN,21,20,790.1507,253.368,4
NaN,21,21,789.8415,253.5143,4
NaN,21,20,788.6092,253.9524,4
NaN,21,20,786.8502999999999,255.1698,4
NaN,21,20,786.4449,255.5225,4
NaN,21,21,784.133,256.1021,4
NaN,21,21,782.1685,256.9969,4
NaN,21,21,780.2594,258.4569,4
NaN,21,20,778.7763,258.8013,4
NaN,21,21,777.1427,259.4696,4
NaN,21,21,775.2138,259.863,4
NaN,21,21,774.5295,260.6791,4
NaN,21,21,773.433,261.2442,4
NaN,20,21,772.716,263.004,4
NaN,21,20,772.7028,263.4344,4
NaN,21,21,772.984,264.4403,4
NaN,21,21,772.5549999999999,265.723,4
NaN,20,20,773.9255000000001,267.413,4
NaN,20,21,774.7838,268.0849,4
NaN,21,21,775.366,268.993,4
NaN,20,20,775.0484,270.101,4
NaN,21,20,773.7775,271.2684,4
NaN,20,20,774.0971,272.0966,4
NaN,21,20,774.4818,272.1518,4
NaN,20,20,774.6806,272.0492,4
NaN,21,20,775.08,271.7819,4
NaN,20,20,774.8977,271.5768,4
NaN,21,20,774.2957,272.8206,4
NaN,21,20,774.2382,274.326,4
NaN,21,20,774.2202,274.908,4
NaN,21,20,773.4799,275.1579,4
NaN,21,20,773.6312,275.3852,4
NaN,20,20,774.059,276.2521,4
NaN,21,20,773.1134,276.7976,4
NaN,21,20,772.809,277.2371,4
NaN,21,20,772.8073000000001,277.1593,4
NaN,21,20,771.9223,276.7164,4
NaN,21,20,772.5967000000001,277.0505,4
NaN,21,20,773.2666,278.1817,4
NaN,21,20,774.3656999999999,279.3748,4
NaN,21,20,775.1989,279.9061,4
NaN,21,20,776.0898999999999,280.9797,4
NaN,21,20,777.2288,280.2841,4
NaN,21,20,778.4425,279.7867,4
NaN,21,20,780.1569,280.7922,4
NaN,21,20,780.5945,280.4467,4
NaN,21,20,781.7151,281.3319,4
NaN,21,20,782.3973,282.6091,4
NaN,21,20,782.4023999999999,282.8947,4
NaN,21,20,782.0909,282.7,4
NaN,21,20,780.8546,281.964,4
NaN,21,20,779.8869999999999,281.6002,4
NaN,21,20,779.6188,281.6122,4
NaN,21,20,777.7504,280.9114,4
NaN,21,20,776.4887,280.9908,4
NaN,21,20,775.0023,280.7187,4
NaN,21,20,773.7664,281.4194,4
NaN,21,20,772.5675,281.3485,4
NaN,21,21,770.8286000000001,281.6373,4
NaN,21,20,769.9275,281.942,4
NaN,21,21,769.8366,281.9217,4
NaN,21,20,769.7731,283.064,4
NaN,21,20,769.824,284.4774,4
NaN,21,20,770.0276,286.418,4
NaN,21,21,770.1924,287.2104,4
NaN,21,21,770.1658,286.6143,4
NaN,21,21,770.1695,287.4444,4
NaN,21,21,770.5296,287.4571,4
NaN,21,20,770.696,287.8107,4
NaN,21,21,771.1052,288.9502,4
NaN,21,20,771.8511999999999,288.9941,4
NaN,21,21,772.1374,289.7583,4
NaN,21,21,772.2833000000001,290.5618,4
NaN,21,21,771.7030999999999,290.4682,4
NaN,21,20,771.1815,290.6762,4
NaN,21,21,770.6387999999999,290.5628,4
NaN,21,21,770.3834000000001,290.8142,4
NaN,21,21,770.1683,291.3326,4
NaN,21,20,770.8857,291.73,4
NaN,21,21,770.8967,292.6768,4
NaN,21,21,769.967,293.804,4
NaN,21,21,769.7404,294.3631,4
NaN,21,21,769.8156,295.5936,4
NaN,21,21,769.359,295.393,4
NaN,21,21,768.5669,296.3676,4
NaN,21,21,768.7829,296.5276,4
NaN,21,21,769.5676999999999,297.5563,4
NaN,21,20,770.2644,297.9726,4
NaN,21,21,771.4352,297.397,4
NaN,21,21,772.3751999999999,297.7162,4
NaN,21,21,772.7849,298.3859,4
NaN,21,21,773.2157999999999,298.7793,4
NaN,21,20,773.8622,299.3808,4
NaN,21,21,776.2694,300.2999,4
NaN,21,21,778.3972,301.2599,4
NaN,21,20,781.4307,302.0086,4
NaN,21,20,784.0305,303.0365,4
NaN,21,20,784.8090999999999,303.8397,4
NaN,21,20,785.2143,304.4407,4
NaN,21,20,784.8572,304.1878,4
NaN,21,20,785.5114,304.1064,4
NaN,21,20,786.3493,303.1172,4
NaN,21,20,786.3439,302.6915,4
NaN,21,20,786.4147,302.2623,4
NaN,21,20,786.1885,301.9587,4
NaN,21,20,785.8722,301.3725,4
NaN,21,20,785.0854,300.821,4
NaN,21,20,783.9178000000001,300.4712,4
NaN,21,20,783.0319,299.7778,4
NaN,21,20,781.6291,299.9276,4
NaN,21,20,780.8696,300.2498,4
NaN,21,20,780.0338,302.0117,4
NaN,21,20,778.8364,302.7439,4
NaN,21,20,777.6813,304.039,4
NaN,21,20,777.2908,305.4169,4
NaN,21,20,776.2114,305.9504,4
NaN,21,20,774.5608999999999,306.197,4
NaN,21,20,774.2247,306.7607,4
NaN,21,20,773.9558,307.2962,4
NaN,21,20,774.5794,308.3678,4
NaN,21,20,774.0948,308.6643,4
NaN,21,20,773.9398,309.2247,4
NaN,21,20,774.1938,309.5398,4
NaN,21,20,773.4556,309.9813,4
NaN,21,20,772.6242999999999,310.8718,4
NaN,21,21,772.5167,310.7989,4
NaN,21,20,771.8855,311.4867,4
NaN,21,21,772.5127,311.7122,4
NaN,20,21,772.9138,312.0862,4
NaN,21,21,772.9203,313.174,4
NaN,21,21,773.003,313.9942,4
NaN,20,21,773.1576,314.8412,4
NaN,20,20,774.0843,315.2717,4
NaN,20,21,774.2578999999999,314.9571,4
NaN,21,21,774.397,316.3561,4
NaN,20,20,773.9241,317.1705,4
NaN,20,20,774.0396,317.2673,4
NaN,21,21,773.5065,317.8902,4
NaN,21,21,773.4934,318.0452,4
NaN,21,20,773.8581,318.0687,4
NaN,20,21,774.3982999999999,319.0842,4
NaN,20,21,774.8017,319.3342,4
NaN,20,21,774.798,319.2645,4
NaN,20,21,774.4208,319.2206,4
NaN,21,21,774.0753,318.5229,4
NaN,21,20,774.0767,317.96,4
NaN,21,20,773.708,318.3859,4
NaN,21,21,773.502,318.7205,4
NaN,21,21,773.0066,319.1614,4
NaN,20,20,772.2913,319.5098,4
NaN,21,21,772.2576,319.9721,4
NaN,21,20,771.8466,321.3387,4
NaN,21,20,771.6947,321.4058,4
NaN,21,21,772.0602,319.9952,4
NaN,21,20,771.3016,319.2678,4
NaN,21,20,770.2012,319.6604,4
NaN,21,20,770.5623000000001,320.6278,4
NaN,21,20,770.1881,321.5498,4
NaN,21,20,770.8036,321.4466,4
NaN,21,20,771.4761999999999,320.8435,4
NaN,21,20,771.6155,320.1249,4
NaN,21,20,771.977,319.6992,4
NaN,21,20,772.8531,321.0302,4
NaN,21,20,773.1471,323.178,4
NaN,21,20,772.8284,323.8193,4
NaN,21,20,772.0694999999999,323.7148,4
NaN,21,20,770.9825,323.0393,4
NaN,21,20,770.9309,323.8428,4
NaN,21,20,770.7527,324.6733,4
NaN,21,20,770.9379,325.3783,4
NaN,20,20,770.3638,325.6545,4
NaN,21,20,770.5927,326.5892,4
NaN,21,20,771.49,326.8637,4
NaN,20,20,772.1420000000001,328.387,4
NaN,20,20,773.5588,328.08,4
NaN,20,20,774.7062,329.1494,4
NaN,20,20,777.2151,330.2152,4
NaN,21,20,778.5364,329.7713,4
NaN,20,20,779.6407,329.2121,4
NaN,20,20,779.5349,329.1576,4
NaN,20,20,779.7833000000001,329.2533,4
NaN,20,20,779.8747,329.4352,4
NaN,20,20,780.5683,329.6254,4
NaN,20,20,780.8142,330.1949,4
NaN,20,20,781.0546000000001,330.1766,4
NaN,20,20,781.119,330.644,4
NaN,20,20,781.5801,331.3109,4
NaN,20,20,781.7357,330.7172,4
NaN,20,20,781.9734,332.085,4
NaN,20,20,781.5795000000001,331.2752,4
NaN,20,21,781.3121,332.1239,4
NaN,20,20,780.7563,331.9072,4
NaN,20,20,780.6769,332.7934,4
NaN,20,20,781.075,333.6055,4
NaN,20,20,780.4586,334.0266,4
NaN,20,20,779.3696,333.4777,4
NaN,20,20,778.7499,333.4281,4
NaN,20,20,778.1185,333.1327,4
NaN,20,20,778.3542,333.9908,4
NaN,20,20,778.0827,334.9698,4
NaN,20,20,777.9185,336.6777,4
NaN,20,19,777.5987,337.9477,4
NaN,20,20,777.3065,338.5076,4
NaN,20,20,777.293,337.6442,4
NaN,20,20,777.6972,338.4916,4
NaN,20,19,777.6963,338.7979,4
NaN,21,20,778.7562,338.1263,4
NaN,21,20,779.1398,338.577,4
NaN,21,21,780.0133,338.602,4
NaN,21,20,781.0848999999999,338.6969,4
NaN,21,19,783.2063000000001,338.7755,4
NaN,21,19,784.5593,339.0156,4
NaN,21,20,786.4837,339.2743,4
NaN,21,21,789.1790999999999,340.7877,4
NaN,21,20,790.6731,341.7152,4
NaN,21,20,792.2391,343.9758,4
NaN,21,20,793.1912,344.965,4
NaN,21,20,793.4784,345.9508,4
NaN,21,20,793.4367,346.9097,4
NaN,21,19,793.3451,346.7545,4
NaN,20,19,792.4715,346.9246,4
NaN,20,20,792.8409,347.9597,4
NaN,20,20,794.0225,345.5351,4
NaN,20,20,796.5268,345.2175,4
NaN,20,21,796.5501,343.8541,5
NaN,20,19,795.9843,357.6032,5
NaN,20,18,795.6961,393.7927,5
NaN,20,16,794.5086,443.3773,5
NaN,21,14,790.2842000000001,499.8809,5
NaN,20,12,786.423,571.9384,5
NaN,18,9,763.2696999999999,656.3055000000001,5
NaN,0,0,0,0,5
NaN,0,0,0,0,5
NaN,0,0,0,0,5
NaN,0,0,0,0,5
NaN,0,0,0,0,5
NaN,0,0,0,0,5
NaN,0,0,0,0,5
NaN,0,0,0,0,5
NaN,0,0,0,0,5
NaN,0,0,0,0,5
NaN,0,0,0,0,5
NaN,0,0,0,0,5
NaN,0,0,0,0,5
NaN,0,0,0,0,5
NaN,0,0,0,0,5
NaN,0,0,0,0,5
NaN,0,0,0,0,5
NaN,0,0,0,0,5
NaN,0,0,0,0,5
NaN,0,0,0,0,5
NaN,0,0,0,0,5
NaN,0,0,0,0,5
NaN,0,0,0,0,5
NaN,0,0,0,0,5
NaN,0,0,0,0,5
NaN,0,0,0,0,5
NaN,0,0,0,0,5
NaN,0,0,0,0,5
NaN,0,0,0,0,5
NaN,0,0,0,0,5
NaN,0,0,0,0,5
NaN,0,0,0,0,5
NaN,0,0,0,0,5
NaN,0,0,0,0,5
NaN,0,0,0,0,5
NaN,0,0,0,0,5
NaN,0,0,0,0,5
NaN,0,0,0,0,5
NaN,0,0,0,0,5
NaN,0,0,0,0,5
NaN,0,0,0,0,5
NaN,0,0,0,0,5
NaN,0,0,0,0,5
NaN,0,0,0,0,5
NaN,0,0,0,0,5
NaN,0,0,0,0,5
NaN,0,0,0,0,5
NaN,0,0,0,0,5
NaN,0,0,0,0,5
NaN,0,0,0,0,5
NaN,0,0,0,0,5
NaN,0,0,0,0,5
NaN,0,0,0,0,5
NaN,0,0,0,0,5
NaN,0,0,0,0,5
NaN,0,0,0,0,5
NaN,0,0,0,0,5
NaN,0,0,0,0,5
NaN,0,0,0,0,5
NaN,0,0,0,0,5
NaN,0,0,0,0,5
NaN,0,0,0,0,5
NaN,0,0,0,0,5
NaN,0,0,0,0,5
NaN,0,0,0,0,5
NaN,0,0,0,0,5
NaN,18,8,841.8509,704.7055,5
NaN,18,9,837.8398,690.0355,5
NaN,19,9,835.8184,674.8176999999999,5
NaN,19,10,831.7396,657.6508,5
NaN,19,11,830.8841,643.4899,5
NaN,19,11,830.0972,627.6498,5
NaN,19,12,827.3967,606.9357,5
NaN,20,12,818.8076,587.495,5
NaN,20,13,816.1743,576.3283,5
NaN,20,13,815.8038,563.0303,5
NaN,20,13,814.3425,556.1692,5
NaN,20,13,813.2726,540.8846,5
NaN,20,14,811.5376,531.813,5
NaN,20,15,811.4374,525.199,5
NaN,20,15,810.9154,517.1099,5
NaN,20,16,810.6576,510.2688,5
NaN,20,16,809.0955,502.3832,5
NaN,20,16,806.9662,498.4184,5
NaN,20,17,803.6335,492.1369,5
NaN,20,17,801.766,480.0979,5
NaN,20,17,800.2556,474.7624,5
NaN,20,17,800.2175999999999,466.0215,5
NaN,20,17,798.9669,456.7987,5
NaN,20,18,796.0411,449.0365,5
NaN,20,18,793.991,445.4555,5
NaN,20,18,792.5581,438.9114,5
NaN,20,18,793.0097,432.3514,5
NaN,20,18,792.5673,429.5606,5
NaN,20,18,791.9934,426.0164,5
NaN,20,18,791.0251,423.2861,5
NaN,20,19,789.9353,421.5712,5
NaN,20,19,787.9976,417.7192,5
NaN,20,19,787.6432,415.4627,5
NaN,20,19,785.9538,411.2846,4
NaN,20,19,785.5359999999999,406.215,4
NaN,20,19,784.9673,403.8568,4
NaN,20,19,785.8171,401.1874,4
NaN,20,19,785.9235,398.584,4
NaN,20,19,785.977,397.6692,4
NaN,20,19,785.6389,396.1564,4
NaN,20,21,785.3397,394.8407,4
NaN,20,20,785.0633,391.9753,4
NaN,20,20,785.1613,388.8236,4
NaN,20,20,785.9195,384.2333,4
NaN,20,21,785.0479,382.9166,4
NaN,20,20,784.654,380.5845,4
NaN,20,21,783.7067,379.4169,4
NaN,20,21,782.6244,378.1631,4
NaN,20,20,781.9050999999999,376.7483,4
NaN,20,21,782.8325,376.0235,4
NaN,20,21,783.1538,375.9054,4
NaN,20,21,783.0395,377.0491,4
NaN,20,21,784.3228,377.081,4
NaN,20,21,784.7182,377.2021,4
NaN,20,21,784.5844,376.604,4
NaN,20,21,785.0827,376.7719,4
NaN,20,21,784.3831,375.7191,4
NaN,20,21,783.8321999999999,373.8801,4
NaN,20,21,784.3739,373.626,4
NaN,20,21,784.1353,373.4287,4
NaN,20,21,784.681,373.7669,4
NaN,20,21,784.2542,373.8495,4
NaN,20,21,783.7457000000001,372.1873,4
NaN,20,21,784.4877,370.5473,4
NaN,20,21,783.7117,371.1809,4
NaN,20,21,784.5595,372.1432,4
NaN,20,21,783.8443,373.1542,4
NaN,20,21,784.1504,374.2455,4
NaN,20,21,784.3715999999999,373.0661,4
NaN,20,21,783.4527,375.1563,4
NaN,20,21,784.1241,374.7854,4
NaN,20,21,783.6386,373.5579,4
NaN,20,21,783.1476,376.0292,4
NaN,20,22,783.1854,375.5633,4
NaN,20,22,783.063,378.6947,4
NaN,20,21,783.2242,378.5922,4
NaN,21,21,783.2463,380.0958,4
NaN,21,21,783.5824,383.2258,4
NaN,20,21,784.8207,385.5628,4
NaN,21,22,785.2875,391.5481,4
NaN,20,22,784.4569,393.5805,4
NaN,20,22,783.6399,395.5011,4
NaN,21,22,783.3382,399.202,4
NaN,21,21,783.0421,400.0947,4
NaN,21,22,782.7867,401.5785,4
NaN,21,22,782.5687,401.941,4
NaN,21,22,783.0051999999999,402.144,4
NaN,21,22,784.3216,401.6968,4
NaN,21,21,784.4902,401.0392,4
NaN,21,22,784.7393,399.8983,4
NaN,21,22,784.5839999999999,397.8197,4
NaN,21,22,784.3061,397.4718,4
NaN,20,22,783.2597,396.2558,4
NaN,21,22,781.6844,396.3555,4
NaN,21,22,780.6514,396.5685,4
NaN,21,22,779.1674,395.4037,4
NaN,20,22,779.1034,394.6488,4
NaN,20,22,779.7627,395.2977,4
NaN,20,22,779.4539,393.2447,4
NaN,20,22,778.7438,394.1127,4
NaN,20,21,778.6554,394.8816,4
NaN,20,21,778.7951,394.1973,4
NaN,20,21,779.0776,395.1794,4
NaN,20,21,779.6771,395.1722,4
NaN,20,21,780.8948,396.7108,4
NaN,20,22,781.1941,396.9363,4
NaN,20,22,781.2323,397.2935,4
NaN,20,21,780.7546,400.1925,4
NaN,20,21,780.6199,400.8226,4
NaN,20,22,780.2263,399.7813,4
NaN,20,21,780.0808,399.7301,4
NaN,20,21,779.2077,399.6624,4
NaN,20,21,780.2464,399.5301,4
NaN,20,21,780.5232999999999,399.969,4
NaN,20,21,780.9254,401.1901,4
NaN,20,22,780.9546,401.8499,4
NaN,20,21,781.3471,401.069,4
NaN,20,21,780.3173,401.9841,4
NaN,20,21,779.7759,401.2252,4
NaN,20,22,778.7314,400.6536,4
NaN,20,21,778.8001,401.6221,4
NaN,20,21,778.9726000000001,402.5351,4
NaN,20,22,779.3768,402.556,4
NaN,20,21,780.3607,401.9271,4
NaN,20,22,780.9827,402.8919,4
NaN,20,22,782.7395,402.3114,4
NaN,20,22,783.5498,401.4171,4
NaN,20,21,783.9466,401.6441,4
NaN,20,22,783.5407,402.9735,4
NaN,20,22,782.5143,403.938,4
NaN,20,22,783.1206,404.2694,4
NaN,20,22,782.8997000000001,404.6252,4
NaN,20,22,783.4064,402.2088,4
NaN,20,22,783.3407999999999,401.4223,4
NaN,20,22,783.2796,402.0062,4
NaN,20,22,783.451,403.0492,4
NaN,20,22,783.5011,403.9346,4
NaN,20,22,783.5164,405.306,4
NaN,20,22,784.7405,404.2399,4
NaN,20,22,785.1961,405.1515,4
NaN,20,22,786.9365,406.0813,4
NaN,20,22,786.1104,407.8353,4
NaN,20,22,786.0833,410.2488,4
NaN,20,22,786.7387,408.7811,4
NaN,20,22,786.3918,409.3729,4
NaN,20,22,786.1623,409.7304,4
NaN,20,22,786.7544,411.3178,4
NaN,20,22,786.5374,411.6583,4
NaN,20,22,786.36,412.1896,4
NaN,20,22,786.0232999999999,413.3834,4
NaN,20,22,785.7106,414.2195,4
NaN,20,22,787.645,414.395,4
NaN,20,21,787.2157999999999,414.3732,4
NaN,20,22,786.4802,415.3676,4
NaN,20,21,786.9842,414.8372,4
NaN,20,23,787.9225,415.7882,4
NaN,20,21,788.1763,419.8643,4
NaN,20,21,788.5365,418.8942,4
NaN,20,22,789.1618999999999,419.4222,4
NaN,20,22,788.9206,419.9248,4
NaN,20,22,788.1347,420.4214,4
NaN,20,21,786.7303000000001,420.6382,4
NaN,20,22,786.7777,422.4973,4
NaN,20,22,787.258,422.4028,4
NaN,20,22,787.7243999999999,422.8772,4
NaN,20,22,788.5131,422.2742,4
NaN,20,22,787.77,423.4832,4
NaN,20,22,785.4722,425.761,4
NaN,20,22,785.347,424.4941,4
NaN,20,22,785.7886,425.1279,4
NaN,20,22,786.9134,425.6442,4
NaN,20,22,787.9123,424.9505,4
NaN,20,22,788.2546,425.5018,4
NaN,20,22,788.6426,425.0068,4
NaN,20,22,788.9823,424.7178,4
NaN,20,22,790.1242999999999,424.7947,4
NaN,20,22,790.6501,424.0905,4
NaN,20,22,790.8694,424.1275,4
NaN,21,22,791.355,423.2504,4
NaN,21,22,791.2225,425.5718,4
NaN,20,22,790.5433,428.5291,4
NaN,21,22,791.6683,429.8222,4
NaN,21,22,792.0115,432.4417,4
NaN,21,22,792.9775,431.942,4
NaN,21,22,793.3424,434.183,4
NaN,21,22,794.2536,433.0246,4
NaN,21,22,794.4049,434.189,4
NaN,21,22,796.4521,433.2357,4
NaN,21,22,798.1349,432.1129,4
NaN,21,22,797.2461,433.1541,4
NaN,21,22,795.2403,432.6686,4
NaN,21,22,794.679,432.1697,4
NaN,21,22,794.186,431.9725,4
NaN,21,22,794.2175999999999,429.8996,4
NaN,21,22,794.503,430.1607,4
NaN,21,22,794.2674,429.9174,4
NaN,21,22,795.3478,426.2194,4
NaN,21,22,795.8847,428.273,4
NaN,21,22,795.8669,426.2809,4
NaN,21,22,795.6124,426.558,4
NaN,21,22,794.874,427.9979,4
NaN,21,22,794.5959,428.8026,4
NaN,21,22,794.2873,430.3525,4
NaN,21,22,794.5051,431.48,4
NaN,21,22,795.7616,432.1559,4
NaN,21,22,796.8524,431.8779,4
NaN,21,22,797.3961,431.9822,4
NaN,21,22,796.5421,432.3227,4
NaN,21,21,796.6214,433.0431,4
NaN,21,22,796.9829,434.0574,4
NaN,21,22,797.4158,434.5836,4
NaN,21,22,796.9075,435.4205,4
NaN,21,22,796.1815,435.4728,4
NaN,21,22,796.6564,435.2857,4
NaN,20,22,796.9696,434.7122,4
NaN,20,22,797.4709,436.6193,4
NaN,21,21,796.8973999999999,437.5127,4
NaN,20,22,796.4035,438.0283,4
NaN,20,23,796.1459,438.3513,4
NaN,20,23,795.6704,438.8036,4
NaN,20,22,795.0311,438.9841,4
NaN,20,23,793.8828,439.8318,4
NaN,20,21,793.2941,439.4134,4
NaN,20,22,792.981,439.6992,4
NaN,20,22,792.6357,439.7202,4
NaN,20,22,791.6664,438.6297,4
NaN,20,22,790.774,439.2022,4
NaN,20,21,791.0016000000001,439.3391,4
NaN,20,22,791.6807,440.5767,4
NaN,20,22,791.812,440.8139,4
NaN,20,21,792.1528,441.2355,4
NaN,20,22,792.3994,440.8849,4
NaN,20,22,792.0879,442.1663,4
NaN,20,22,792.1938,442.2535,4
NaN,20,22,791.1736,441.3793,4
NaN,20,21,792.1444,442.371,4
NaN,20,22,792.5454,442.8209,4
NaN,20,22,793.1666,444.0623,4
NaN,20,22,793.4636,444.2412,4
NaN,20,21,792.5418,443.3213,4
NaN,20,22,792.5214,443.2372,4
NaN,20,22,792.6511,444.5391,4
NaN,21,22,793.3476000000001,445.7492,4
NaN,20,22,793.4223,447.9305,4
NaN,21,22,792.5384,449.2885,4
NaN,20,22,791.833,451.2146,4
NaN,21,22,792.8268,450.5586,4
NaN,21,22,793.6604,452.1086,4
NaN,21,22,793.775,454.701,4
NaN,21,22,794.0916,454.6455,4
NaN,21,22,794.4886,456.2937,4
NaN,21,22,794.4065000000001,458.1763,4
NaN,21,22,794.477,459.9667,4
NaN,21,22,795.0539,461.3915,4
NaN,21,22,795.7619999999999,461.1907,4
NaN,21,22,796.5582000000001,461.6176,4
NaN,21,22,797.0937,462.5789,4
NaN,21,22,796.3721,463.9384,4
NaN,21,22,795.5665,464.9941,4
NaN,21,22,795.5785,465.6412,4
NaN,21,22,795.0145,468.0567,4
NaN,21,22,795.0776,468.0152,4
NaN,21,22,793.1481,469.1661,4
NaN,21,22,793.0273999999999,469.4132,4
NaN,21,22,792.8429,469.1277,4
NaN,21,22,794.2637,469.0192,4
NaN,21,21,794.7211,469.5195,4
NaN,21,22,794.0193,468.8516,4
NaN,21,22,792.4228000000001,468.1935,4
NaN,21,22,791.0194,468.7652,4
NaN,21,22,790.1018,469.1163,4
NaN,21,22,790.2679000000001,468.0996,4
NaN,20,22,790.5676999999999,466.6605,4
NaN,21,22,790.9124,468.296,4
NaN,21,22,790.5839,468.7952,4
NaN,21,22,790.0015,467.0653,4
NaN,20,22,790.1094000000001,469.377,4
NaN,21,21,789.8341,469.1118,4
NaN,21,22,789.6842,468.9044,4
NaN,20,22,789.9737,470.0091,4
NaN,21,22,789.5483,467.7876,4
NaN,21,22,789.4861,468.8373,4
NaN,20,22,789.6396999999999,469.604,4
NaN,21,22,789.9101000000001,469.2326,4
NaN,21,22,789.9202,470.481,4
NaN,21,22,789.9059,469.2725,4
NaN,21,21,790.4746,470.5035,4
NaN,20,21,790.2651,469.8568,4
NaN,20,21,791.8625,471.1733,4
NaN,21,21,792.1008,472.0158,4
NaN,21,22,791.8084,473.038,4
NaN,21,22,791.4798,473.3865,4
NaN,21,21,792.3226,472.9909,4
NaN,20,22,793.0631,474.1251,4
NaN,21,23,793.5302,474.3388,4
NaN,21,23,794.1495,474.7241,4
NaN,21,22,794.8756,475.8325,4
NaN,21,23,795.3905999999999,475.8968,4
NaN,21,22,795.6168,477.3317,4
NaN,21,22,795.5196999999999,477.141,4
NaN,21,21,796.3154,475.7203,4
NaN,21,23,797.6966,475.9597,4
NaN,21,22,797.7236,476.1225,4
NaN,21,23,798.0457,475.7615,4
NaN,21,22,797.8632,476.4596,4
NaN,21,22,797.6401,476.8992,4
NaN,21,22,797.6583000000001,477.3902,4
NaN,21,22,797.3945,478.8294,4
NaN,21,22,797.6517,481.2558,4
NaN,21,22,797.9757,482.1099,4
NaN,21,22,798.5436999999999,482.7356,4
NaN,21,22,798.7063000000001,481.9342,4
NaN,21,22,798.6569,481.5384,4
NaN,21,22,799.0744999999999,481.3513,4
NaN,21,22,799.506,481.5571,4
NaN,21,22,799.0428000000001,482.9369,4
NaN,20,22,798.5434,484.949,4
NaN,21,22,797.2202,485.0982,4
NaN,21,22,797.129,486.8142,4
NaN,21,22,797.1163,487.2929,4
NaN,21,22,795.2144,486.9292,4
NaN,21,22,794.173,486.9299,4
NaN,21,22,792.3982,487.5604,4
NaN,21,22,791.997,489.1149,4
NaN,20,22,791.6828,487.8888,4
NaN,20,22,790.8137,487.6212,4
NaN,20,22,789.7182,486.7757,4
NaN,20,22,790.4772,485.9919,4
NaN,20,22,790.7409,486.8256,4
NaN,20,22,790.6625,487.2884,4
NaN,20,22,790.8065,487.8183,4
NaN,20,22,790.3964999999999,488.1913,4
NaN,20,22,790.6742,487.7814,4
NaN,20,22,791.768,487.7799,4
NaN,20,22,792.0353,486.6718,4
NaN,20,22,791.8585,488.3709,4
NaN,20,22,792.6339,487.6183,4
NaN,20,22,793.1093,485.8214,4
NaN,20,22,793.7508,486.1748,4
NaN,20,22,794.6101,485.9316,4
NaN,20,21,793.6963,488.2864,4
NaN,20,22,792.9805,488.7959,4
NaN,20,22,791.5222,488.9993,4
NaN,20,22,792.2888,489.4163,4
NaN,20,22,793.1608,488.8005,4
NaN,20,22,793.1366,487.6592,4
NaN,20,22,794.0484,486.9227,4
NaN,20,21,794.3159000000001,486.232,4
NaN,20,22,794.1706,487.9431,4
NaN,20,23,793.4213999999999,489.7722,4
NaN,20,22,792.9683,490.3648,4
NaN,20,22,791.8855,490.51,4
NaN,20,22,791.9564,490.1566,4
NaN,20,22,791.3278,491.0829,4
NaN,20,22,791.087,490.534,4
NaN,20,22,789.8647,491.2439,4
NaN,20,22,789.9903,491.7992,4
NaN,20,22,790.5771999999999,492.5808,4
NaN,20,21,790.1874,494.3361,4
NaN,20,23,790.8882,494.2913,4
NaN,20,23,790.8235,495.5323,4
NaN,20,21,791.454,495.2335,4
NaN,20,22,791.8801999999999,496.5957,4
NaN,20,22,792.348,495.4217,4
NaN,20,22,792.0911,497.3787,4
NaN,20,22,792.5037,498.5639,4
NaN,20,23,793.2559,500.0749,4
NaN,20,21,794.155,501.4033,4
NaN,20,21,794.0277,501.4111,4
NaN,20,22,793.9953,502.85,4
NaN,20,22,792.8398999999999,503.9787,4
NaN,20,22,792.8678,505.4682,4
NaN,20,22,792.6,506.0394,4
NaN,20,22,792.5856,506.3776,4
0,0,0,0,0,4
