2302548377,19,18,512.1117,383.0552,1
2302553376,19,19,512.5862,382.8391,1
2302558385,19,19,512.7215,383.162,1
2302563377,19,19,512.6691,384.2532,1
2302568377,18,19,512.4622000000001,384.5286,1
2302573376,19,19,512.6264,384.6182,1
2302578376,19,19,513.3618,384.3648,1
2302583377,19,19,513.6559,384.6353,1
2302588377,19,19,514.288,384.8331,1
2302593376,19,19,514.0905,385.437,1
2302598378,19,19,513.2161,386.5374,1
2302603384,19,19,514.319,386.3521,1
2302608376,19,19,514.9296000000001,385.1634,1
2302613378,19,19,514.5346,386.0272,1
2302618376,19,19,514.3488,385.8383,1
2302623377,19,19,514.1042,386.5942,1
2302628377,19,19,514.1217,386.186,1
2302633376,19,19,514.2666,385.4877,1
2302638377,19,19,514.5102000000001,384.2143,1
2302643385,19,19,514.8489,383.0473,1
2302648377,19,19,514.866,383.487,1
2302653376,19,19,515.0477,383.4032,1
2302658376,19,19,514.7758,383.2272,1
2302663376,19,19,515.1244,382.8004,1
2302668375,19,19,514.2866,383.166,1
2302673375,19,19,513.9677,384.3021,1
2302678376,19,19,512.8975,385.0107,1
2302683383,19,19,512.6235,385.3644,1
2302688380,19,19,512.8446,385.48,1
2302693376,19,19,512.9861,385.2389,1
2302698375,19,19,513.1135,383.9176,1
2302703375,19,19,513.1583000000001,384.1817,1
2302708374,19,19,512.8937,384.4382,1
2302713377,19,19,513.1059,385.3033,1
2302718377,19,19,512.8747,385.0288,1
2302723374,19,19,513.259,385.4249,1
2302728385,19,19,513.5636,385.5156,1
2302733376,19,19,514.0025000000001,385.2702,1
2302738376,19,19,514.4967,383.9982,1
2302743377,19,19,514.2954999999999,384.9634,1
2302748375,19,19,514.3361,384.2463,1
2302753376,19,19,515.2363,383.0549,1
2302758376,19,19,514.9976,384.3783,1
2302763376,19,19,514.9547,384.9338,1
2302768383,19,19,515.7851000000001,385.5564,1
2302773379,19,19,516.6333,384.6748,1
2302778376,19,19,516.8833,384.2004,1
2302783375,19,19,517.3782,383.7479,1
2302788376,19,19,517.1977000000001,383.3372,1
2302793375,20,19,517.7259,383.339,1
2302798376,19,19,517.2379,384.3158,1
2302803377,19,19,516.322,383.4547,2
2302808381,20,19,516.3795,356.189,2
2302813376,20,19,515.7558,297.3827,2
2302818377,19,19,515.1035000000001,243.9859,2
2302823378,20,19,518.9835,234.9076,2
2302828375,20,19,506.5703,244.367,2
2302833377,19,19,494.919,258.7101,2
2302838375,20,19,494.0643,264.7068,2
2302843375,20,20,496.1388,266.5986,3
2302848377,20,19,500.1052,265.0601,3
2302853383,20,19,505.6826,257.0709,3
2302858375,20,19,509.1049,248.0116,3
2302863374,20,19,509.0184,247.6081,3
2302868375,20,19,508.4321,248.5265,3
2302873375,20,19,507.0531,249.8526,3
2302878376,20,19,505.4884,250.9299,3
2302883375,20,19,504.4591,251.0857,3
2302888376,20,19,503.3786,250.6916,3
2302893383,20,19,501.4215,249.7628,3
2302898376,20,19,498.8868,248.945,3
2302903377,20,19,496.6186,248.9844,3
2302908376,20,19,494.9627,248.8069,3
2302913375,20,19,493.3017,248.5848,3
2302918376,20,19,492.0058,249.2334,1
2302923377,20,19,490.8249,249.0373,1
2302928375,20,19,489.9931,249.4275,1
2302933380,20,19,489.6702,249.3546,1
2302938380,20,19,489.2735,249.4926,1
2302943375,20,19,488.7528,249.8407,1
2302948375,20,19,488.4424,248.2918,1
2302953374,20,19,488.6762,248.3443,1
2302958376,20,19,488.0424,248.6414,1
2302963376,20,19,487.8703,248.5472,1
2302968374,20,19,487.2739,248.9984,1
2302973379,20,19,487.7007,248.3107,1
2302978381,20,19,487.6868,248.6289,1
2302983375,20,19,488.8989,248.9373,2
2302988374,20,19,489.9364,251.3049,2
2302993374,20,20,446.0738,260.7078,2
2302998374,20,19,419.2047,279.9771,2
2303003374,19,19,415.853,288.0242,2
2303008376,20,20,429.6814,288.067,3
2303013375,20,19,436.0274,287.3525,3
2303018384,20,19,435.6508,284.7559,3
2303023375,20,19,433.4819,281.9853,3
2303028374,20,19,429.9162,281.6449,3
2303033375,20,20,428.5941,281.896,3
2303038375,20,20,427.3266,283.2541,3
2303043374,19,19,425.5385,283.9179,3
2303048374,20,20,425.4338,283.5635,3
2303053375,19,19,422.6476,283.6745,1
2303058382,19,19,423.3875,282.4093,1
2303063376,20,19,424.8756,280.4736,1
2303068375,20,19,425.9961,279.6325,1
2303073375,20,20,426.8181,279.3298,1
2303078373,20,20,426.8258,279.6755,1
2303083374,20,20,427.1928,279.3251,1
2303088375,20,20,427.4172,280.1093,1
2303093373,20,20,427.7643,279.7405,1
2303098389,20,20,427.9502,279.5503,1
2303103379,19,20,426.7413,280.1572,1
2303108374,20,20,427.5596,280.1434,1
2303113375,20,20,427.7383,280.718,1
2303118375,20,20,428.128,280.7183,1
2303123374,20,20,428.2656,281.0344,1
2303128375,20,20,428.1506,281.4827,1
2303133376,20,19,428.4274,280.9814,1
2303138374,21,20,428.5877,280.7615,1
2303143373,20,20,428.9476,281.0937,1
2303148380,21,20,428.5814,281.421,1
2303153375,20,20,428.1077,281.9191,1
2303158375,20,20,428.2419,281.7935,1
2303163375,20,20,428.953,282.128,1
2303168376,21,20,428.6155,282.2518,1
2303173373,21,20,428.6309,282.8926,1
2303178375,21,20,428.1488,283.1645,1
2303183380,21,20,427.7553,283.4493,1
2303188378,20,20,427.8087,283.4307,1
2303193373,21,20,427.657,284.0514,1
2303198375,20,20,427.6087,284.1259,1
2303203374,21,20,427.8253,284.0761,1
2303208372,21,20,427.8646,284.3626,1
2303213375,21,20,427.8268,284.467,1
2303218375,21,20,427.7399,284.4736,1
2303223385,21,20,427.2259,284.033,1
2303228380,21,20,427.0527,284.2079,1
2303233374,21,20,426.547,283.7943,1
2303238374,21,20,426.8627,284.0257,1
2303243373,21,20,427.1234,284.0699,1
2303248373,21,20,427.2968,284.7647,1
2303253375,21,20,427.3002,284.9693,1
2303258372,21,20,427.0008,284.6064,1
2303263375,21,20,427.3263,284.5145,1
2303268381,21,20,427.6513,284.3736,1
2303273375,21,20,428.4595,284.6805,1
2303278373,21,20,428.7665,285.0506,1
2303283372,21,20,429.6326,284.5235,1
2303288373,21,20,429.877,284.6826,1
2303293374,21,20,430.4418,284.7579,1
2303298373,21,20,430.6123,284.5721,1
2303303374,21,21,430.8071,284.7327,1
2303308380,21,21,430.7378,284.9636,1
2303313377,21,21,430.7483,285.096,1
2303318374,21,21,430.8942,285.5541,1
2303323373,21,21,430.8744,284.7445,1
2303328374,21,21,430.7714,284.8752,1
2303333374,21,21,430.7075,284.9656,1
2303338374,21,21,430.3988,284.6671,1
2303343373,21,21,430.6047,284.5629,1
2303348382,21,21,430.7505,284.2742,1
2303353379,21,21,430.8228,283.9671,1
2303358373,21,21,430.8773,284.3849,1
2303363372,21,21,431.0294,285.1514,1
2303368374,21,21,430.5701,285.8892,2
2303373373,22,21,433.3516,299.0807,2
2303378373,22,22,440.7995,328.7829,2
2303383373,21,21,445.1524,336.9756,2
2303388375,22,21,445.4081,322.1488,3
2303393380,22,21,444.7341,302.9625,3
2303398375,22,21,443.9704,300.0932,3
2303403374,22,21,443.841,306.512,3
2303408373,22,22,444.7036,313.2598,3
2303413374,22,21,445.3535,315.5226,3
2303418374,21,21,444.2773,316.2656,3
2303423370,21,21,442.997,316.3264,3
2303428374,22,22,443.1814,315.6706,1
2303433379,21,21,441.5348,315.8908,1
2303438374,21,22,440.1832,316.5956,1
2303443374,21,22,438.7333,316.9509,1
2303448371,21,22,437.1651,317.19,1
2303453373,22,22,436.8488,317.0254,1
2303458371,22,22,436.6077,316.7633,1
2303463372,21,22,436.4677,317.7908,1
2303468374,21,22,436.9419,319.3245,1
2303473382,21,22,437.4272,318.8293,1
2303478379,21,22,436.7256,318.8522,1
2303483373,21,22,436.3964,319.131,1
2303488374,21,22,436.4487,320.018,1
2303493372,21,22,438.0327,321.1307,1
2303498373,22,22,441.5394,320.6327,1
2303503378,22,22,445.1509,321.0039,1
2303508372,22,22,446.8062,321.2592,1
2303513371,22,22,447.9429,321.4212,1
2303518382,22,22,449.3071,322.339,1
2303523373,22,22,449.5881,322.1358,1
2303528374,22,22,449.9416,321.8214,1
2303533372,22,21,450.1658,321.5788,1
2303538373,22,22,450.3855,321.4166,1
2303543373,22,22,450.1096,321.4692,1
2303548372,22,21,449.8108,322.1548,1
2303553373,22,22,450.0619,322.1982,1
2303558371,22,22,449.813,322.3925,1
2303563371,22,22,449.8176,322.8159,1
2303568373,22,22,449.6348,322.8103,1
2303573372,22,22,449.1977,322.5021,1
2303578371,22,22,448.8306,322.7912,1
2303583372,22,21,448.4036,323.3082,1
2303588371,22,22,447.6278,323.5144,1
2303593373,22,21,447.4011,324.5133,1
2303598379,22,22,447.0182,324.7855,1
2303603375,22,21,446.269,325.8091,1
2303608372,22,22,445.084,326.7108,1
2303613369,22,21,443.8647,326.7911,1
2303618373,22,21,442.1618,327.0031,1
2303623372,22,21,440.4011,326.6464,1
2303628374,22,21,438.4415,326.809,1
2303633373,22,21,437.0961,327.7187,1
2303638372,22,21,434.8686,328.63,1
2303643379,21,21,433.3992,329.1048,1
2303648373,22,21,431.8763,329.2714,1
2303653373,21,21,430.4554,329.7193,1
2303658371,21,21,429.4799,330.6259,1
2303663372,21,21,428.5884,331.4083,1
2303668372,21,21,428.7035,331.0736,1
2303673373,21,21,429.1636,329.8284,1
2303678373,21,21,429.2677,329.0813,1
2303683379,21,21,429.3933,329.3959,1
2303688372,21,21,429.3484,329.0867,1
2303693371,21,21,429.8596,329.6639,1
2303698373,21,21,430.2979,329.4025,1
2303703370,21,21,431.098,328.7886,1
2303708370,21,21,431.4859,328.0533,1
2303713370,21,21,431.1821,328.3628,1
2303718372,21,21,431.5477,328.2549,1
2303723378,21,21,431.6854,328.404,1
2303728374,21,22,432.1569,327.8382,1
2303733372,21,22,432.6994,327.8508,1
2303738369,21,22,433.0027,328.2474,1
2303743371,21,22,432.7663,327.635,1
2303748372,21,22,432.7599,327.6288,1
2303753373,21,22,432.7225,327.7928,1
2303758372,21,22,432.9376,327.5218,1
2303763372,21,22,432.9557,326.9383,1
2303768377,21,22,432.4688,326.3073,1
2303773371,21,22,431.7621,326.0812,1
2303778372,21,22,430.9337,326.4231,1
2303783372,21,22,430.8181,326.286,1
2303788371,21,22,430.9282,326.7946,1
2303793372,21,22,430.7039,326.329,1
2303798372,21,22,430.5588,325.9399,1
2303803371,21,22,430.3959,325.8439,1
2303808377,21,22,430.5657,325.4579,1
2303813371,21,22,430.6127,324.2551,1
2303818371,21,22,430.712,324.5443,1
2303823373,21,22,431.3488,324.2338,1
2303828372,21,22,431.3943,324.5997,1
2303833371,21,22,431.3924,325.0276,1
2303838372,21,22,431.4342,325.5767,1
2303843368,21,22,432.0564,325.7677,1
2303848374,21,22,432.7861,326.0933,2
2303853376,21,21,433.3354,332.7907,2
2303858371,21,22,434.0407,349.2346,2
2303863372,21,22,435.352,361.5986,2
2303868370,21,22,436.8438,357.9916,2
2303873371,21,21,437.8735,352.3732,2
2303878374,21,21,437.6266,348.5315,2
2303883372,21,21,437.0094,348.303,3
2303888370,21,22,436.2659,349.1197,3
2303893376,21,22,436.1876,350.9632,3
2303898372,21,22,436.195,351.7443,3
2303903370,21,22,436.2252,352.1178,4
2303908370,21,22,436.443,352.0642,4
2303913371,21,22,436.1915,352.5397,4
2303918372,21,22,436.1227,353.2099,4
2303923371,21,22,435.7462,354.1873,4
2303928370,21,22,435.6151,354.062,4
2303933375,21,22,435.5375,353.8879,4
2303938372,21,22,435.2001,354.1538,4
2303943371,21,22,434.9575,354.2795,4
2303948370,21,22,435.0302,354.3218,4
2303953371,21,22,434.579,354.3823,4
2303958369,21,22,434.7999,353.9614,4
2303963371,21,22,434.9221,353.4425,4
2303968371,21,22,434.6881,353.1125,4
2303973379,21,22,434.9608,352.3752,4
2303978374,21,22,434.9667,352.6323,4
2303983367,21,22,435.136,352.7251,4
2303988369,21,22,435.3777,353.289,4
2303993370,21,22,435.8403,353.8175,4
2303998370,21,22,436.0205,353.5597,4
2304003372,21,22,435.7549,353.306,4
2304008369,21,22,435.6559,353.759,4
2304013371,21,22,435.6498,354.1685,4
2304018381,21,22,435.6396,354.3229,4
2304023371,21,22,435.7739,354.6969,4
2304028370,21,22,435.664,354.3011,4
2304033369,21,22,435.2685,354.704,4
2304038369,21,22,436.1629,354.6776,4
2304043370,21,22,436.2903,354.5007,4
2304048371,21,22,436.6222,354.4513,4
2304053371,21,22,436.4149,354.3838,4
2304058376,21,22,435.7593,354.4837,4
2304063372,21,22,435.471,354.3817,4
2304068369,21,22,435.6007,354.9851,4
2304073369,21,22,435.7922,355.0205,4
2304078372,21,22,435.9605,355.1631,4
2304083370,21,22,435.9917,355.7483,4
2304088371,21,22,436.6869,355.4616,4
2304093371,21,22,437.376,355.8541,4
2304098376,21,22,438.1137,356.1222,4
2304103372,21,22,438.8246,355.9711,4
2304108369,21,22,439.5891,355.7051,4
2304113370,21,22,440.2735,355.8151,4
2304118371,22,22,441.6433,355.5581,4
2304123369,22,21,443.6672,355.0585,4
2304128370,22,21,445.0961,354.4183,4
2304133369,22,22,446.655,354.4368,4
2304138371,22,21,447.4268,353.8748,4
2304143377,22,22,447.8312,354.1589,4
2304148371,22,21,448.6471,353.8821,4
2304153371,22,22,449.7116,353.9699,4
2304158370,22,21,450.6084,354.1574,4
2304163369,22,22,451.1933,353.8512,4
2304168371,22,22,451.3543,353.5669,4
2304173369,22,22,451.4491,353.4854,4
2304178369,22,22,452.0397,353.6003,4
2304183373,22,21,452.5223,353.5921,4
2304188370,22,21,452.7529,354.1595,4
2304193369,22,21,452.9915,353.85,4
2304198369,22,21,453.0608,353.2451,4
2304203371,22,21,453.3495,353.0994,4
2304208367,22,21,453.3062,353.0024,4
2304213370,22,21,453.4135,352.7492,4
2304218370,22,21,453.7184,352.8755,4
2304223374,22,21,453.398,352.7979,4
2304228372,22,21,453.7286,352.5899,4
2304233370,22,22,453.9881,353.0327,4
2304238369,22,21,453.9522,353.4558,4
2304243369,22,21,453.6568,353.8168,4
2304248368,22,21,453.3994,353.833,4
2304253369,22,21,452.9102,353.7268,4
2304258371,22,21,452.2914,353.6191,4
2304263370,22,21,451.5509,353.3159,4
2304268369,22,21,451.7569,352.8941,4
2304273369,22,21,452.0879,353.3723,4
2304278369,22,21,452.2974,353.6592,4
2304283370,22,21,452.731,353.8879,4
2304288370,22,21,452.6531,353.8541,4
2304293370,22,21,453.4175,353.5631,4
2304298369,22,21,453.5512,352.789,4
2304303369,22,21,453.9557,353.4504,4
2304308374,22,21,454.3389,353.65,4
2304313367,22,21,455.0251,353.551,4
2304318369,22,21,455.306,353.8377,4
2304323370,22,21,455.3694,353.9968,4
2304328369,22,21,455.8716,353.96,4
2304333369,22,21,456.037,354.1444,4
2304338366,22,22,456.5534,354.7312,4
2304343370,22,21,456.8893,355.0441,4
2304348375,22,22,457.2025,355.0419,4
2304353376,22,21,457.8894,355.0582,4
2304358369,22,21,458.5942,354.5617,4
2304363367,22,22,458.7241,354.768,4
2304368369,22,22,458.5946,355.3638,4
2304373369,22,22,458.5283,355.7968,4
2304378370,22,21,458.8164,356.0152,4
2304383369,22,22,459.2251,355.9279,4
2304388367,22,22,460.2881,355.9099,4
2304393376,22,21,460.1988,355.5409,4
2304398370,22,22,459.6448,355.092,4
2304403368,22,21,458.499,355.2063,4
2304408368,22,22,457.295,355.9011,4
2304413370,22,22,457.0098,356.3343,4
2304418368,22,21,456.5405,356.3997,4
2304423369,22,22,456.289,356.3758,4
2304428368,22,22,455.6623,356.38,4
2304433380,22,22,455.0137,356.615,4
2304438372,22,22,454.064,356.1196,4
2304443369,21,22,452.0911,356.7062,4
2304448367,22,22,452.1302,356.7881,4
2304453367,22,22,452.1009,356.7836,4
2304458368,22,21,452.0856,356.5468,4
2304463368,22,22,452.1529,356.9394,4
2304468369,22,22,452.8685,356.6115,4
2304473376,22,22,452.915,356.988,4
2304478374,22,22,453.1515,357.5024,4
2304483369,22,22,453.5201,357.203,4
2304488367,22,22,453.6684,356.4643,4
2304493369,22,22,454.7976,356.5282,4
2304498369,22,21,455.7925,356.6548,4
2304503367,22,22,456.7645,356.9245,4
2304508369,22,22,457.8767,357.2443,4
2304513367,22,22,458.4438,357.2028,4
2304518376,22,21,459.1884,356.9487,4
2304523369,22,22,460.2367,356.5767,4
2304528369,22,21,460.9868,356.4003,4
2304533368,22,21,461.0323,355.7229,4
2304538369,22,21,461.7287,355.0134,4
2304543367,22,21,461.9303,354.7165,4
2304548368,22,21,461.7752,354.3921,4
2304553368,22,21,461.6673,354.3188,4
2304558376,22,21,461.6361,354.3214,4
2304563371,22,21,461.7359,354.2404,4
2304568367,21,21,461.7473,354.5786,4
2304573368,21,21,460.8571,354.9019,4
2304578368,21,21,460.4873,355.2768,4
2304583369,21,21,459.8441,355.7629,4
2304588367,21,21,460.3146,354.7175,4
2304593367,21,21,460.8279,354.1209,4
2304598376,21,21,461.0158,354.3179,4
2304603370,21,21,461.1872,353.743,4
2304608369,21,21,461.7066,353.9886,4
2304613369,21,21,461.9825,353.7953,4
2304618368,21,21,462.4065,353.0436,4
2304623369,21,21,462.7541,352.828,4
2304628368,21,21,462.9503,352.6949,4
2304633367,21,21,463.2104,352.7341,4
2304638369,21,21,462.8421,353.299,4
2304643375,21,21,462.7862,353.4598,4
2304648369,21,21,464.443,353.2656,4
2304653368,21,21,464.1757,353.2289,4
2304658367,21,21,464.0561,353.1705,4
2304663368,21,21,463.8662,352.699,4
2304668369,21,21,463.8471,352.4179,4
2304673368,21,21,464.321,351.3641,2
2304678368,21,21,470.9519,345.2414,2
2304683375,22,21,499.0397,316.0527,2
2304688367,21,21,513.9648999999999,290.8523,2
2304693368,21,21,512.4822,288.9326,2
2304698368,22,21,494.8945,301.2377,3
2304703367,22,21,485.3506,314.5355,3
2304708366,22,21,485.6284,314.9551,3
2304713368,21,21,484.7362,313.9484,3
2304718367,21,20,484.4686,311.4074,3
2304723375,21,21,483.6263,308.3293,3
2304728369,21,21,484.2661,306.1393,3
2304733365,21,21,483.3856,305.972,4
2304738366,21,21,482.6181,306.1879,4
2304743365,21,21,482.29,305.6702,4
2304748367,21,21,482.0773,305.3227,4
2304753368,21,21,480.8588,305.3513,4
2304758366,21,21,481.8654,304.3173,4
2304763365,21,21,483.143,304.1996,4
2304768374,21,22,483.7355,303.8182,4
2304773367,21,21,484.5105,303.5323,4
2304778366,21,21,484.9251,304.1759,4
2304783368,21,21,485.3987,304.4099,4
2304788367,21,21,485.7233,304.4352,4
2304793367,21,21,485.9158,304.0924,4
2304798368,21,21,485.5228,303.9832,4
2304803367,21,21,485.63,304.1532,4
2304808374,21,21,485.005,303.7982,4
2304813368,21,21,484.7944,303.9611,4
2304818368,21,21,484.5573,303.6661,4
2304823367,21,21,484.715,303.7107,4
2304828365,21,22,484.6052,304.0228,4
2304833367,21,21,484.5237,304.1562,4
2304838368,21,21,483.7645,304.0575,4
2304843367,21,21,483.2228,303.7829,4
2304848373,21,21,483.0029,303.4552,4
2304853367,21,21,482.548,302.9259,4
2304858368,21,21,483.1179,302.1247,4
2304863367,21,21,482.9643,302.1429,4
2304868366,21,21,482.5353,302.3702,4
2304873368,21,21,482.3074,303.1341,4
2304878366,21,21,482.0694,303.1858,4
2304883366,21,21,481.9338,303.6567,4
2304888368,21,21,481.0029,304.017,4
2304893374,21,21,481.0734,304.2679,4
2304898368,21,21,481.6575,304.4505,4
2304903367,21,21,481.6969,304.5134,4
2304908368,21,21,481.1429,304.2501,4
2304913366,21,21,480.623,304.4257,4
2304918367,21,21,480.5181,304.4704,4
2304923364,21,21,481.1241,303.9545,4
2304928365,21,21,481.7976,303.0542,4
2304933376,21,21,481.2484,303.2806,4
2304938366,21,21,481.9944,302.9283,4
2304943366,21,21,480.7795,303.3599,4
2304948364,21,21,480.5094,303.1891,4
2304953365,21,21,481.4653,302.5728,4
2304958364,21,21,480.8165,302.8019,4
2304963367,21,21,482.1066,302.7984,4
2304968366,21,21,482.9256,302.3262,4
2304973374,21,21,482.5757,302.8525,4
2304978372,21,21,483.5731,303.0843,4
2304983366,21,21,482.2832,303.5777,4
2304988365,21,21,481.7493,303.0665,4
2304993367,21,21,482.7992,302.4901,4
2304998366,21,21,482.7271,302.6258,4
2305003365,21,21,483.2952,302.3498,4
2305008366,21,21,483.3953,302.9534,4
2305013365,21,21,483.4547,302.114,4
2305018374,21,21,483.3235,301.6746,4
2305023367,21,21,483.4512,301.4822,4
2305028367,21,21,483.3362,301.3752,4
2305033368,21,21,483.2838,300.8864,4
2305038365,21,21,483.9369,300.3792,4
2305043367,21,21,484.1073,300.0674,4
2305048367,21,21,484.4091,300.1194,4
2305053367,21,21,485.0401,300.3126,4
2305058374,21,21,485.3192,299.7244,4
2305063365,21,21,485.9026,298.844,4
2305068366,21,21,486.2926,298.9913,4
2305073366,21,21,486.0956,299.0544,4
2305078367,21,21,486.3869,299.2465,4
2305083367,21,21,486.96,299.3222,4
2305088363,21,21,488.2263,299.0338,4
2305093365,21,21,488.1539,298.7203,4
2305098371,21,21,487.6397,298.3928,4
2305103367,21,21,487.8392,298.3968,4
2305108365,21,21,487.8476,298.7087,4
2305113365,21,21,488.0417,298.2671,4
2305118365,21,21,487.8015,297.677,4
2305123367,21,21,487.372,297.4399,4
2305128365,21,21,487.4789,297.5891,4
2305133366,21,21,487.426,297.9954,4
2305138366,21,21,487.0181,297.9071,4
2305143372,21,21,487.6048,298.2999,4
2305148366,21,21,487.7466,298.0241,4
2305153365,21,21,487.6349,297.4219,4
2305158364,21,21,487.5244,297.6266,4
2305163366,21,21,486.887,297.6837,4
2305168366,21,21,486.2494,298.0052,4
2305173366,21,21,485.8319,298.0842,4
2305178365,21,21,486.021,298.2463,4
2305183370,21,21,486.2903,298.8293,4
2305188367,21,21,486.089,299.0751,4
2305193365,21,21,486.0674,298.9627,4
2305198366,21,21,486.0444,298.8626,4
2305203364,21,21,485.9472,298.6405,4
2305208366,21,21,485.9898,298.4746,4
2305213365,21,21,485.8585,298.4779,4
2305218364,21,21,485.9408,298.0877,4
2305223370,21,21,486.0716,297.8045,4
2305228367,21,21,485.7157,297.2851,4
2305233365,21,21,485.6134,296.4651,4
2305238364,21,21,485.7466,296.1739,4
2305243364,21,21,485.5992,296.292,4
2305248365,21,21,485.2783,297.1252,4
2305253363,21,21,485.1597,297.9873,4
2305258365,21,21,485.132,297.7405,4
2305263366,21,21,485.7183,297.5543,4
2305268371,21,21,486.512,297.6296,4
2305273364,21,21,487.2253,297.5404,4
2305278365,21,21,487.6933,297.8643,4
2305283366,21,21,487.9994,297.7762,4
2305288364,21,21,488.0469,297.6242,4
2305293364,21,21,488.3787,297.2465,4
2305298365,21,21,488.451,296.7098,4
2305303364,21,21,488.339,296.9874,4
2305308375,21,21,488.6379,296.9241,4
2305313365,21,21,488.6853,297.0218,4
2305318365,21,21,488.709,296.9602,4
2305323364,21,21,489.0002,296.8174,4
2305328363,21,21,488.8119,297.0548,4
2305333364,21,21,488.71,296.8631,4
2305338366,21,21,488.3202,297.6782,4
2305343363,21,21,488.0852,297.5205,4
2305348374,21,21,487.3798,297.3638,4
2305353366,21,21,486.0495,296.8499,4
2305358365,21,21,485.4739,296.8896,4
2305363365,21,21,485.3664,297.164,4
2305368365,21,21,485.7876,297.1126,4
2305373364,21,21,486.6028,297.0177,4
2305378363,21,21,486.4365,297.4309,4
2305383366,21,21,486.6242,298.1754,4
2305388363,21,21,487.6947,297.9334,4
2305393366,21,21,489.4998,297.7426,4
2305398365,21,21,491.3842,297.2025,4
2305403364,21,21,493.6044,296.9048,4
2305408363,21,21,495.1767,297.4736,4
2305413363,21,21,496.8425,297.7723,4
2305418365,21,21,498.048,297.5428,4
2305423364,21,21,498.9802,297.6293,4
2305428365,21,21,499.2787,297.2341,4
2305433373,21,21,499.5222,297.1337,4
2305438363,21,21,499.398,296.5653,4
2305443365,21,21,498.9627,295.7417,4
2305448364,21,21,498.9046,295.5931,4
2305453363,21,21,498.1087,295.6627,4
2305458363,21,21,497.8914,295.5385,4
2305463365,21,21,497.7252,295.546,4
2305468363,21,21,497.5839,295.6127,4
2305473372,21,21,497.5684,295.0594,4
2305478366,21,21,497.2115,295.8453,4
2305483363,21,21,497.801,295.9177,4
2305488364,21,21,498.3641,295.9465,4
2305493362,21,21,498.8003,295.3417,4
2305498365,21,21,499.0785,294.8878,4
2305503364,21,21,498.66,294.8082,4
2305508362,21,21,498.1086,294.7116,4
2305513366,21,21,497.8625,294.7115,4
2305518371,21,21,497.3189,294.173,4
2305523363,21,21,496.4064,293.8563,4
2305528364,21,21,495.1486,293.3157,4
2305533364,21,21,494.2125,293.1083,4
2305538363,21,21,493.2872,293.113,4
2305543363,21,21,493.1712,292.9824,4
2305548363,21,21,493.2584,292.2689,4
2305553365,21,21,492.8962,292.1934,4
2305558371,21,21,493.1985,292.0094,4
2305563363,21,21,491.9463,292.3018,4
2305568364,21,21,491.8435,292.0145,4
2305573365,21,21,491.8793,291.6158,4
2305578363,21,21,491.9106,291.6496,4
2305583364,21,21,492.0465,291.6401,4
2305588364,21,21,492.4869,291.5471,4
2305593362,21,21,492.1758,291.3444,4
2305598369,21,21,491.5116,291.3901,4
2305603364,21,21,491.0073,291.0805,4
2305608363,21,21,490.6841,290.66,4
2305613363,21,21,491.0788,290.9052,4
2305618362,21,21,491.3334,290.9171,4
2305623362,21,21,491.4285,290.8107,4
2305628363,21,21,491.3409,290.5825,4
2305633364,21,21,491.181,290.4259,4
2305638364,21,21,491.2816,290.3775,4
2305643371,21,21,492.0158,290.4411,4
2305648363,21,21,492.3712,289.6769,4
2305653363,21,21,492.125,289.5908,4
2305658364,21,21,490.8246,289.2932,4
2305663364,21,21,491.5685,289.4113,4
2305668363,21,21,491.7517,290.4767,4
2305673360,21,21,492.3533,290.0977,4
2305678362,21,21,492.7428,290.2056,4
2305683371,21,21,492.8098,290.4113,4
2305688365,21,21,492.06,290.6079,4
2305693363,21,21,491.8889,290.9627,4
2305698360,21,21,492.0836,290.5532,4
2305703363,21,21,492.1747,290.7595,4
2305708363,21,21,492.441,290.6967,4
2305713364,21,21,492.2819,290.0188,4
2305718363,21,21,492.0769,289.7177,4
2305723368,21,21,492.0032,289.1992,4
2305728366,21,21,491.6027,289.9316,4
2305733363,21,21,491.3172,290.0658,4
2305738363,21,21,491.4545,290.2636,4
2305743363,21,21,491.8761,290.324,4
2305748363,21,21,492.9651,289.5379,4
2305753362,21,21,493.7228,288.9976,4
2305758363,21,21,494.3489,288.4518,4
2305763363,21,21,495.1196,288.471,4
2305768368,21,21,495.8529,288.3687,4
2305773363,21,21,497.0733,288.7717,4
2305778363,21,21,498.0594,288.9463,4
2305783363,21,21,499.283,289.2814,4
2305788362,21,21,501.2605,289.4468,4
2305793362,21,21,502.3603,289.5996,4
2305798363,21,21,504.5266,289.5788,4
2305803362,21,21,506.0253,289.537,4
2305808363,21,21,506.7721,289.9312,4
2305813360,21,21,506.6549,290.2783,4
2305818362,21,21,506.6329,290.882,4
2305823364,21,21,506.6898,290.7533,4
2305828363,21,21,506.8027,290.9695,4
2305833363,21,21,507.3296,290.9604,4
2305838361,21,21,507.5163,291.0567,4
2305843362,21,21,507.93,291.4093,4
2305848366,21,21,507.8951,291.6368,4
2305853364,21,21,507.9081,291.8139,4
2305858362,21,21,508.2598,291.3538,4
2305863361,21,21,508.7498,291.55,4
2305868363,21,21,508.4435,291.4758,4
2305873361,21,21,508.8346,292.2307,4
2305878362,21,21,508.8865,292.3428,4
2305883362,21,21,508.9228,293.0353,4
2305888362,21,21,509.1927,293.3775,4
2305893365,21,21,509.3641,293.2686,4
2305898362,21,21,509.0098,294.0959,4
2305903363,21,21,508.7193,294.1477,4
2305908361,21,21,508.703,294.1385,4
2305913362,21,21,508.6774,294.24,4
2305918365,21,21,508.686,294.0911,4
2305923362,21,21,508.5331,294.0642,4
2305928361,21,21,508.5793,293.8034,4
2305933370,21,21,508.4217,293.9888,4
2305938362,21,21,508.1047,293.775,4
2305943363,21,21,507.9681,294.2097,4
2305948361,21,21,507.4026,294.3936,4
2305953359,21,21,506.9653,294.4427,4
2305958362,21,21,506.0412,293.8808,4
2305963361,21,21,504.9741,293.2492,4
2305968362,21,21,503.5968,292.3866,4
2305973369,21,21,503.9036,291.3116,4
2305978362,21,21,503.7883,290.5608,4
2305983362,21,21,502.7912,290.6232,4
2305988360,21,21,502.1098,290.272,4
2305993360,21,21,500.8572,291.7763,4
2305998360,21,21,500.0243,291.9884,4
2306003359,21,21,499.6542,291.9045,4
2306008362,21,21,498.9319,291.8167,4
2306013362,21,21,497.2901,291.8634,4
2306018364,21,21,496.4815,291.1501,4
2306023361,21,21,496.1707,290.7832,4
2306028361,21,21,495.6491,291.3272,4
2306033362,21,21,495.4023,291.4924,4
2306038362,21,21,495.0311,291.8115,4
2306043365,21,21,494.4396,290.8197,4
2306048361,21,21,494.9007,291.3413,4
2306053361,21,21,494.4387,291.748,4
2306058368,21,21,495.0248,291.8473,4
2306063362,21,21,494.6828,291.8086,4
2306068361,21,21,494.4641,292.1015,4
2306073362,21,21,494.0443,292.2606,4
2306078359,21,21,493.95,292.7545,4
2306083362,22,21,495.5423,292.5905,4
2306088360,21,21,494.7232,292.5501,4
2306093359,21,21,494.686,293.5685,4
2306098368,21,21,494.3312,293.9799,4
2306103359,22,21,495.3509,293.6921,4
2306108360,21,21,495.4018,294.0115,4
2306113360,22,21,496.2496,292.9156,4
2306118360,21,21,495.1329,293.0539,4
2306123361,21,21,493.9474,293.5602,4
2306128361,22,21,494.8917,293.0001,4
2306133360,21,21,494.2639,293.5266,4
2306138363,21,21,494.162,293.7719,4
2306143364,21,21,494.2263,293.8928,4
2306148360,22,21,495.5775,293.7176,4
2306153361,22,21,497.0331,292.8623,4
2306158360,21,21,497.1909,292.7147,4
2306163360,22,21,497.9655,292.0952,4
2306168367,22,21,498.2681,291.5519,4
2306173360,22,21,498.9663,291.8093,4
2306178360,22,21,499.2031,292.3308,4
2306183366,22,21,499.3414,292.2209,4
2306188361,22,21,499.2687,293.2002,4
2306193360,22,21,498.7913,293.3455,4
2306198361,22,21,498.5966,294.2096,4
2306203361,22,21,498.865,294.6379,4
2306208359,22,21,499.2133,294.4623,4
2306213360,22,21,499.4099,294.4679,4
2306218361,22,21,499.6047,293.9576,4
2306223366,22,21,499.654,293.7949,4
2306228361,22,21,500.1485,293.871,4
2306233358,22,21,500.1737,293.7527,4
2306238361,22,21,501.0988,293.8121,4
2306243360,22,21,501.922,293.3239,4
2306248361,22,21,502.3285,293.3701,4
2306253360,22,21,502.8973,293.8206,4
2306258359,22,21,502.5861,293.3832,4
2306263359,22,21,502.2997,292.684,4
2306268365,22,21,502.0336,293.0122,4
2306273361,22,21,501.822,292.2328,4
2306278360,22,21,501.6743,291.8925,4
2306283361,22,21,501.2037,291.7254,4
2306288359,22,21,500.6217,291.6193,4
2306293362,22,21,500.0405,291.2002,4
2306298361,22,21,499.9574,291.134,4
2306303360,22,22,499.4034,290.9332,4
2306308365,22,21,499.4094,290.957,4
2306313362,22,21,500.1581,290.8973,4
2306318359,22,21,500.9311,290.8068,4
2306323361,22,22,501.3526,291.6211,4
2306328362,22,22,501.3444,291.6076,4
2306333361,22,22,501.438,291.2212,4
2306338359,22,21,502.0837,290.776,4
2306343361,22,21,502.0229,290.4754,4
2306348368,22,22,501.7933,290.5241,4
2306353361,22,21,502.1667,290.6708,4
2306358360,22,21,502.1032,290.6398,4
2306363361,22,22,502.2365,290.5953,4
2306368360,22,21,502.6755,291.1179,4
2306373360,22,22,502.5284,291.9648,4
2306378359,22,21,502.6443,292.2183,4
2306383361,22,21,503.2101,292.0552,4
2306388360,22,21,504.5472,292.1647,4
2306393362,22,22,505.4489,291.7431,4
2306398359,22,22,506.5082,291.4402,4
2306403359,22,21,507.3518,291.9851,4
2306408359,22,22,508.1975,292.4327,4
2306413359,22,22,509.0815,292.5967,4
2306418361,22,22,510.0312,293.0241,4
2306423358,22,22,511.3481,292.9866,4
2306428371,22,22,512.7872,292.3199,4
2306433368,22,22,514.3825000000001,292.2902,4
2306438359,22,21,515.1803,292.3618,4
2306443360,22,22,516.2117,291.7582,4
2306448356,22,22,517.4281,291.855,4
2306453361,22,22,517.9043,292.4191,4
2306458357,22,22,518.9395,291.8369,4
2306463360,22,22,520.9825,291.3347,4
2306468359,22,21,521.7266,291.2413,4
2306473366,22,21,522.3447,291.3503,4
2306478362,22,21,522.4959,292.1815,4
2306483359,22,21,522.6525,292.4829,4
2306488360,22,21,523.0264,292.8863,4
2306493359,22,21,525.1937,292.8295,4
2306498360,22,21,525.21,293.6151,4
2306503361,22,21,525.1572,294.6122,4
2306508360,22,21,525.1405,294.5581,4
2306513358,22,21,524.1247,294.7402,4
2306518358,22,21,523.952,294.5556,4
2306523361,22,21,524.8952,294.4013,4
2306528360,22,21,525.5716,294.3352,4
2306533360,22,21,525.2581,294.5184,4
2306538361,22,21,525.9681,294.8849,4
2306543359,22,21,526.3972,294.6835,4
2306548359,22,21,526.7332,294.5272,4
2306553369,22,22,526.7602000000001,294.0539,4
2306558367,22,22,525.3886,294.1678,2
2306563357,21,22,526.5912,291.6649,2
2306568360,22,21,544.0368999999999,269.3014,2
2306573359,23,21,574.1246,235.8411,2
2306578358,22,22,576.4798,220.3876,2
2306583359,22,22,557.6187,230.218,3
2306588357,22,21,547.76,248.3288,3
2306593360,22,21,546.9154,252.9773,3
2306598363,22,21,548.2225,251.828,3
2306603359,22,21,547.4246000000001,248.0392,3
2306608360,22,21,547.1067,243.0671,3
2306613356,22,21,546.3715,241.327,3
2306618359,22,21,547.2626,240.4576,3
2306623359,22,21,547.5182,239.9679,1
2306628358,22,21,547.0844,240.3775,1
2306633360,22,21,544.5923,241.013,1
2306638358,22,21,543.479,242.2167,1
2306643362,22,21,543.7019,243.9955,1
2306648359,23,21,544.1887,244.1743,1
2306653359,22,21,544.9148,244.448,1
2306658359,23,21,545.6845,244.0223,1
2306663357,22,21,545.6603,244.5754,1
2306668359,22,21,545.8917,245.4532,1
2306673358,22,21,546.3292,245.8904,1
2306678368,22,21,547.0119999999999,246.1661,1
2306683366,22,21,547.9177,246.2867,1
2306688359,23,21,548.0396,246.3525,1
2306693358,22,21,548.6273,246.9209,1
2306698359,22,21,548.736,247.2409,1
2306703355,22,21,549.2768,247.244,1
2306708358,22,21,549.6748,246.6136,1
2306713359,22,21,550.3796,245.8136,1
2306718359,22,21,550.5603,245.2088,1
2306723362,22,21,551.043,245.2353,1
2306728359,22,21,551.8438,245.4752,1
2306733358,22,21,552.0177,245.5699,1
2306738355,22,21,552.8219,245.4526,1
2306743359,22,21,553.2251,245.4888,1
2306748358,22,21,553.1239,246.1058,1
2306753357,22,21,550.9054,249.5235,2
2306758358,22,21,543.4165,272.6206,2
2306763358,22,21,542.6935999999999,279.5233,2
2306768365,22,21,544.7332,274.1987,3
2306773358,22,21,551.5398,267.2836,3
2306778359,22,21,556.1104,264.8687,3
2306783357,22,21,555.8423,264.8619,3
2306788358,22,21,553.7819,265.3099,3
2306793357,22,21,551.5212,266.8108,3
2306798358,22,21,550.2851000000001,268.6323,3
2306803358,22,21,549.9684999999999,269.6557,1
2306808364,22,21,549.5982,270.6102,1
2306813359,22,21,549.0791,270.0598,1
2306818357,22,21,548.4908,269.7932,1
2306823358,22,21,547.5273,269.965,1
2306828358,22,21,547.2803,269.8729,1
2306833359,22,21,546.6531,269.4602,1
2306838359,22,21,546.5702,268.9063,1
2306843356,22,21,546.3289,269.1412,1
2306848367,22,21,546.7394,269.7103,1
2306853359,22,21,546.1745,270.5957,1
2306858358,22,21,545.7787,270.694,1
2306863358,22,21,545.1292,271.0074,1
2306868357,22,21,544.4229,270.8757,1
2306873358,22,21,543.4382000000001,270.5924,1
2306878357,22,21,542.1463,270.6866,1
2306883358,22,21,541.5993,270.7933,1
2306888358,22,21,541.5863000000001,271.9789,1
2306893363,22,21,541.2807,271.7874,1
2306898356,22,21,540.5855,271.6359,1
2306903358,22,22,540.5212,272.1652,1
2306908357,22,22,539.7374,273.1804,1
2306913357,22,22,539.4394,273.8661,1
2306918357,22,22,539.1933,273.9322,1
2306923357,22,22,539.2595,272.8471,1
2306928365,22,22,538.6312,272.7903,1
2306933365,22,22,538.0167,272.2565,1
2306938357,22,22,537.4309,271.8857,1
2306943357,22,22,537.0946,272.896,1
2306948358,22,22,537.4631000000001,272.8779,1
2306953357,22,22,537.7172,272.65,1
2306958354,22,22,538.0078,272.2731,1
2306963356,22,22,538.0958000000001,271.5828,1
2306968358,22,22,538.1716,271.9386,1
2306973365,22,22,537.7975,272.3695,1
2306978359,22,22,536.8658,272.4333,1
2306983354,22,22,535.8143,271.9838,1
2306988356,22,22,535.4213,272.0671,1
2306993356,22,22,535.4690000000001,271.4736,1
2306998356,22,22,534.9393,270.9996,1
2307003358,22,22,534.1817,270.99,1
2307008356,22,22,533.5375,270.5791,1
2307013356,22,22,532.7422,269.9215,1
2307018360,22,22,533.5054,269.0903,1
2307023357,22,22,534.0744999999999,268.3081,1
2307028358,22,22,533.7514,268.0074,1
2307033357,22,22,532.7338999999999,267.9566,1
2307038356,22,22,532.7315,267.3321,1
2307043356,22,22,533.5655,266.4733,1
2307048358,22,22,534.864,266.2485,1
2307053363,22,22,535.6073,265.4441,1
2307058364,22,22,535.8027,264.722,1
2307063358,22,22,536.2245,264.1869,1
2307068357,22,22,536.0739,263.8258,1
2307073356,22,22,535.998,264.2469,1
2307078355,23,22,538.1997,263.3436,2
2307083359,22,21,554.6034,255.6135,2
2307088357,22,21,573.323,239.1632,2
2307093356,22,22,588.5374,232.8297,2
2307098361,22,21,580.0525,238.3858,3
2307103358,22,21,569.4798,245.6417,3
2307108357,22,21,564.0836,246.8505,3
2307113357,22,21,565.4073,246.537,3
2307118357,22,21,568.3121,246.1974,4
2307123356,22,21,570.489,246.0594,4
2307128357,22,21,571.9028,245.4524,4
2307133356,22,21,572.468,244.8674,4
2307138356,22,21,572.3273,244.8832,4
2307143358,22,21,571.8483,244.826,4
2307148357,22,21,571.4602,245.2769,4
2307153357,22,21,571.6098,245.396,4
2307158356,22,21,571.6405999999999,245.0213,4
2307163356,22,21,571.7179,245.3161,4
2307168358,22,21,571.5929,245.5365,4
2307173355,22,21,571.9494,246.1115,4
2307178361,22,21,572.0476,246.1645,4
2307183364,22,21,572.4447,246.1202,4
2307188357,22,21,572.5689,245.706,4
2307193355,22,21,572.5807,245.5697,4
2307198357,22,21,572.6907,245.3482,4
2307203357,22,21,573.0676999999999,245.2633,4
2307208355,22,21,572.9879,245.9278,4
2307213355,22,21,572.8253,245.7491,4
2307218355,22,21,572.6729,246.0459,4
2307223354,22,21,572.0528,246.722,4
2307228357,22,21,572.8673,246.6652,4
2307233357,22,21,573.6471,246.3853,4
2307238356,22,21,573.4704,246.2065,4
2307243355,22,21,573.7655,246.0386,4
2307248356,22,21,573.5833,246.0384,4
2307253357,22,21,573.3724999999999,246.3223,4
2307258356,22,21,574.0074,246.5495,4
2307263355,22,21,576.1382,245.8389,4
2307268357,22,21,577.5868,245.283,4
2307273356,22,21,578.443,244.8611,4
2307278355,21,21,577.9208,245.2427,4
2307283355,22,21,578.6735,244.7737,4
2307288356,21,21,577.7843,244.9975,4
2307293356,21,21,577.1174999999999,244.493,4
2307298357,21,21,576.7689,243.7781,4
2307303359,21,21,576.647,243.5577,4
2307308363,21,21,576.6827,243.1341,4
2307313354,21,21,577.1738,242.0951,4
2307318356,21,21,577.6118,241.8868,4
2307323357,21,21,577.9746,241.0581,4
2307328354,21,21,578.0743,240.0229,4
2307333356,21,21,578.252,239.6498,4
2307338353,21,21,578.3773,239.5128,4
2307343355,22,21,579.4384,238.4921,4
2307348363,21,21,578.9797,238.4784,4
2307353356,22,21,580.0349,237.4236,4
2307358356,22,21,580.9114,236.2064,4
2307363353,21,22,580.2298,235.9401,4
2307368355,22,22,581.1451,235.202,4
2307373355,21,21,579.8431,236.9707,4
2307378356,22,22,581.0472,236.4365,4
2307383356,22,22,581.7635,236.6639,4
2307388356,22,22,582.545,237.2441,4
2307393355,22,22,582.9621,237.7012,4
2307398355,22,22,583.1199,238.2745,4
2307403354,22,22,583.0722,239.0352,4
2307408355,22,22,583.103,239.2898,4
2307413356,22,22,583.1758,239.8054,4
2307418356,22,22,583.1421,240.2736,4
2307423356,22,22,583.1078,240.2039,4
2307428357,22,22,582.7252999999999,240.5548,4
2307433361,22,22,582.1950000000001,240.753,4
2307438356,22,22,582.139,240.9222,4
2307443356,22,22,582.3182,240.0982,4
2307448355,22,22,582.298,239.8397,4
2307453354,22,22,582.7091,238.9812,4
2307458356,22,22,582.4358,238.4306,4
2307463356,22,22,582.6679,238.0706,4
2307468355,22,22,582.5381,237.8944,4
2307473362,23,22,583.0965,238.3686,4
2307478355,22,22,583.525,238.2643,4
2307483354,23,22,583.6242,238.1694,4
2307488354,23,22,583.5244,238.3982,4
2307493356,23,22,583.4989,237.778,4
2307498356,22,22,583.8165,237.7487,4
2307503353,23,22,584.3338,237.4266,4
2307508355,23,22,584.7723,237.1492,4
2307513355,22,22,585.1567,237.3379,4
2307518358,22,22,584.9822,238.1187,4
2307523355,23,22,585.1203,237.6873,4
2307528356,23,22,585.5724,237.8051,4
2307533354,23,22,585.8773,236.9179,4
2307538354,23,22,585.8126999999999,237.0381,4
2307543355,23,22,585.8484999999999,236.773,4
2307548355,23,22,585.67,236.4832,4
2307553357,23,22,585.7204,236.679,4
2307558363,23,22,585.9197,236.5333,4
2307563355,23,22,586.1424,236.2142,4
2307568354,23,22,586.3904,235.7271,4
2307573354,23,22,586.5234,234.6853,4
2307578355,23,22,586.5650000000001,234.2357,4
2307583355,23,22,586.7803,233.8956,4
2307588355,23,22,586.912,233.756,4
2307593352,23,22,586.6505,232.8768,4
2307598361,23,22,586.5765,233.3302,4
2307603354,23,22,587.2576,232.3154,4
2307608353,23,22,587.4584,231.627,4
2307613354,23,22,587.7306,231.3877,4
2307618355,22,22,587.6129,231.5592,4
2307623353,23,22,586.953,232.244,4
2307628355,23,22,587.1077,232.3352,4
2307633354,22,22,587.2140000000001,232.2939,4
2307638354,23,22,587.3051,232.7524,4
2307643354,22,22,587.8784000000001,232.5603,4
2307648356,22,22,587.5482,232.171,4
2307653355,22,22,587.8271,231.7703,4
2307658354,22,22,587.6673,231.7817,4
2307663355,22,22,587.6106,231.8878,4
2307668354,22,22,587.2204,232.0732,4
2307673355,22,22,586.568,232.0269,4
2307678359,22,22,586.6446999999999,232.1252,4
2307683360,22,22,586.6863,232.5447,4
2307688355,22,22,586.5666,232.3,4
2307693353,22,22,586.7239,231.7831,4
2307698355,22,22,586.0064,231.6974,4
2307703356,22,22,585.7796,232.121,4
2307708352,22,22,585.6886,231.9749,4
2307713355,22,22,584.9382000000001,231.9249,4
2307718354,22,22,585.2297,232.0178,4
2307723364,22,22,585.1996,231.8954,4
2307728354,22,22,584.7816,231.9628,4
2307733353,23,22,583.7334,232.2179,4
2307738354,22,22,583.6955,232.0355,4
2307743353,23,22,583.4271,231.9383,4
2307748354,23,22,583.6769,232.3512,4
2307753355,23,22,582.8028,232.2403,4
2307758351,23,22,582.1734,232.4284,4
2307763354,23,22,582.1226,233.0324,4
2307768356,23,22,581.4355,233.1358,4
2307773355,22,22,581.1103000000001,232.9269,4
2307778353,23,22,580.5441,233.2609,4
2307783353,23,22,580.2621,234.0651,4
2307788354,22,22,580.1152,234.6637,4
2307793355,23,22,580.1769,235.6897,4
2307798354,22,22,580.5302,235.7329,4
2307803356,23,22,580.4951,236.0537,4
2307808360,23,22,580.1692,235.8006,4
2307813353,23,22,579.6661,236.3974,4
2307818354,23,22,578.9634,236.9329,4
2307823355,22,22,578.899,237.0477,4
2307828356,22,22,579.3624,238.2999,4
2307833353,22,22,578.7968,238.9255,4
2307838353,22,22,579.0389,239.2847,4
2307843354,22,22,578.9224,238.9234,4
2307848361,22,22,578.8123000000001,239.132,4
2307853353,22,22,578.4548,239.2847,4
2307858354,22,22,578.4435,239.5627,4
2307863353,22,22,578.0826,239.9936,4
2307868354,22,22,578.6321,239.9562,4
2307873352,22,22,579.1660000000001,240.1689,4
2307878354,22,22,579.4681,240.7025,4
2307883355,22,22,580.0093000000001,241.2486,4
2307888355,22,22,579.8687,241.0598,4
2307893355,22,22,579.2735,240.4338,4
2307898354,22,22,578.6051,240.5703,4
2307903353,22,22,577.7866,240.6992,4
2307908354,22,22,577.1173,240.6607,4
2307913354,22,22,576.1633,240.0433,4
2307918354,22,22,575.5134,239.4032,4
2307923352,22,22,575.0756,238.9789,4
2307928357,22,22,574.1885,238.0625,4
2307933361,22,22,573.0857999999999,237.7259,4
2307938354,22,22,571.1256,236.9067,4
2307943353,22,22,570.5071,235.6875,4
2307948352,22,22,570.5475,234.8817,4
2307953354,22,22,570.7762,234.588,4
2307958352,22,22,571.2346,234.6178,4
2307963353,22,22,572.0004,234.4936,4
2307968353,22,22,572.9846,234.9777,4
2307973360,23,22,574.4627,234.7726,4
2307978357,22,22,575.9559,235.4099,4
2307983352,23,22,577.5445999999999,235.3466,4
2307988353,22,22,579.9743999999999,235.0632,4
2307993354,23,22,581.8484999999999,234.61,4
2307998355,23,22,583.8392,233.6409,4
2308003352,22,22,585.8099,232.9646,4
2308008353,23,22,586.9077,231.7533,4
2308013353,23,22,588.5167,230.6094,4
2308018357,23,22,589.3323,230.7858,4
2308023352,23,22,590.2427,231.1264,4
2308028352,23,22,590.8824,230.8638,4
2308033353,23,22,590.9276,230.0765,4
2308038352,23,22,590.9059999999999,229.825,4
2308043353,23,22,590.7688000000001,229.3122,4
2308048353,23,22,589.7963,229.6198,4
2308053363,23,22,589.3995,230.1416,4
2308058358,23,22,588.9113,230.4957,4
2308063350,22,22,588.2192,230.4039,4
2308068354,23,22,587.6233999999999,230.4935,4
2308073352,22,22,587.3815,230.7228,4
2308078354,23,22,586.7695,231.0979,4
2308083358,22,22,585.7749,231.3577,4
2308088350,22,22,584.2193,231.9833,4
2308093353,22,22,582.655,231.9289,4
2308098357,22,22,581.1634,231.6292,4
2308103356,22,22,579.7349,231.9645,4
2308108352,22,22,578.0316,231.2904,4
2308113351,22,22,577.0482,231.8114,4
2308118351,22,22,576.5112,232.0128,4
2308123351,22,22,575.6759,232.0188,4
2308128352,22,22,574.2628,231.8923,4
2308133352,22,22,573.5094,231.5772,4
2308138352,22,22,572.8682,232.5586,4
2308143354,22,22,572.7186,232.5555,4
2308148352,22,22,573.048,232.6511,4
2308153353,22,22,572.7994,233.4568,4
2308158352,22,22,572.7102,233.9919,4
2308163353,22,22,572.4326,234.8781,4
2308168359,22,22,572.0139,235.3035,4
2308173351,22,22,572.0634,234.9241,4
2308178361,22,22,572.537,235.0601,4
2308183356,22,22,572.8363000000001,234.8427,4
2308188352,22,22,572.5741,234.7106,4
2308193352,22,22,572.032,234.1274,4
2308198353,22,22,571.304,233.6584,4
2308203350,22,22,570.9682,233.2385,4
2308208352,22,22,570.8764,233.7579,4
2308213351,22,22,570.9802,233.8111,4
2308218351,22,22,570.4337,234.04,4
2308223357,22,22,570.0295,233.75,4
2308228352,22,22,569.9846,233.297,4
2308233351,22,22,569.8872,232.5519,4
2308238350,22,22,570.215,232.1597,4
2308243351,22,22,569.9229,232.2054,4
2308248351,22,22,569.8074,232.0745,4
2308253350,22,22,569.5013,232.7715,4
2308258351,22,22,569.3126999999999,233.0668,4
2308263353,22,22,569.4437,233.6644,4
2308268352,22,22,569.4694,234.1441,4
2308273352,22,22,569.5477,234.2872,4
2308278352,22,22,569.7747000000001,234.4753,4
2308283351,22,22,569.7875,234.8621,4
2308288350,22,22,569.9109,235.7458,4
2308293350,22,22,570.2669,236.0324,4
2308298351,22,22,570.3988000000001,236.1785,4
2308303359,22,22,570.7932,236.0843,4
2308308354,23,22,570.5871,236.5549,4
2308313352,23,22,570.0907999999999,236.7292,4
2308318351,22,22,569.634,236.8551,4
2308323351,22,22,569.378,236.8607,4
2308328350,22,22,569.6015,237.0466,4
2308333352,22,22,569.7794,237.1995,4
2308338351,23,22,568.8959,237.5258,4
2308343350,22,22,568.4732,237.6141,4
2308348350,22,22,568.8881,238.1937,4
2308353350,22,22,568.9239,238.1699,4
2308358351,23,22,569.2089,238.4927,4
2308363351,22,22,569.4364,238.4349,4
2308368352,23,22,570.1212,237.6254,4
2308373351,22,22,571.0634,237.8752,4
2308378351,22,22,571.9067,238.1827,4
2308383351,22,22,573.1609999999999,238.5373,4
2308388351,22,22,573.5001999999999,239.3809,4
2308393351,22,22,574.1174999999999,239.2244,4
2308398351,22,22,574.3878999999999,239.8904,4
2308403352,22,22,574.2317,240.0973,4
2308408350,22,22,574.1861,239.7144,4
2308413351,22,22,574.383,239.8024,4
2308418351,23,22,574.1393,239.3714,4
2308423351,24,22,575.3352,239.9621,4
2308428358,23,22,574.4127,240.0864,4
2308433354,23,22,573.2080999999999,240.624,4
2308438349,23,22,572.4348,240.6343,4
2308443350,23,22,571.3873,240.9363,4
2308448351,23,22,570.6299,241.2883,4
2308453353,23,22,570.1692,241.0752,4
2308458352,23,22,570.1138999999999,240.6684,4
2308463351,23,22,569.8307,240.8631,4
2308468350,23,22,569.4882,241.0898,4
2308473356,23,22,568.6064,240.9575,4
2308478350,23,22,568.2405,241.5175,4
2308483349,23,22,567.9553,242.0094,4
2308488349,23,22,568.3794,241.515,4
2308493349,23,22,568.4002,241.4837,4
2308498351,23,22,568.4906,241.8788,4
2308503350,23,23,567.6085,243.0163,4
2308508349,23,22,568.0007000000001,243.0903,4
2308513351,23,22,568.1769,242.522,4
2308518351,23,22,567.91,242.874,4
2308523350,23,22,568.1837,242.7565,4
2308528352,23,22,568.4598,243.0834,4
2308533350,23,23,568.1095,243.7468,4
2308538350,24,22,569.8609,243.7172,4
2308543351,23,22,569.1843,243.7115,4
2308548352,23,22,569.8046000000001,243.3436,4
2308553358,23,22,569.3386,243.1839,4
2308558357,23,23,568.3185999999999,244.0917,4
2308563350,24,23,569.6544,244.0359,4
2308568351,24,23,570.9865,244.2293,4
2308573351,24,23,571.9689,244.5266,4
2308578350,24,22,573.0377999999999,244.5177,4
2308583354,24,23,573.2038,245.0619,4
2308588351,24,22,573.7104,245.1303,4
2308593351,24,23,574.0237,245.026,4
2308598352,24,23,574.3599,245.2455,4
2308603351,24,23,576.3019,245.6001,4
2308608351,24,22,577.982,244.8817,4
2308613351,24,23,577.1251999999999,245.6966,4
2308618351,24,23,576.6649,247.1999,2
2308623349,23,23,573.8739,262.6881,2
2308628348,23,23,571.9719,291.9181,2
2308633351,23,23,571.2117,300.0802,2
2308638351,23,23,570.86,292.5004,3
2308643352,23,22,570.7761,273.7926,3
2308648350,24,22,572.6417,269.8539,3
2308653351,23,23,573.2383,273.6744,3
2308658349,23,23,572.7213,279.1691,3
2308663349,23,23,572.1361000000001,282.3095,3
2308668350,23,23,571.9505,283.6967,3
2308673349,24,23,574.0115,283.3901,1
2308678358,22,23,573.6731,283.7641,1
2308683356,24,23,577.4702,282.4415,1
2308688350,24,23,577.9044,281.5513,1
2308693350,23,23,578.6727,281.7697,1
2308698347,23,23,579.4321,282.4518,1
2308703352,23,23,580.2542999999999,283.2008,1
2308708352,24,23,581.577,283.6397,1
2308713348,23,23,581.5767,284.1665,1
2308718361,24,23,582.271,283.4199,1
2308723355,23,23,581.9464,284.1721,1
2308728351,23,23,581.1837,284.5653,1
2308733349,23,23,580.4578,285.0957,1
2308738350,24,23,579.7585,285.1389,1
2308743349,23,23,579.6865,284.9638,1
2308748350,24,23,578.8425,284.9577,1
2308753350,24,23,578.9528,284.7932,1
2308758351,23,23,579.5606,285.5047,1
2308763348,24,23,580.0947,285.2027,1
2308768355,24,23,580.6128,285.005,1
2308773350,24,23,580.6976,285.5626,1
2308778350,23,23,578.6291,286.4116,1
2308783350,24,23,578.9668,286.8297,1
2308788348,24,23,578.7899,287.2234,1
2308793349,24,23,579.2909,287.2609,1
2308798349,24,23,579.3920000000001,286.8804,1
2308803356,23,23,577.366,287.6408,1
2308808352,24,23,578.1883,287.0521,1
2308813348,24,23,578.3924,287.7915,1
2308818349,24,23,578.7555,288.2174,1
2308823348,23,23,579.2437,290.5514,2
2308828350,23,23,579.7604,309.4808,2
2308833349,23,23,530.2603,358.5535,2
2308838346,23,23,522.0998,393.0926,2
2308843359,23,23,529.2525000000001,393.821,2
2308848355,23,23,546.0042999999999,367.3546,3
2308853349,24,23,567.0909,345.9571,3
2308858348,24,23,568.6949,342.8862,3
2308863347,24,22,555.6009,347.0885,3
2308868349,23,23,542.366,363.4489,3
2308873348,23,23,539.1522,370.4376,3
2308878348,23,23,538.667,369.5341,3
2308883348,24,23,539.1523999999999,367.9995,1
2308888349,24,23,539.9906,365.6424,1
2308893351,24,23,539.4039,363.9118,1
2308898349,24,23,537.9126,363.2663,1
2308903348,24,23,537.5173,364.4885,1
2308908348,24,23,537.0569,365.421,1
2308913350,24,23,537.196,366.0695,1
2308918348,24,23,537.0384,366.7942,1
2308923348,24,23,536.9083000000001,367.0955,1
2308928356,24,23,536.9579,367.5585,1
2308933350,24,23,536.9987,367.435,1
2308938348,24,23,537.7563,367.4253,1
2308943349,24,23,538.7884,367.4154,1
2308948349,24,23,538.8951,367.1639,1
2308953347,24,23,539.7008,366.8933,1
2308958349,24,23,540.7003999999999,366.6554,1
2308963348,24,23,541.8366,366.897,1
2308968358,24,23,543.0247000000001,366.5477,1
2308973354,24,23,544.5193,366.3104,1
2308978349,24,23,546.2232,366.3452,1
2308983349,24,23,547.8901,366.9489,1
2308988347,24,23,548.9654,367.2224,1
2308993348,24,23,550.2401,367.6377,1
2308998347,24,23,549.9885,367.4652,1
2309003346,24,23,550.7877,366.9275,1
2309008349,24,23,551.3555,366.846,1
2309013350,24,23,551.1801,366.6639,1
2309018348,24,23,550.9528,366.9608,1
2309023348,24,23,549.9041999999999,367.0681,1
2309028349,24,23,549.2518,366.9855,1
2309033349,24,23,548.138,367.3022,1
2309038348,24,23,547.2068,367.2529,1
2309043349,24,23,546.1843,367.7649,1
2309048347,24,23,545.5316,368.1997,1
2309053359,24,23,545.1348,367.9695,1
2309058352,24,23,545.2708,367.8818,1
2309063349,24,23,545.0088,368.1194,1
2309068347,24,23,544.9062,367.9556,1
2309073349,24,23,544.6382,367.7476,1
2309078349,24,23,544.2279,367.4089,1
2309083347,24,23,544.4683,366.8249,1
2309088348,24,23,544.1589,366.6995,1
2309093356,24,23,544.2343,366.3165,1
2309098355,24,23,544.0309999999999,366.0241,1
2309103347,24,23,544.1695999999999,365.9658,1
2309108348,24,23,544.0738,365.9268,1
2309113348,24,23,543.8004,365.7105,1
2309118347,24,23,543.566,365.2791,1
2309123349,24,23,543.4896,364.7611,1
2309128347,24,23,543.1079999999999,364.0402,1
2309133348,24,23,542.3738,363.296,1
2309138348,24,23,542.1446999999999,362.7611,1
2309143349,24,23,541.9962,362.3665,1
2309148347,24,23,541.8789,362.0071,1
2309153349,24,23,541.9153,362.1342,1
2309158348,24,23,541.9995,362.091,1
2309163348,24,23,542.2079,362.3647,1
2309168349,24,23,542.5341,361.3973,1
2309173348,23,23,541.8197,361.4223,1
2309178356,23,23,540.4986,361.7525,1
2309183351,24,23,540.7394,361.6139,1
2309188347,23,23,540.6946,362.4598,1
2309193347,24,23,541.6938,362.4502,1
2309198347,23,23,540.7805,362.1193,1
2309203347,23,23,540.5931,361.7812,1
2309208345,24,23,541.1548,361.1063,1
2309213347,23,23,540.8647999999999,361.0592,1
2309218356,24,23,541.5495,360.902,1
2309223355,23,23,541.4829999999999,361.0179,1
2309228347,23,23,541.1847,361.7574,1
2309233346,23,23,541.0011,362.0995,1
2309238349,23,23,541.0046,362.0244,1
2309243344,23,23,540.9035,362.3444,1
2309248347,24,23,541.5384,361.7381,1
2309253346,23,23,541.5739,361.0822,1
2309258346,23,23,541.5345,361.3034,1
2309263349,23,23,541.1069,361.2022,1
2309268349,23,23,540.8638,361.2317,1
2309273348,23,23,540.5471,361.3087,1
2309278348,22,23,540.1723,361.136,1
2309283346,23,23,540.0413,360.9663,1
2309288347,22,23,539.4629,361.0703,1
2309293346,22,23,539.1074,361.7083,1
2309298347,23,23,538.7996000000001,361.5701,1
2309303355,23,23,538.6923,361.4753,1
2309308351,22,23,539.0673,360.9694,1
2309313347,22,23,538.8798,360.2292,1
2309318346,23,23,539.1284000000001,360.9425,1
2309323346,22,23,539.2967,360.5968,1
2309328347,22,23,539.0358,360.7787,1
2309333347,22,23,538.2759,361.0993,1
2309338348,22,23,538.1407,361.3374,1
2309343354,22,23,537.4727,361.9015,1
2309348352,22,23,537.0018,361.781,1
2309353348,22,23,536.258,361.7709,1
2309358347,22,23,536.6201,360.3842,1
2309363349,22,23,536.4937,359.5422,1
2309368346,22,22,537.0759,359.6964,1
2309373346,22,22,538.3505,358.5974,1
2309378347,22,22,540.0972,358.0034,1
2309383347,22,22,542.7954,357.6294,1
2309388345,22,23,544.4227,357.5905,1
2309393348,22,22,546.7241,357.7672,1
2309398346,22,22,548.891,357.3685,1
2309403346,23,22,550.4915,355.8813,1
2309408346,22,22,551.1729,354.9525,1
2309413346,22,22,551.5165,353.7264,1
2309418346,23,22,550.9209,352.8105,1
2309423345,22,22,551.2084,351.7224,1
2309428353,23,22,551.1506000000001,350.7545,1
2309433349,23,22,550.6241,350.1085,2
2309438346,22,22,527.5533,350.3,2
2309443345,22,22,505.5172,358.3199,2
2309448345,22,21,467.9434,392.7489,2
2309453347,22,22,447.7091,422.3672,2
2309458344,22,22,433.8877,443.6051,2
2309463346,22,22,428.6396,452.5094,2
2309468345,22,22,432.9365,448.6318,3
2309473352,23,22,442.9505,421.6094,3
2309478347,22,22,445.4918,415.9785,3
2309483346,21,22,443.1462,423.0041,3
2309488347,21,22,439.4234,441.0179,3
2309493346,21,22,436.9131,443.718,3
2309498346,21,22,436.6194,440.2736,3
2309503347,21,22,437.6035,436.063,3
2309508345,21,22,439.133,432.4205,3
2309513347,21,22,440.2035,431.0141,3
2309518347,22,22,442.1399,429.5709,3
2309523347,21,22,442.0373,428.7079,3
2309528346,22,22,443.4104,427.5112,3
2309533346,22,22,447.029,424.7327,2
2309538357,22,22,491.394,396.4293,2
2309543346,22,22,566.1027,356.5518,2
2309548345,22,21,574.3859,311.9218,2
2309553351,23,21,558.9032,312.5012,3
2309558348,22,22,521.7415999999999,342.4673,3
2309563343,22,22,514.1351,361.8283,3
2309568345,22,22,517.3373,362.207,3
2309573347,22,22,528.2659,351.6431,3
2309578346,23,22,542.9473,339.5174,3
2309583346,23,22,547.8033,334.7326,3
2309588344,23,22,549.3668,333.4812,3
2309593350,22,22,549.6606,334.9138,1
2309598350,23,22,549.4944,335.8402,1
2309603345,23,22,548.5577,337.8132,1
2309608345,22,22,548.2222,338.7147,1
2309613343,22,22,549.3077,339.0689,1
2309618346,22,22,550.6748,339.4298,1
2309623346,22,22,551.2554,339.9653,1
2309628347,22,22,551.4474,340.0481,1
2309633345,22,22,552.3904,340.1445,1
2309638345,22,22,552.6879,339.6797,1
2309643346,22,22,552.6002999999999,339.2767,1
2309648346,22,22,552.5596,338.9806,1
2309653345,22,22,552.5247000000001,339.3548,1
2309658346,22,22,552.0662,339.6286,1
2309663346,23,22,551.4543,339.5584,1
2309668346,22,22,551.3102,339.6725,1
2309673345,23,22,550.7595,339.5908,1
2309678354,22,22,550.1498,339.632,1
2309683347,22,21,549.515,339.7615,1
2309688346,22,21,549.14,339.5542,1
2309693345,23,22,548.487,339.7846,1
2309698345,23,22,547.8999,339.8885,1
2309703344,23,22,547.1514,340.2781,1
2309708347,23,21,546.7182,340.2584,1
2309713345,23,22,545.803,340.5518,1
2309718348,23,21,545.3825000000001,340.7359,1
2309723352,23,22,545.3303,340.9091,1
2309728344,23,22,545.3252,341.3954,1
2309733344,23,22,545.077,341.961,1
2309738343,23,22,544.4708000000001,342.4468,1
2309743345,23,21,543.6482,341.7273,1
2309748345,23,21,543.0413,342.4975,1
2309753342,23,21,542.829,342.6842,1
2309758346,23,22,543.2675,343.4732,1
2309763345,23,22,542.9911,343.9441,1
2309768344,23,22,543.0948,344.2473,1
2309773346,23,22,543.0989,344.6254,1
2309778344,23,22,542.7063000000001,344.556,1
2309783344,23,22,543.0565,345.2044,1
2309788345,23,22,543.2485,345.1378,1
2309793344,23,22,543.4468000000001,344.7082,1
2309798345,23,22,543.2947,344.2893,1
2309803351,23,22,542.7668,344.5282,1
2309808350,23,22,542.6194,344.3616,1
2309813345,23,22,542.6592000000001,344.3794,1
2309818344,23,22,542.265,344.968,1
2309823345,23,22,542.423,345.2103,1
2309828345,23,22,542.1348,345.2971,1
2309833345,23,22,542.8997000000001,345.2267,1
2309838344,23,23,543.8225,344.6006,1
2309843346,23,23,544.4617,344.0131,1
2309848351,23,23,544.6979,344.0807,1
2309853343,23,22,543.5363,343.2582,2
2309858345,22,22,530.6772999999999,325.9983,2
2309863345,22,22,517.0095,320.326,2
2309868344,22,22,514.4552,321.0358,2
2309873345,22,22,517.0955,324.7429,3
2309878343,22,22,523.1245,326.6476,3
2309883345,22,22,524.024,327.0535,3
2309888344,22,22,524.8048,326.5585,3
2309893342,22,22,525.3944,325.502,1
2309898345,22,22,525.3398,325.0189,1
2309903344,23,22,527.0951,324.9426,1
2309908344,22,22,526.8878,325.1215,1
2309913345,23,22,528.2252,325.3712,1
2309918344,22,22,528.4988,325.9076,1
2309923344,23,22,529.5676999999999,325.9215,1
2309928350,23,22,530.8353,326.0583,1
2309933347,23,22,530.9793,325.8834,1
2309938345,23,22,531.7093,325.2525,1
2309943345,23,22,532.2623,325.1734,1
2309948345,23,22,532.6387,324.8775,1
2309953344,23,22,532.9199,324.332,1
2309958343,23,22,533.148,324.4062,1
2309963344,23,22,532.6291,324.0346,1
2309968346,23,22,532.1833,323.587,1
2309973351,23,22,532.2607,323.4032,1
2309978344,22,22,530.4127999999999,323.3237,1
2309983343,22,22,529.1986000000001,323.4428,1
2309988343,22,22,527.7147,323.8384,1
2309993343,22,22,527.1316,323.4336,1
2309998345,22,22,526.6125,323.649,1
2310003344,22,22,525.4519,323.1869,1
2310008343,22,22,524.8674999999999,322.8169,1
2310013345,22,22,524.4686,322.3066,1
2310018345,22,22,523.3483,322.4596,1
2310023343,22,22,523.4044,322.4254,1
2310028344,22,22,523.5305,321.8157,1
2310033343,22,22,523.559,321.5941,1
2310038344,22,22,523.7611000000001,320.9519,1
2310043345,22,22,523.1235,320.2786,1
2310048343,22,22,522.2491,319.6953,1
2310053350,22,22,521.7705,319.2602,1
2310058345,22,22,521.3546,319.0415,1
2310063344,22,22,520.9617,318.7562,1
2310068345,22,22,520.6994,318.6633,1
2310073343,22,22,520.2436,318.5129,1
2310078347,22,22,519.8151,318.0621,1
2310083343,22,22,519.9805,317.323,1
2310088344,22,22,519.8831,317.7548,1
2310093348,22,22,520.0578,318.2077,1
2310098347,22,22,520.4094,317.9879,1
2310103345,22,22,520.9443,317.0845,1
2310108343,22,22,521.1779,316.4072,1
2310113343,22,22,521.331,316.3151,1
2310118344,22,22,521.4258,316.2047,1
2310123344,22,22,522.3114,315.3522,1
2310128344,22,22,522.3566,314.959,1
2310133343,22,22,523.4212,314.2403,1
2310138343,22,22,524.8767,313.8754,1
2310143343,22,22,525.3438,314.3154,1
2310148344,22,22,525.5363,314.9142,1
2310153344,22,22,525.3513,315.5523,1
2310158344,22,22,524.1413,315.1958,1
2310163342,22,22,523.2192,315.0817,1
2310168351,22,22,522.1441,315.3769,1
2310173341,22,22,521.2199000000001,314.6479,1
2310178352,22,22,521.6405,314.6834,1
2310183345,22,22,522.2731,314.3655,1
2310188342,22,22,523.2343,314.3167,1
2310193344,22,22,523.8686,314.7611,1
2310198342,22,22,524.3076,314.0125,1
2310203343,22,22,524.2209,313.1047,1
2310208341,22,22,523.6662,312.6975,1
2310213342,22,22,523.2795,312.2629,1
2310218346,22,22,523.0418,312.1203,1
2310223347,22,22,522.8212,311.1253,1
2310228343,22,22,522.4165,311.4011,1
2310233344,22,22,522.2985,311.2344,1
2310238342,22,22,521.3759,311.6381,1
2310243344,22,22,521.027,311.4376,1
2310248342,22,22,521.2198,311.0893,1
2310253342,22,22,520.9388,311.3896,1
2310258343,22,22,521.1899,310.9677,1
2310263344,22,22,520.8104,311.0845,1
2310268344,22,22,519.1902,311.4202,1
2310273343,22,22,519.8401,311.1397,1
2310278342,22,22,518.9968,311.2325,1
2310283343,22,22,518.2624,311.7896,1
2310288342,22,22,518.0303,312.0405,1
2310293343,22,22,517.1386,312.3158,1
2310298343,22,22,517.1457,312.4277,1
2310303348,22,22,517.1135,312.5755,1
2310308346,22,22,517.1165,312.5396,1
2310313339,22,22,516.6568,312.4892,1
2310318341,22,22,516.8119,312.3343,1
2310323343,22,22,516.8012,312.5056,1
2310328345,22,22,516.4669,312.5709,1
2310333343,22,22,516.3419,312.3692,1
2310338339,22,22,516.6224,312.1419,1
2310343354,22,22,516.9938,312.0188,1
2310348348,22,22,516.8544000000001,312.8249,1
2310353342,22,22,516.5726,313.0826,1
2310358341,22,22,516.3214,313.3382,1
2310363340,22,22,517.4677,313.1,1
2310368343,22,22,517.2289,313.2663,1
2310373341,22,22,516.9497,313.6976,1
2310378341,22,22,516.7677,313.9229,1
2310383343,22,22,517.0023,314.2895,1
2310388345,22,22,517.1573,314.6961,1
2310393344,22,22,517.038,315.1985,1
2310398341,22,22,516.9888999999999,315.8134,1
2310403341,22,22,517.0567,316.3113,1
2310408342,22,22,517.2899,316.9618,1
2310413343,22,22,517.0648,316.8717,1
2310418342,22,22,517.0069999999999,316.7836,1
2310423342,22,22,516.9828,316.7461,1
2310428346,22,22,516.8828999999999,316.8221,1
2310433344,22,22,517.5465,316.6109,1
2310438342,22,22,518.0830999999999,316.4075,1
2310443342,22,22,518.2203,316.7245,1
2310448341,22,22,518.5117,317.0427,1
2310453340,22,22,518.6842,316.6751,1
2310458342,22,22,518.9143,317.1881,1
2310463341,22,22,519.144,316.9787,1
2310468354,22,22,519.2141,316.7338,1
2310473348,22,22,518.7179,316.7458,1
2310478341,22,22,518.7723,316.9618,1
2310483341,22,22,519.3143,317.4992,1
2310488339,22,22,519.7362000000001,317.7132,1
2310493341,22,22,519.7633,317.4914,1
2310498342,22,22,519.4497,317.5158,1
2310503341,22,22,519.0496000000001,317.3678,1
2310508343,22,22,519.2565,317.4133,1
2310513342,22,22,519.407,317.6669,1
2310518344,22,22,519.0883,318.1872,1
2310523342,23,22,518.5525,317.7573,1
2310528342,22,22,518.1117,317.8962,1
2310533341,23,22,517.9138,317.9713,1
2310538341,22,22,517.8533,317.8729,1
2310543341,22,22,517.6550999999999,318.0854,1
2310548340,23,22,517.4561,317.7631,1
2310553351,23,22,517.2536,317.7199,1
2310558343,23,22,517.336,318.6378,1
2310563343,23,22,517.3597,318.6843,1
2310568341,22,22,517.5282,318.7702,1
2310573340,23,22,517.0808,319.1028,1
2310578340,23,22,516.529,319.5734,1
2310583342,22,22,516.7959,320.5443,1
2310588342,24,22,518.1142,320.65,1
2310593340,23,23,519.7193,319.9826,1
