2593712163,21,21,504.3128,394.7285,1
2593717164,21,21,504.9392,394.3308,1
2593722162,21,21,505.2421,393.5732,1
2593727171,21,21,504.8757,392.9254,1
2593732164,21,21,504.0174,392.2849,1
2593737163,21,21,502.4214,391.1564,1
2593742164,21,21,501.3593,390.4426,1
2593747163,21,21,501.6622,389.9866,1
2593752163,21,20,501.9075,389.4998,1
2593757165,21,20,501.4702,389.4917,1
2593762163,21,21,500.4625,390.17,1
2593767173,22,21,500.0693,391.2504,1
2593772170,22,21,501.6915,391.2761,1
2593777163,21,20,504.1726,390.7836,1
2593782163,21,21,504.7853,391.4687,1
2593787164,21,21,504.7866,392.3737,1
2593792164,21,21,502.6724,394.3274,1
2593797163,21,20,501.002,395.1886,1
2593802164,21,21,501.263,394.8831,1
2593807162,21,21,501.5445,393.7413,1
2593812162,21,21,501.7886,392.8334,1
2593817165,22,21,501.0862,392.6399,1
2593822163,22,21,500.8954,393.6723,1
2593827163,22,21,502.2818,392.7883,1
2593832163,22,21,504.1535,393.2619,1
2593837161,22,21,506.597,393.7601,1
2593842164,21,21,507.2597,394.4651,1
2593847162,21,21,507.2792,395.2086,1
2593852172,21,21,507.4968,395.3406,1
2593857165,21,21,507.2919,395.2924,1
2593862160,21,21,507.4876,394.8221,1
2593867163,21,21,507.5796,394.4774,1
2593872163,21,21,507.5076,394.0728,1
2593877164,21,21,508.8563,393.8735,1
2593882165,21,21,509.3074,393.8549,1
2593887164,21,21,509.1626,393.9392,1
2593892170,22,21,509.5192,393.5731,1
2593897168,22,21,509.9391,393.2013,1
2593902162,22,22,510.7266,392.1248,1
2593907163,22,22,510.1775,391.5739,2
2593912163,22,21,508.8674,389.7756,2
2593917162,21,21,507.7584,344.0124,2
2593922162,22,21,507.5888,298.2114,2
2593927164,22,21,506.8774,277.4024,2
2593932171,21,21,502.8179,278.7753,2
2593937172,21,21,500.3085,278.1009,1
2593942162,22,21,499.6329,278.1261,1
2593947162,22,21,499.3871,277.027,1
2593952160,22,22,498.1191,279.3038,1
2593957163,22,21,497.2967,284.3159,1
2593962164,22,21,497.3517,283.9596,1
2593967162,22,22,498.9538,279.9082,1
2593972163,22,21,500.9906,277.9258,1
2593977169,22,21,502.2674,277.664,1
2593982166,22,21,502.8043,277.6722,1
2593987161,22,21,501.7138,278.4736,1
2593992162,22,21,499.2569,279.7683,1
2593997163,22,21,496.4263,281.3332,1
2594002161,22,21,494.1944,282.1437,1
2594007163,22,21,493.2242,282.1357,1
2594012162,22,21,492.1736,281.9988,1
2594017170,22,21,492.3893,281.9579,1
2594022166,22,21,493.3754,281.9762,1
2594027163,22,21,495.0086,281.7681,1
2594032162,22,21,497.9584,281.4921,1
2594037163,22,21,499.5475,282.2577,1
2594042161,22,21,499.7123,283.9392,1
2594047163,22,21,497.5419,285.5506,1
2594052163,22,21,494.3634,286.3621,1
2594057168,22,21,491.9931,286.1047,1
2594062170,23,21,491.4893,285.1988,1
2594067162,23,21,492.3351,283.8918,1
2594072163,23,21,493.0748,282.8828,1
2594077163,23,21,493.0455,282.5826,1
2594082161,23,21,493.6046,282.5897,1
2594087160,23,21,493.5089,283.0301,1
2594092161,23,21,493.9941,282.7684,1
2594097163,23,21,494.5439,282.9058,1
2594102168,23,21,494.1089,282.9656,1
2594107163,23,21,493.6029,283.7992,1
2594112162,23,21,492.8123,284.7897,1
2594117161,23,21,492.5236,285.2834,1
2594122161,22,21,492.703,286.1489,1
2594127162,22,21,493.5761,286.3582,1
2594132162,22,21,495.0954,286.0564,1
2594137162,22,21,496.5693,285.362,1
2594142169,22,21,498.3638,284.6335,1
2594147163,22,21,499.0653,284.7056,1
2594152163,22,21,498.9627,284.3889,1
2594157161,22,21,498.4601,284.1942,1
2594162163,23,21,497.165,283.8009,1
2594167162,23,21,495.8836,283.1457,1
2594172161,23,21,495.3628,282.0752,1
2594177163,23,21,494.6032,281.1345,1
2594182165,23,21,494.8383,280.8889,1
2594187169,23,21,495.2547,280.0346,1
2594192162,23,21,494.7379,281.4661,1
2594197163,23,21,493.449,282.9605,1
2594202162,23,21,492.9552,284.434,1
2594207160,23,20,493.2853,284.2254,1
2594212161,23,21,494.7208,284.536,1
2594217162,22,21,497.5967,285.2199,1
2594222163,22,21,500.1755,286.0273,1
2594227161,22,21,500.884,286.1436,1
2594232159,23,22,501.3065,285.0916,1
2594237161,23,21,501.0752,285.1405,1
2594242161,23,22,501.0256,283.8434,1
2594247162,23,22,501.1695,282.8847,1
2594252162,23,22,501.1052,282.1871,1
2594257160,23,21,501.128,281.3683,1
2594262161,23,22,501.235,281.2249,1
2594267171,23,21,500.9219,280.3553,1
2594272162,23,21,500.6078,279.3716,1
2594277162,23,22,500.5038,279.3918,1
2594282162,23,22,500.2372,278.6704,1
2594287162,23,22,500.8597,279.001,1
2594292160,23,22,501.4466,279.1064,1
2594297162,23,22,501.5462,279.0129,1
2594302160,23,22,501.8773,279.4598,1
2594307164,23,22,502.7138,278.9603,1
2594312169,23,22,502.5774,280.2609,1
2594317160,23,22,503.5203,279.98,1
2594322162,23,22,504.159,280.2714,1
2594327161,23,22,504.5558,281.8109,1
2594332161,23,22,504.9614,281.8506,1
2594337162,24,21,505.6375,283.2487,1
2594342162,24,22,505.7439,284.6992,1
2594347160,24,22,505.9015,286.2049,1
2594352170,24,22,505.6674,286.9658,1
2594357161,24,22,505.6088,288.159,1
2594362162,24,22,505.9654,288.8679,1
2594367161,24,22,505.871,289.9532,1
2594372161,24,22,505.9738,290.4858,1
2594377160,24,22,505.8101,291.1624,1
2594382160,24,22,505.4093,291.2838,1
2594387161,24,22,504.9411,292.3499,1
2594392168,24,22,503.8135,293.7745,1
2594397166,24,22,502.681,294.1912,1
2594402160,24,22,501.8108,295.3278,1
2594407160,24,22,501.0887,295.9712,1
2594412160,24,22,500.7211,296.5599,1
2594417161,24,22,500.232,297.1195,1
2594422160,23,23,498.4292,296.8384,1
2594427161,23,22,496.9254,296.0586,1
2594432163,23,23,495.7792,295.7355,1
2594437168,23,23,494.8524,296.072,1
2594442159,23,22,494.3103,296.2858,1
2594447159,23,23,494.1609,296.3538,1
2594452160,23,23,494.7868,296.5776,1
2594457160,23,22,494.9036,296.5951,1
2594462161,23,23,494.6978,297.0009,1
2594467160,23,23,494.5548,297.1638,1
2594472158,24,22,495.4723,297.3311,1
2594477167,24,22,496.1591,298.0306,1
2594482162,24,22,497.6053,297.5492,1
2594487160,24,22,497.8521,296.7606,1
2594492160,24,22,498.4887,296.1493,1
2594497159,24,22,499.3195,296.0163,1
2594502159,24,23,500.0581,295.6396,1
2594507160,24,22,500.9828,295.1563,1
2594512160,24,22,502.0887,294.8738,1
2594517162,24,22,503.0086,294.6664,1
2594522164,24,22,503.6598,294.7241,1
2594527160,24,22,504.1097,295.3254,1
2594532159,24,22,503.8228,295.4253,1
2594537161,24,23,504.6422,295.0297,1
2594542161,24,22,504.7565,294.8004,1
2594547160,24,22,505.7601,293.9379,1
2594552160,24,22,506.3943,293.7181,1
2594557162,24,22,506.7615,293.5643,1
2594562164,24,22,507.3976,293.7748,1
2594567160,24,22,507.842,294.2777,1
2594572161,24,23,508.3975,294.2181,1
2594577161,24,23,508.1615,295.7882,1
2594582159,24,23,508.003,296.1995,1
2594587159,24,23,507.9323,296.3478,1
2594592159,24,23,507.196,297.5022,1
2594597158,24,23,506.8117,297.1137,1
2594602167,24,23,506.5636,297.9281,1
2594607161,24,23,505.0795,298.2545,1
2594612159,24,23,503.7092,297.8177,1
2594617159,24,23,502.8489,297.8932,1
2594622159,24,23,501.5773,297.3963,1
2594627160,24,23,501.3562,296.8158,1
2594632160,24,23,500.7044,297.2587,1
2594637159,24,23,501.1679,297.2697,1
2594642165,24,23,500.8524,297.0539,1
2594647158,24,23,500.7886,296.6886,1
2594652160,24,23,500.4781,297.3472,1
2594657160,24,23,500.3529,297.2538,1
2594662159,24,23,500.2648,297.7202,1
2594667160,24,23,500.9615,298.2621,1
2594672159,23,23,501.4857,298.5168,1
2594677159,24,23,501.5222,298.7262,1
2594682162,24,23,501.6828,298.9256,1
2594687166,24,23,501.8781,298.9237,1
2594692160,24,23,503.5502,299.262,1
2594697158,24,23,504.0575,299.0349,1
2594702159,24,23,504.6529,298.9369,1
2594707158,24,23,505.2711,299.3412,1
2594712160,24,23,505.9264,298.8426,2
2594717160,24,23,502.4052,297.8305,2
2594722160,24,23,464.5646,298.7894,2
2594727166,24,23,409.0145,304.1557,2
2594732160,24,23,350.1736,331.317,2
2594737158,23,23,312.732,338.698,2
2594742159,23,24,296.6862,345.2715,2
2594747160,24,24,302.6165,345.3878,2
2594752158,24,24,302.9966,343.7403,3
2594757160,24,24,305.6508,337.2159,3
2594762159,24,24,308.0988,333.74,3
2594767168,24,24,306.5775,335.2899,3
2594772161,24,24,298.2193,338.3863,3
2594777160,23,24,291.3127,338.8795,3
2594782158,24,24,289.5317,339.8704,3
2594787159,24,24,288.8233,340.014,1
2594792157,24,24,288.8286,338.8635,1
2594797159,23,24,288.2713,337.7058,1
2594802160,24,24,288.0791,337.3279,1
2594807173,24,24,288.687,336.951,1
2594812165,24,24,289.4087,336.7575,1
2594817159,23,24,290.0054,334.9693,1
2594822160,23,24,289.0745,333.3591,1
2594827159,23,24,288.4947,332.0763,1
2594832159,23,24,288.2927,331.6429,1
2594837158,23,24,287.7754,331.4412,1
2594842156,23,24,287.1452,331.6032,1
2594847160,23,24,286.516,332.097,1
2594852167,23,24,286.1934,332.644,1
2594857159,23,24,286.1436,334.5196,1
2594862159,23,24,286.2487,334.1017,1
2594867158,23,24,285.6216,333.5907,1
2594872159,23,24,285.1874,334.5287,1
2594877160,23,24,284.7111,334.9992,1
2594882159,23,24,285.0331,335.4137,1
2594887160,23,24,285.1176,335.3456,1
2594892165,23,23,285.1143,335.2349,1
2594897161,23,24,285.0451,334.6916,1
2594902158,23,24,284.8648,334.2721,1
2594907159,23,24,285.1847,333.3615,1
2594912159,23,23,285.0587,332.7744,1
2594917159,23,23,284.7695,332.6208,1
2594922158,23,24,284.2535,332.0379,1
2594927159,23,23,283.6592,332.351,1
2594932157,23,24,283.1229,332.7479,1
2594937164,23,23,283.1099,333.5662,1
2594942159,24,24,283.7729,334.4139,1
2594947158,23,24,283.5152,335.1887,1
2594952157,24,25,283.6134,336.1964,1
2594957157,24,25,283.1358,337.8059,1
2594962159,24,25,282.1886,339.3664,1
2594967158,24,25,281.9859,339.9857,1
2594972159,24,24,282.4774,340.1335,1
2594977166,24,25,283.7491,340.6181,1
2594982158,24,25,285.1343,339.7561,1
2594987157,24,25,286.1696,339.8506,1
2594992157,24,25,286.8903,340.3323,1
2594997159,24,25,288.0906,340.6089,1
2595002158,24,25,288.4714,341.0675,1
2595007158,24,25,288.5616,341.0776,2
2595012157,24,25,287.9036,339.1445,2
2595017163,24,24,286.2328,321.6117,2
2595022162,24,25,283.8005,297.3525,2
2595027159,24,24,284.1234,282.5302,2
2595032159,24,24,285.8984,286.8806,3
2595037158,24,24,286.9374,293.8489,3
2595042157,24,24,285.8023,300.1644,3
2595047157,25,25,282.7339,301.9014,3
2595052159,24,24,281.473,300.2066,3
2595057168,24,24,282.1232,296.7385,3
2595062164,24,24,283.3671,294.8182,3
2595067157,24,24,284.0762,293.666,3
2595072158,24,24,284.5966,293.528,3
2595077159,24,24,284.3651,294.7746,3
2595082158,24,25,283.7364,296.8648,3
2595087157,24,24,283.4314,297.0362,3
2595092158,24,24,283.1934,296.6226,3
2595097155,24,24,283.5755,296.8054,1
2595102164,24,24,283.5085,297.7847,1
2595107158,24,24,283.0808,298.7683,1
2595112158,24,25,282.8421,299.7598,1
2595117158,24,24,282.6086,299.7571,1
2595122159,24,24,282.5863,299.6701,1
2595127157,24,24,282.8668,299.6028,1
2595132158,24,24,283.0163,299.5763,1
2595137157,24,24,282.9601,299.8892,1
2595142164,24,24,283.1562,300.3324,1
2595147160,25,25,282.437,300.5007,1
2595152158,24,25,282.116,301.6347,1
2595157158,24,25,282.1854,301.5234,1
2595162159,24,24,282.0706,301.9292,1
2595167157,24,24,282.5338,301.5609,1
2595172155,24,24,282.8699,301.8138,1
2595177158,24,25,283.0713,302.6382,1
2595182167,24,25,283.3235,303.5846,1
2595187162,24,24,283.6441,303.1453,1
2595192158,24,24,284.3539,302.9335,1
2595197155,24,24,284.9767,303.2128,1
2595202159,24,24,285.4288,303.512,1
2595207156,24,24,285.4577,303.3458,1
2595212159,24,24,285.353,303.1437,1
2595217156,24,25,285.0883,303.6853,1
2595222156,24,24,285.8676,303.3841,1
2595227164,24,25,285.9036,304.2221,1
2595232159,24,24,286.2272,304.0072,1
2595237158,24,24,286.7077,304.3424,1
2595242157,24,25,286.6412,304.5394,1
2595247157,24,25,286.4149,305.6903,1
2595252158,24,25,286.4626,306.2161,1
2595257156,24,24,286.9035,305.5611,1
2595262157,24,25,286.7513,305.4256,1
2595267165,24,25,286.8083,305.8886,1
2595272157,24,24,287.02,305.52,1
2595277156,24,24,286.4169,305.4721,1
2595282156,24,24,286.0846,305.0052,1
2595287157,24,24,285.9419,304.9678,1
2595292158,24,24,285.5691,304.6008,1
2595297156,24,24,285.0313,304.0129,1
2595302157,24,24,284.2541,303.4416,1
2595307164,24,24,283.968,303.1526,1
2595312159,24,24,284.0388,302.8003,2
2595317156,24,25,302.0483,307.7165,2
2595322159,24,24,331.8944,343.9611,2
2595327157,24,24,399.2106,417.0461,2
2595332158,24,24,451.404,486.3606,2
2595337154,24,24,469.4387,512.819,2
2595342157,23,23,476.248,516.2122000000001,2
2595347156,24,23,486.9235,529.6516,2
2595352157,24,23,492.007,548.998,2
2595357158,23,24,491.9956,541.6869,3
2595362156,23,24,492.3119,527.7535,3
2595367156,23,24,493.7292,527.2282,3
2595372156,23,23,497.5598,542.4092000000001,3
2595377156,24,23,504.8089,554.9773,3
2595382157,24,23,506.7289,557.3122,3
2595387156,23,23,504.941,555.082,1
2595392158,23,23,503.0417,552.9302,1
2595397156,24,23,502.9901,550.4965,1
2595402157,24,23,503.7148,548.9463,1
2595407156,23,23,506.6317,547.3680000000001,1
2595412158,23,23,508.2741,546.7846,1
2595417156,23,23,510.3753,546.3499,1
2595422157,23,23,512.7045000000001,546.0236,1
2595427156,23,23,514.7429,546.0694999999999,1
2595432163,23,23,516.4176,545.4698,1
2595437161,23,23,517.9965,544.8726,1
2595442157,23,23,518.6944999999999,543.9886,1
2595447156,23,23,519.5271,543.3531,1
2595452156,23,23,520.1738,543.1485,1
2595457156,23,24,520.8229,542.9511,1
2595462162,23,24,521.383,542.9688,1
2595467158,23,23,521.7145,543.2021999999999,1
2595472156,23,23,522.0579,543.4503999999999,1
2595477163,23,24,521.8559,544.1969,1
2595482156,23,24,521.5438,544.9064,1
2595487154,23,24,521.3591,545.0049,1
2595492156,23,24,521.061,545.1917999999999,1
2595497158,23,24,520.883,544.2991,1
2595502154,23,24,520.5599,543.6011,1
2595507158,23,24,520.3902,542.6601000000001,1
2595512156,23,24,520.1832000000001,542.3429,1
2595517162,23,24,520.383,542.1373,1
2595522156,23,24,520.482,540.9038,1
2595527157,23,24,520.6272,540.8187,1
2595532155,23,24,521.3346,540.3919,1
2595537157,23,24,521.6476,539.9106,1
2595542157,23,24,521.9897999999999,539.6319999999999,1
2595547156,23,24,522.2282,540.0548,1
2595552156,23,24,521.6753,540.2107,1
2595557168,23,24,521.7678,539.0009,1
2595562162,23,24,521.7387,538.021,1
2595567157,23,24,521.9174,538.0777,1
2595572156,23,24,522.3579,537.6061999999999,1
2595577157,23,24,522.3946999999999,538.1277,1
2595582157,23,24,522.5924,537.7719,1
2595587160,23,24,523.4379,537.7612,1
2595592155,23,24,524.2848,537.4400000000001,1
2595597156,23,24,525.2994,537.2376,1
2595602160,23,24,525.8495,537.447,1
2595607157,23,24,525.9666999999999,537.2777,1
2595612156,23,24,526.0603,537.1827,1
2595617156,23,24,526.3162,536.7032,1
2595622157,24,24,526.0583,536.2533,1
2595627156,23,24,526.0497,535.7981,1
2595632156,24,24,526.0287,535.4043,1
2595637156,24,24,525.8105,534.9228000000001,1
2595642156,24,24,525.5231,535.6972,1
2595647159,24,24,525.7131000000001,535.9408,1
2595652156,24,24,525.6528,535.9752,1
2595657155,24,24,525.9413,536.4684,1
2595662157,24,24,526.1977000000001,536.5462,1
2595667156,24,24,527.0839999999999,536.7867,1
2595672155,24,24,527.3415,537.0987,1
2595677155,24,24,527.3637,537.0286,1
2595682164,24,24,527.3388,536.2525000000001,1
2595687159,24,24,527.7019,536.4290999999999,1
2595692156,24,24,528.4465,536.2376,1
2595697155,24,24,528.7711,536.7626,1
2595702157,24,24,528.8905999999999,536.7101,1
2595707155,24,24,529.1349,536.4589,1
2595712158,23,24,527.5707,536.3551,2
2595717155,23,25,498.3369,548.2617,2
2595722165,23,25,433.4758,555.1978,2
2595727166,23,25,380.7589,559.8514,2
2595732155,23,25,362.2999,560.7456,2
2595737155,22,25,362.5645,560.8205,2
2595742154,22,25,370.7878,560.6167,3
2595747157,23,25,371.5997,560.8094,3
2595752156,23,24,373.4679,564.4099,3
2595757155,23,25,373.0675,566.8812,3
2595762156,23,25,370.3588,567.2589,3
2595767163,23,25,363.9897,567.6573,3
2595772155,23,25,360.3302,567.259,3
2595777153,23,24,359.1089,567.0762999999999,3
2595782156,24,25,358.7461,567.5177,1
2595787156,23,25,358.873,566.9904,1
2595792155,23,25,358.7652,567.3295000000001,1
2595797155,23,25,358.6634,567.5769,1
2595802156,22,25,358.6012,567.7565,1
2595807161,22,25,358.2749,568.0824,1
2595812158,23,25,358.3798,568.0223,1
2595817156,23,25,358.4668,567.558,1
2595822155,23,25,358.4017,568.2054000000001,1
2595827156,22,25,358.2534,567.775,1
2595832155,22,25,357.8873,567.044,1
2595837157,23,25,357.2556,566.6944,1
2595842154,23,25,356.3369,566.4099,1
2595847163,22,25,355.8341,566.2691,1
2595852162,23,25,355.4827,566.2604,1
2595857154,22,25,355.4323,566.6781999999999,1
2595862154,23,25,355.135,566.9569,1
2595867155,22,25,354.5703,566.5318,1
2595872155,22,25,354.3562,566.062,1
2595877154,23,25,354.3529,565.5518,1
2595882156,22,25,354.1758,565.0646,1
2595887155,23,25,354.6117,564.1617,1
2595892159,23,25,354.3539,562.7605,1
2595897156,22,25,354.3361,562.2832,1
2595902155,22,25,353.9995,561.7333,1
2595907155,23,25,353.3796,561.8433,1
2595912153,23,25,353.1896,561.7766,1
2595917153,23,25,352.7866,562.3937,1
2595922153,23,25,352.881,562.6873000000001,1
2595927155,23,25,352.5832,562.9766,1
2595932162,23,25,352.646,563.356,1
2595937156,23,25,352.4915,563.0272,1
2595942156,23,25,352.7454,562.9242,1
2595947153,23,25,353.2402,563.2839,1
2595952155,23,25,353.4986,563.2797,1
2595957153,23,25,353.3685,563.7266,1
2595962155,23,25,353.9836,564.3769,1
2595967154,23,25,354.2524,563.9114,1
2595972164,23,25,354.5529,562.5905,1
2595977160,23,25,355.0245,562.535,1
2595982155,23,25,355.6269,562.4479,1
2595987155,23,25,355.7365,561.989,1
2595992154,23,25,355.5752,562.2015,1
2595997154,23,25,355.9013,561.9236,1
2596002154,23,25,355.6583,562.0424,1
2596007155,23,25,355.5067,562.035,1
2596012155,23,25,355.1776,562.1088999999999,1
2596017158,23,25,354.6081,562.1629,1
2596022155,23,25,354.1656,562.7037,1
2596027156,23,25,353.9632,562.543,1
2596032154,23,25,354.0033,562.7819,1
2596037154,23,25,354.1169,562.5498,1
2596042155,23,25,353.8676,562.8453,1
2596047153,23,25,353.7892,563.2249,1
2596052153,23,25,353.4221,563.1544,1
2596057154,23,25,353.2979,562.9872,1
2596062158,23,25,352.8126,562.8458000000001,1
2596067155,23,25,352.5399,562.5628,1
2596072155,23,25,352.439,562.8978,1
2596077154,23,25,352.6751,563.2406999999999,1
2596082153,23,25,353.4555,563.5408,1
2596087151,23,25,353.5594,563.2758,1
2596092153,23,25,353.202,563.0711,1
2596097163,23,25,352.7891,563.1291,1
2596102161,23,25,352.2045,563.8063,1
2596107155,23,25,351.9299,563.7157,1
2596112152,23,25,351.8296,564.0217,1
2596117154,23,25,351.9917,563.9591,1
2596122155,23,25,351.974,563.8834000000001,1
2596127156,23,25,351.4305,563.9657999999999,1
2596132155,23,25,351.1392,563.2798,1
2596137154,23,25,350.4767,563.1508,1
2596142160,23,25,350.3193,562.953,1
2596147155,23,25,349.49,563.5105,1
2596152154,24,25,349.4607,563.5893,1
2596157154,23,25,349.2072,563.1009,1
2596162156,23,25,348.9403,562.7273,1
2596167153,23,25,348.4026,562.8559,1
2596172154,23,25,347.7658,563.593,1
2596177153,23,25,347.5791,563.5549999999999,2
2596182162,23,25,343.4404,561.9603,2
2596187159,22,25,323.8968,560.9023,2
2596192154,23,25,292.0417,558.5395,2
2596197152,22,25,286.1546,558.4857,2
2596202152,22,25,285.2563,558.351,2
2596207154,23,25,285.876,558.2844,3
2596212154,23,25,285.7322,558.7999,3
2596217155,23,25,287.0172,558.7431,3
2596222162,22,25,288.9487,557.9441,3
2596227163,22,25,289.5107,557.3715,3
2596232154,23,25,288.848,556.4562,3
2596237151,23,25,287.6288,556.4160000000001,3
2596242154,23,25,286.1367,556.495,3
2596247153,23,25,285.426,556.6725,3
2596252152,23,25,285.2181,556.5012,1
2596257155,23,25,284.6144,556.0617,1
2596262155,22,25,284.1599,556.2527,1
2596267162,22,25,284.2845,556.1394,1
2596272156,22,25,283.9329,556.2569999999999,1
2596277154,22,25,283.4436,556.0158,1
2596282154,22,25,282.9766,555.5898,1
2596287153,22,25,282.3233,556.0864,1
2596292153,22,25,282.0735,556.0334,1
2596297153,22,25,281.8367,556.4232,1
2596302154,22,25,281.5131,556.0307,1
2596307161,22,24,281.3629,556.5594,1
2596312157,22,24,280.9975,556.7612,1
2596317153,22,24,281.187,556.9186999999999,1
2596322155,22,25,281.4268,557.4022,1
2596327153,22,24,281.5287,558.5273,1
2596332152,22,24,281.6982,559.5242,1
2596337152,22,24,282.1001,560.2424,1
2596342154,22,24,282.3508,561.101,1
2596347160,22,24,282.721,561.7527,1
2596352160,22,24,282.6222,562.2942,1
2596357154,22,24,282.4715,562.8089,1
2596362153,22,24,281.9643,563.5324000000001,1
2596367154,22,24,280.9612,564.6895,1
2596372154,22,24,280.3657,565.5106,1
2596377152,22,24,279.7169,566.2126,1
2596382154,22,24,279.2215,566.3082000000001,1
2596387153,22,24,277.988,566.1247,1
2596392160,22,24,277.3936,566.1891000000001,1
2596397154,22,24,276.8883,565.3116,1
2596402153,22,24,276.3646,565.4161,1
2596407152,22,24,276.1587,565.246,1
2596412154,22,24,276.0002,565.1167,2
2596417154,22,24,280.8428,564.4165,2
2596422153,21,24,305.5867,564.1593,2
2596427152,22,24,405.0398,573.7123,2
2596432158,23,23,512.2867,577.5647,2
2596437155,23,24,581.7713,583.528,2
2596442152,24,24,620.249,593.2188,2
2596447152,23,24,648.799,590.7376,2
2596452153,23,24,678.2441,583.0608,2
2596457150,23,24,718.008,580.2905,2
2596462152,23,24,716.8017,583.7547,3
2596467153,24,24,689.9082,585.2646999999999,3
2596472157,24,24,686.9711,584.9558,3
2596477154,23,24,698.1373,585.6039,3
2596482151,23,24,714.2145,586.5981,3
2596487152,23,24,712.2802,587.8017,3
2596492150,23,24,704.5797,588.1299,3
2596497152,23,24,694.1310999999999,587.0924,3
2596502153,23,24,689.4417999999999,585.3294,3
2596507152,23,24,687.5733,584.4791,3
2596512152,24,24,688.3357999999999,583.394,1
2596517158,24,24,689.6231,583.1074,1
2596522153,24,24,691.0267,582.4101000000001,1
2596527152,24,24,692.5053,581.9324,1
2596532153,24,24,693.0056,581.9333,1
2596537153,24,24,693.567,581.6599,1
2596542152,24,24,693.7102,581.4977,1
2596547152,24,24,693.4926,581.529,1
2596552151,24,24,693.1856,581.2137,1
2596557162,24,24,693.02,581.1459,1
2596562153,24,24,692.8779,580.5482,1
2596567153,24,24,691.6208,580.3583,1
2596572152,24,24,690.2707,580.4804,1
2596577151,24,24,688.5564000000001,580.4076,1
2596582152,23,24,685.9699000000001,580.3511,1
2596587152,23,24,684.0127,579.9815,1
2596592153,23,24,682.6786,579.7903,1
2596597156,23,24,681.9146,579.4964,1
2596602157,23,24,681.3810999999999,578.6586,1
2596607153,23,24,680.6855,578.2793,1
2596612151,23,24,679.6682,578.1881,1
2596617152,23,24,679.1366,577.4626,1
2596622152,24,24,679.5289,576.8674999999999,1
2596627152,23,24,679.3409,576.799,1
2596632152,23,24,678.9011,576.9063,1
2596637151,23,24,678.3605,576.9838999999999,1
2596642161,23,24,677.8044,576.5597,1
2596647152,23,24,677.7738000000001,576.2864,1
2596652153,23,24,678.2422,575.7373,1
2596657152,23,24,678.7003999999999,575.7357,1
2596662151,23,24,679.2761,576.0841,1
2596667153,23,24,679.3928,575.989,1
2596672149,23,24,680.0349,575.8418,1
2596677151,23,24,680.3634,576.092,1
2596682159,24,24,681.3772,576.4473,1
2596687151,24,24,682.6084,575.1134,1
2596692152,24,24,683.5128,574.6654,1
2596697149,24,24,684.2355,574.1405,1
2596702151,24,24,685.189,573.3309,1
2596707150,24,24,685.3567,573.304,1
2596712153,24,24,686.3816,572.682,1
2596717151,24,24,687.1356,572.4963,1
2596722153,24,24,688.2324,572.4455,1
2596727158,24,24,689.2861,571.9449,1
2596732152,24,24,690.7879,571.1371,1
2596737152,24,24,691.3658,571.0595,1
2596742151,23,24,691.7873,570.9596,1
2596747151,23,24,692.3368,571.0531999999999,1
2596752151,23,24,693.551,570.521,1
2596757151,23,24,695.1561,570.3013,1
2596762152,23,24,696.5882,569.8696,1
2596767151,23,24,697.6645,569.9399,1
2596772154,23,24,698.2239,570.595,1
2596777150,23,24,696.8148,571.2249,1
2596782150,23,24,694.6408,571.5259,1
2596787151,23,24,690.9081,572.3924,1
2596792151,23,24,687.4160000000001,573.1149,1
2596797152,23,24,684.6608,573.0783,1
2596802152,23,24,683.4405,573.1102,1
2596807157,23,24,682.3007,572.7157,1
2596812154,23,24,680.7689,572.3614,1
2596817152,23,24,679.2446,572.2796,1
2596822151,23,24,677.6233,572.4534,1
2596827152,23,24,676.3749,572.4861,1
2596832151,23,24,675.3679,572.4188,1
2596837150,23,24,674.9786,572.4766,1
2596842152,24,24,675.2528,572.1672,1
2596847151,23,24,674.759,572.1774,1
2596852158,23,24,674.8044,572.5303,1
2596857152,23,24,674.8312,572.8926,1
2596862148,23,24,674.7879,572.5223,1
2596867151,23,24,674.6503,572.7119,1
2596872151,23,24,674.7298,572.4157,1
2596877150,23,24,674.5581,572.6819,1
2596882151,23,24,674.6556,571.8982,1
2596887151,23,24,675.015,571.7777,1
2596892158,23,24,675.6318,572.6306,1
2596897151,23,24,676.3622,572.7587,1
2596902150,23,24,676.9931,573.3645,1
2596907151,23,24,677.172,573.7057,1
2596912150,23,24,677.2511,573.5386,1
2596917151,23,24,677.8583,573.8979,1
2596922150,23,24,678.5616,573.6408,1
2596927151,23,24,678.8161,573.5709000000001,1
2596932156,23,24,679.574,573.8011,1
2596937152,23,24,679.958,574.135,1
2596942151,23,24,679.9127999999999,574.102,1
2596947151,23,24,679.3715999999999,573.8517000000001,1
2596952148,23,24,679.1876,574.4449,1
2596957152,23,24,679.5749,574.4079,1
2596962150,23,24,680.1587,574.0599,1
2596967150,23,24,680.8984,574.0121,1
2596972156,23,24,681.1233,574.0573000000001,1
2596977158,23,24,681.3464,574.6276,1
2596982150,23,24,682.1031,574.7807,1
2596987149,23,24,682.7725,574.8231,1
2596992149,23,24,683.1369,575.1339,1
2596997151,23,24,684.5189,575.3932,1
2597002149,23,24,686.8613,575.4309,1
2597007151,23,24,689.1718,575.6789,1
2597012151,23,24,691.0612,575.9643,1
2597017157,23,24,692.0078,575.5563,1
2597022151,23,24,692.7867,575.1786,1
2597027149,23,24,693.5721,574.8365,1
2597032152,23,24,694.3458000000001,574.438,1
2597037149,23,24,695.0703999999999,574.1186,1
2597042151,23,24,695.3881,573.8747,1
2597047149,23,24,695.5601,573.5158,1
2597052151,23,24,695.5562,573.5126,1
2597057159,23,24,695.3362,573.3103,1
2597062153,23,24,695.2073,573.1399,1
2597067149,23,24,695.3198,572.9847,1
2597072150,23,24,696.2207,572.5402,1
2597077150,23,24,696.5165,572.6034,1
2597082149,23,24,696.8915,572.4552,1
2597087152,23,24,696.8742,572.5915,1
2597092148,23,24,696.4101000000001,572.9845,1
2597097153,23,24,695.707,573.7259,1
2597102155,23,24,695.5483,573.8609,1
2597107150,23,24,695.5194,573.5667999999999,1
2597112149,23,24,694.979,573.7473,1
2597117150,23,24,694.4275,573.5363,1
2597122149,23,24,692.7800999999999,573.3099,1
2597127150,23,24,690.974,573.6366,1
2597132153,23,24,689.6984,573.6499,1
2597137150,23,24,688.7308,573.5088,1
2597142159,23,24,688.4847,573.5669,1
2597147151,23,24,687.6923,574.3406,1
2597152150,23,24,686.8484,574.0015,1
2597157149,23,24,685.8035,573.6180000000001,1
2597162152,23,24,685.0843,573.1486,1
2597167150,23,24,684.2196,573.1387,1
2597172150,23,24,683.6422,572.7041,1
2597177151,23,23,682.6947,572.7175,1
2597182149,23,23,681.6621,573.0717,1
2597187150,23,24,680.8215,572.5818,1
2597192150,23,23,679.9109999999999,571.9296000000001,1
2597197150,23,24,678.3291,572.0271,1
2597202151,23,23,677.1987,572.0594,1
2597207147,23,24,676.0457,572.2033,1
2597212150,23,24,675.2327,572.0608999999999,1
2597217149,23,23,674.3592,571.8798,1
2597222162,23,23,674.0904,571.9145,1
2597227155,23,24,674.173,572.0577,1
2597232149,23,23,674.0054,572.3881,1
2597237149,23,23,673.9955,572.5573000000001,1
2597242147,23,24,673.9879,572.2685,1
2597247149,23,23,674.0898999999999,572.4849,1
2597252148,23,23,674.5128999999999,572.0529,1
2597257147,23,23,674.9801,571.65,1
2597262150,23,23,675.2754,571.6856,1
2597267157,23,23,675.0516,571.9002,1
2597272151,23,23,675.912,572.1319,2
2597277149,23,23,696.2555,570.0859,2
2597282151,22,23,741.8988000000001,535.8232,2
2597287150,22,23,772.2102,482.9128,2
2597292149,22,22,780.3607,428.1129,2
2597297150,22,23,772.6609,428.6942,3
2597302149,22,23,763.029,465.5749,3
2597307156,22,23,765.4792,483.3304,3
2597312154,23,23,771.8379,479.8836,3
2597317148,23,23,776.3421,475.5883,3
2597322147,23,23,778.3523,469.6917,3
2597327148,23,23,781.3875,460.2249,3
2597332149,23,23,784.6985,457.9822,3
2597337149,23,23,785.7654,459.1985,3
2597342148,23,23,783.804,460.883,3
2597347160,23,23,781.4592,464.0203,3
2597352155,23,23,777.4644,466.7692,3
2597357150,22,23,774.4601,468.4268,3
2597362149,22,23,772.0287,469.2364,3
2597367149,22,23,770.404,470.3299,3
2597372150,22,23,769.598,470.2097,1
2597377150,22,23,768.8565,470.5647,1
2597382149,22,23,768.3385,469.9276,1
2597387150,22,23,768.227,469.531,1
2597392155,23,23,768.3812,469.235,1
2597397150,23,23,768.3147,468.9548,1
2597402148,23,23,768.3024,469.2965,1
2597407149,23,23,768.1641,469.4775,1
2597412150,23,23,768.1116,469.976,1
2597417149,23,23,767.9118999999999,470.5041,1
2597422147,23,23,767.979,471.2512,1
2597427149,23,24,767.8767,471.7094,1
2597432156,23,23,767.5963,472.4943,1
2597437152,23,24,767.8018,472.6856,1
2597442148,23,24,768.0238000000001,473.0464,1
2597447146,23,24,768.1950000000001,473.146,1
2597452148,23,24,768.6363,473.6947,1
2597457147,23,24,768.8203,474.0583,1
2597462148,23,24,769.2156,474.0408,1
2597467149,23,24,769.9278,474.0861,1
2597472158,23,24,770.0214,473.8874,1
2597477154,23,24,769.9943,473.9196,1
2597482149,23,24,770.5445,473.9882,1
2597487148,23,24,771.0218,474.1772,1
2597492149,23,24,770.7414,474.4056,1
2597497147,23,24,771.1251,474.7044,1
2597502149,23,24,771.0168,475.5302,1
2597507149,23,24,770.7306,476.2252,1
2597512149,23,24,770.4256,476.1594,1
2597517155,23,24,770.7518,475.1461,1
2597522149,23,24,771.0401000000001,474.4916,1
2597527149,23,24,770.9741,473.897,1
2597532149,23,24,770.4751,473.7702,1
2597537147,23,24,770.0073,473.1299,1
2597542148,23,24,769.6508,472.4264,1
2597547150,23,24,768.8299,472.509,1
2597552149,23,24,767.0918,472.7034,1
2597557157,23,24,764.0095,473.6945,1
2597562147,24,24,762.8905999999999,473.6632,1
2597567149,24,24,760.3848,473.9705,1
2597572147,24,24,759.6231,473.8022,1
2597577147,24,24,758.2829,473.9268,1
2597582148,24,24,757.0086,474.7469,1
2597587147,24,24,756.6233,476.3784,1
2597592149,23,24,755.647,477.5561,1
2597597155,23,24,755.2522,478.3338,1
2597602149,23,24,756.1156,478.5683,1
2597607149,23,24,756.8545,479.1609,1
2597612146,23,24,757.8868,478.9134,1
2597617149,23,24,758.7566,479.0126,1
2597622148,23,24,759.3436,478.7369,2
2597627149,23,24,761.3867,477.6893,2
2597632148,23,24,777.7102,455.1169,2
2597637149,24,23,815.7006,396.1514,2
2597642156,23,24,833.0454999999999,341.5955,2
2597647147,23,24,832.6277,326.9555,2
2597652149,23,23,829.2261,340.7457,3
2597657148,23,23,827.2245,351.6068,3
2597662148,23,23,825.8685,355.8995,3
2597667148,23,23,820.5539,357.1361,3
2597672148,23,23,816.6027,357.7322,3
2597677147,23,23,814.1262,355.8258,3
2597682155,24,23,813.4818,345.0569,3
2597687147,24,23,813.6069,341.4537,3
2597692149,24,23,813.1664,342.6108,3
2597697148,24,23,811.4464,345.9336,3
2597702148,24,23,810.8867,348.518,3
2597707147,24,23,809.9412,349.2317,1
2597712148,24,23,809.827,349.9682,1
2597717148,24,23,810.2374,350.1233,1
2597722153,24,23,810.4847,350.7772,1
2597727149,23,24,809.8828999999999,352.1661,1
2597732147,23,23,809.2415,353.1211,1
2597737148,23,23,809.1676,353.9209,1
2597742146,24,23,810.2722,354.3907,1
2597747148,23,23,810.4785000000001,355.4968,1
2597752147,23,23,810.9825,355.9854,1
2597757146,23,23,810.8652,356.1743,1
2597762148,23,23,810.9837,356.5465,1
2597767153,23,23,811.3355,356.5617,1
2597772148,23,23,811.5919,356.6039,1
2597777147,23,23,811.8742,357.0187,1
2597782148,23,23,811.9271,358.4188,1
2597787147,23,23,811.8216,358.6284,1
2597792147,23,23,811.5702,358.4011,1
2597797147,23,23,812.0117,358.7335,1
2597802148,23,23,812.0398,358.6918,1
2597807153,23,23,811.7488,358.6584,1
2597812148,23,23,811.4671,359.2216,1
2597817147,23,23,811.3363000000001,359.6499,1
2597822146,23,23,811.3131,359.7094,1
2597827147,24,23,812.5037,359.3219,1
2597832148,23,23,812.0546000000001,359.103,2
2597837148,23,23,810.5626,359.7557,2
2597842144,23,23,806.8405,358.8969,2
2597847154,23,23,807.3147,334.2003,2
2597852156,23,23,765.511,288.7427,2
2597857146,23,23,750.6112000000001,256.0279,2
2597862147,24,22,739.522,260.6531,2
2597867147,23,23,719.3762,275.6977,2
2597872146,24,22,722.4945,271.7695,2
2597877151,23,23,699.4924,270.2934,2
2597882146,23,23,697.5568,270.8926,2
2597887145,24,23,706.1708,268.9444,3
2597892151,24,23,717.2385,266.7341,3
2597897148,24,23,714.6257000000001,266.1862,3
2597902147,24,23,711.7867,264.4964,3
2597907147,24,23,707.4804,264.2928,3
2597912146,24,23,705.3083,264.5967,3
2597917146,24,23,704.2863,264.7832,1
2597922147,24,23,702.9263,265.0267,1
2597927147,24,23,701.6102,265.8435,1
2597932153,24,23,700.3278,266.6047,1
2597937152,24,23,698.9356,267.6198,1
2597942147,24,23,697.8229,268.1256,1
2597947147,24,23,698.0028,267.8512,1
2597952147,24,23,698.8148,267.4618,1
2597957146,23,23,699.1881,267.1744,1
2597962146,23,23,699.5669,267.294,1
2597967146,23,23,700.6905,267.8484,1
2597972156,23,23,702.4589999999999,268.3145,1
2597977154,23,24,704.3945,269.7847,1
2597982144,23,23,707.133,270.4431,1
2597987147,23,23,708.9736,269.9622,1
2597992146,23,24,710.0511,270.2255,1
2597997147,23,24,710.9646,270.5042,1
2598002149,23,24,711.981,270.8195,1
2598007147,23,24,712.8608,271.3973,1
2598012158,23,24,713.587,271.9959,1
2598017151,24,24,716.1781999999999,272.1464,1
2598022148,24,24,718.2871,272.3153,1
2598027145,24,24,718.3883,272.428,1
2598032146,24,24,718.1371,272.8876,1
2598037146,24,24,716.6957,273.8255,1
2598042147,24,24,714.1149,274.9024,1
2598047147,24,24,712.2417,274.7895,1
2598052146,24,24,711.4101000000001,274.4183,1
2598057153,24,24,711.5046,274.1061,2
2598062148,24,23,715.1529,272.7556,2
2598067146,23,22,710.7613,247.2781,2
2598072149,24,23,682.6734,190.0052,2
2598077147,24,22,687.572,135.0021,2
2598082147,24,22,681.2348,125.4015,2
2598087145,23,22,660.2077,138.8617,3
2598092146,24,23,656.8761,151.2362,3
2598097154,24,23,651.8013999999999,162.4395,3
2598102148,24,23,650.9655,166.536,3
2598107146,24,23,654.2025,161.6227,3
2598112146,24,23,658.7787,144.9786,3
2598117146,24,23,660.3325,139.479,3
2598122147,24,23,660.2983,140.6955,3
2598127147,24,23,660.0171,144.107,1
2598132145,24,23,660.311,146.562,1
2598137157,24,23,661.7019,148.6262,1
2598142154,24,23,663.0286,148.8395,1
2598147147,24,23,664.6612,149.1692,1
2598152145,24,23,665.7506,148.7976,1
2598157146,24,23,666.0617999999999,148.652,1
2598162147,24,23,665.3077,149.0447,1
2598167146,24,23,663.8924,149.4226,1
2598172145,24,23,661.8615,149.5639,1
2598177145,24,23,661.1215999999999,150.0001,1
2598182152,24,23,660.2784,150.0748,1
2598187148,24,23,659.5839,150.3091,1
2598192145,24,23,658.6011999999999,150.2018,1
2598197144,24,23,657.7337,149.9478,1
2598202146,24,23,657.3381000000001,149.9543,1
2598207145,24,23,657.0968,150.5344,1
2598212146,24,23,656.5785,150.5635,1
2598217147,24,23,656.5038,150.3125,1
2598222151,24,23,656.3887999999999,150.6374,1
2598227149,24,23,657.0476,149.6224,1
2598232145,24,23,657.378,149.112,1
2598237146,24,23,657.5213,147.7633,1
2598242146,24,23,658.1811,147.3519,1
2598247145,24,23,657.5830999999999,147.6755,1
2598252147,24,23,657.2551,148.035,1
2598257144,24,23,658.6501,148.0801,1
2598262156,24,23,662.0662,147.9151,2
2598267153,25,23,661.7859,146.0016,2
2598272145,25,23,612.0213,144.3477,2
2598277145,25,23,548.3090999999999,144.8169,2
2598282146,24,24,497.4908,147.541,2
2598287146,25,23,484.2671,160.0248,2
2598292145,25,23,464.6769,162.0431,2
2598297145,25,24,473.0653,161.695,3
2598302145,25,24,478.8808,159.5579,3
2598307146,25,23,481.7645,158.6417,3
2598312145,25,23,480.0449,158.9913,3
2598317145,25,23,472.2973,159.0997,3
2598322144,25,23,461.6817,158.7966,3
2598327146,25,23,454.8761,157.9375,3
2598332146,25,23,453.0309,157.3012,3
2598337144,25,23,452.7459,156.9337,1
2598342147,25,23,452.7646,156.5214,1
2598347150,24,23,454.3494,156.1926,1
2598352154,25,23,455.3855,156.2013,1
2598357146,26,23,458.3245,155.625,1
2598362144,25,23,458.8383,155.8542,1
2598367145,25,23,459.3291,155.8221,1
2598372146,25,23,460.4745,155.9922,1
2598377145,25,23,461.2683,156.1164,1
2598382145,25,24,464.3028,155.4491,1
2598387156,25,23,467.309,155.0898,1
2598392153,25,23,469.8919,154.897,1
2598397146,25,23,470.523,154.6732,1
2598402145,25,23,471.4964,154.085,1
2598407145,25,24,472.4724,154.3577,1
2598412144,25,23,473.229,154.5557,1
2598417146,25,24,474.0418,154.532,1
2598422146,25,24,474.9998,154.8142,1
2598427145,25,24,475.5383,154.9956,2
2598432156,25,24,476.0069,153.3956,2
2598437145,26,24,476.1227,146.5955,2
2598442145,26,24,473.1879,138.3785,2
2598447145,26,24,471.109,124.9401,2
2598452144,26,25,468.4504,128.682,3
2598457145,26,24,466.9811,136.8636,3
2598462146,26,24,465.8881,143.2457,3
2598467144,26,24,465.6723,141.6852,3
2598472153,26,24,466.7459,140.4643,3
2598477151,26,24,467.903,139.0188,3
2598482144,26,24,468.2749,138.4087,1
2598487143,26,24,467.6674,138.102,1
2598492144,26,24,467.5186,138.4267,1
2598497144,26,24,467.0484,138.3584,1
2598502143,26,25,467.1941,138.8665,1
2598507146,26,24,467.6891,138.8799,1
2598512154,26,24,467.7177,138.912,1
2598517151,26,25,468.4785,139.4706,1
2598522146,26,25,468.9674,138.6543,1
2598527145,26,24,469.5623,138.9859,1
2598532145,26,25,470.3615,139.0914,1
2598537144,26,25,470.8503,139.2584,1
2598542144,26,25,470.8682,138.7154,1
2598547145,26,25,471.0898,138.2337,1
2598552143,26,25,470.8085,138.1593,1
2598557153,26,25,471.127,137.5233,1
2598562147,26,25,471.0374,137.5653,1
2598567144,26,25,470.8961,136.8466,1
2598572143,26,24,470.6483,137.382,1
2598577145,26,25,472.1035,137.2865,1
2598582144,26,24,471.7032,137.5912,1
2598587143,26,24,471.2204,137.4788,1
2598592143,26,24,471.0065,137.2321,1
2598597150,26,23,470.2686,137.1903,1
2598602147,25,23,469.73,137.6832,1
2598607143,25,24,467.5465,137.6474,1
2598612145,26,23,467.5624,136.7853,1
2598617145,26,24,467.9334,136.2122,1
2598622145,25,23,466.6154,135.8296,1
2598627145,26,23,467.4519,135.6928,1
2598632143,26,23,467.3896,134.3897,1
2598637151,25,23,465.0354,134.4824,1
2598642153,25,23,464.6121,134.7065,2
2598647144,25,23,482.9337,135.0194,2
2598652145,25,23,515.7574,135.0281,2
2598657145,25,23,519.6535,134.5173,2
2598662144,25,23,517.5676999999999,133.7538,3
2598667143,25,23,505.6048,131.7925,3
2598672145,25,23,498.2829,129.6332,3
2598677144,25,23,498.9759,128.3872,3
2598682151,25,23,499.8153,129.3742,1
2598687146,25,23,500.5703,129.2142,1
2598692143,25,23,501.5359,129.9575,1
2598697143,25,23,502.7519,129.6862,1
2598702144,25,23,503.4937,128.8432,1
2598707142,25,23,503.6481,127.6989,1
2598712143,25,23,503.2712,127.4313,1
2598717144,25,23,502.9773,127.4275,1
2598722150,25,23,502.2965,127.0472,1
2598727143,25,23,501.9842,126.0435,1
2598732147,25,23,502.0828,126.3582,1
2598737144,25,23,502.2183,126.2991,1
2598742142,25,23,501.8612,126.5349,1
2598747143,25,23,501.5637,126.7949,1
2598752144,25,23,501.3699,126.5496,1
2598757142,25,23,501.2997,125.9618,1
2598762149,25,23,500.825,125.378,1
2598767151,24,23,500.7807,124.372,1
2598772144,24,23,499.983,123.385,1
2598777142,24,23,500.5364,122.8591,1
2598782144,24,23,501.3775,122.8731,1
2598787144,24,23,501.4699,122.9242,1
2598792143,24,23,501.4053,122.8411,1
2598797144,24,23,501.0146,123.324,1
2598802143,24,23,501.1325,122.9018,1
2598807150,24,23,501.9876,123.3584,1
2598812143,24,23,502.8351,123.1143,1
2598817144,24,23,503.0258,122.6751,1
2598822144,24,23,503.3601,122.7281,1
2598827143,24,23,503.9033,122.1959,1
2598832144,24,23,503.9562,122.0681,1
2598837142,24,23,504.4022,122.0574,1
2598842143,24,23,505.1587,121.9334,1
2598847148,24,23,505.8643,121.6999,1
2598852144,24,23,507.0695,121.6536,1
2598857142,24,23,507.4681,121.1121,1
2598862144,24,23,507.8205,120.9569,1
2598867143,24,23,507.7405,121.4381,1
2598872142,24,23,507.9665,121.29,1
2598877144,24,23,508.6523,121.8127,1
2598882143,24,23,509.2217,121.9458,1
2598887147,24,23,509.8138,122.1788,1
2598892149,24,23,510.0149,122.6737,1
2598897142,24,23,510.1806,122.7028,1
2598902143,24,23,510.6304,122.2699,1
2598907143,24,23,510.8645,122.0548,1
2598912144,24,23,511.3876,122.4794,1
2598917142,24,23,511.7551,122.1599,1
2598922142,24,23,512.731,121.8893,1
2598927143,24,23,513.2462,121.271,1
2598932153,24,23,513.4893,121.3361,1
2598937144,24,23,513.5721,120.9666,1
2598942143,24,23,513.0037,120.8399,1
2598947139,24,23,512.572,120.7982,1
2598952142,24,23,512.7402,121.237,1
2598957141,24,23,511.8615,121.209,1
2598962143,24,23,511.2637,121.5763,1
2598967143,24,23,510.6346,121.5294,1
2598972151,24,23,510.2246,120.4962,1
2598977144,24,23,509.8833,119.9789,1
2598982142,24,22,509.8244,119.1489,1
2598987142,24,22,509.4074,118.5499,1
2598992143,24,22,509.0037,117.4505,1
2598997143,24,22,508.7619,116.5597,1
2599002143,23,22,506.2433,117.5016,1
2599007142,24,22,506.8591,117.7339,1
2599012141,24,22,507.3818,117.3379,1
2599017147,24,22,507.7538,116.7366,1
2599022142,24,22,507.7008,117.0849,1
2599027143,24,22,507.4219,116.4445,1
2599032143,24,22,507.5971,116.3726,1
2599037142,24,23,507.2931,116.448,1
2599042142,24,23,506.7415,116.6121,1
2599047142,24,23,506.9617,116.7472,1
2599052142,24,23,507.2831,116.719,1
2599057150,24,23,507.7263,116.4704,1
2599062141,24,23,507.8456,116.3904,1
2599067143,24,23,508.0247,117.3524,1
2599072142,24,23,507.6195,117.5786,1
2599077143,24,23,507.2047,117.6846,1
2599082143,24,23,507.3062,117.3922,2
2599087140,24,23,505.1057,117.855,2
2599092142,23,23,480.2084,117.4494,2
2599097148,24,23,474.8854,117.4311,2
2599102147,23,22,474.0906,120.8484,3
2599107143,24,22,484.574,122.3225,3
2599112139,24,23,500.8973,123.0773,3
2599117143,24,22,502.0377,122.1725,3
2599122143,24,22,498.1838,121.2134,3
2599127142,24,22,496.0502,121.1534,3
2599132145,24,22,493.854,121.4988,1
2599137144,24,22,493.0236,121.6235,1
2599142149,24,22,492.959,121.2958,1
2599147142,24,22,493.3604,120.4847,1
2599152141,24,22,493.4528,120.0985,1
2599157142,24,22,493.3072,120.1872,1
2599162142,24,22,493.304,120.0814,1
2599167142,24,22,493.7527,120.0309,1
2599172142,24,22,494.3032,120.9218,1
2599177141,24,22,494.5559,121.2021,1
2599182149,24,22,494.9404,121.5685,1
2599187144,24,22,495.2945,121.8848,1
2599192141,24,22,496.018,121.6303,1
2599197143,24,22,496.8949,122.0509,1
2599202141,24,22,496.8891,122.6841,1
2599207141,24,22,497.3794,123.6341,1
2599212141,24,22,496.8098,124.4458,1
2599217143,24,22,496.4106,125.1059,1
2599222147,24,23,495.3004,125.4608,1
2599227144,24,22,494.4549,125.8219,1
2599232141,24,22,492.9201,125.772,1
2599237139,24,22,491.3711,126.0034,1
2599242142,24,23,490.242,125.935,1
2599247141,24,23,488.4973,126.1791,1
2599252140,24,23,486.8449,126.1268,1
2599257142,24,23,485.7585,125.9694,1
2599262145,24,23,484.7236,125.407,1
2599267148,24,23,483.9439,125.2309,1
2599272142,24,23,483.7454,124.9085,1
2599277142,24,23,483.6199,123.7414,1
2599282142,24,23,482.824,124.7193,1
2599287142,24,23,481.5275,124.297,1
2599292140,24,23,481.0503,123.7348,1
2599297143,24,23,479.9502,124.059,1
2599302141,24,23,479.1782,124.311,1
2599307149,24,22,478.4247,124.1923,1
2599312142,24,23,477.7276,123.5973,1
2599317142,24,23,477.7772,123.2219,1
2599322142,24,23,477.5908,123.4193,1
2599327140,24,23,477.0326,123.2678,1
2599332141,24,23,477.3688,122.856,1
2599337142,24,23,477.2985,122.3272,1
2599342139,24,23,477.5104,121.2604,1
2599347146,24,23,477.7129,121.5187,1
2599352143,24,23,477.302,121.2214,1
2599357142,24,23,477.271,121.4737,1
2599362142,24,23,477.5724,121.2299,1
2599367142,24,23,477.4054,120.9228,1
2599372142,24,23,477.2872,120.4649,1
2599377141,24,23,477.3726,120.542,1
2599382142,24,23,476.8565,120.0424,1
2599387145,24,23,476.7672,119.8267,1
2599392148,24,23,476.8558,119.4444,1
2599397142,24,23,476.2163,119.2084,1
2599402142,24,23,476.2643,119.1918,1
2599407141,24,23,475.9745,119.3514,1
2599412142,24,23,475.5434,119.4306,1
2599417142,24,23,475.5252,118.9732,1
2599422142,24,23,475.3488,118.3762,1
2599427141,24,23,475.0223,117.9376,1
2599432141,24,23,474.3564,117.8038,1
2599437141,24,23,474.3493,118.2298,2
2599442143,25,23,492.6946,118.5921,2
2599447141,24,23,516.5709000000001,117.7484,2
2599452141,24,23,533.1864,114.3057,2
2599457140,24,23,529.8022999999999,113.0925,3
2599462141,24,23,515.394,112.8612,3
2599467142,24,23,511.6378,113.3236,3
2599472149,24,23,512.0662,114.3678,3
2599477143,24,23,513.2021,114.3077,3
2599482140,24,23,519.5729,114.2957,3
2599487142,24,23,519.7847,115.498,3
2599492138,24,23,520.1581,115.6221,1
2599497140,24,23,520.1974,116.6689,1
2599502141,24,23,519.8047,116.7309,1
2599507140,24,23,519.3153,116.4795,1
2599512154,24,23,519.2447,116.5445,1
2599517147,24,23,520.5118,116.7332,1
2599522141,24,23,520.3749,117.1547,1
2599527141,24,23,519.748,117.7384,1
2599532141,24,23,518.9512999999999,116.7349,1
2599537140,24,23,518.4517,116.1882,1
2599542141,24,23,517.7358,116.2961,1
2599547141,24,23,519.2318,115.5821,1
2599552139,24,23,518.7437,115.7008,1
2599557148,24,23,517.9602,115.4297,1
2599562140,24,23,517.5941,113.9953,1
2599567140,24,23,516.4664,113.506,1
2599572139,24,23,515.7916,113.2694,1
2599577142,24,23,515.0984999999999,113.4771,1
2599582141,24,23,514.3817,113.1658,1
2599587140,24,23,513.7045000000001,112.6732,1
2599592141,24,23,512.9491,112.4015,1
2599597146,24,23,512.4886,113.408,1
2599602144,24,23,512.1813,114.2956,1
2599607140,24,23,511.9986,115.3173,1
2599612141,24,23,511.7158,115.42,1
2599617139,24,23,510.7508,115.5079,1
2599622140,24,23,509.8441,115.7973,1
2599627141,24,23,509.1247,115.7589,1
2599632142,24,23,508.8705,116.3514,1
2599637152,24,23,508.4286,116.6546,1
2599642148,24,23,507.9653,116.6437,1
2599647141,24,23,507.2232,116.6904,1
2599652141,24,23,506.7023,117.2796,1
2599657140,24,23,505.8593,118.222,1
2599662141,24,23,505.5385,118.2865,1
2599667139,24,23,505.5237,118.598,1
2599672138,24,23,504.8921,118.5583,1
2599677140,24,23,504.9911,118.313,1
2599682148,24,23,504.625,118.7415,1
2599687141,24,23,505.0375,118.6406,1
2599692141,24,23,504.7915,119.2926,1
2599697137,24,23,504.8157,119.7341,1
2599702140,24,23,504.9561,120.4434,1
2599707138,24,23,504.8943,119.6721,1
2599712141,24,23,504.4719,120.3948,1
2599717140,24,23,503.8179,120.802,1
2599722144,24,23,503.5257,120.932,1
2599727144,24,23,503.4625,121.0648,1
2599732141,24,23,503.9938,120.1715,1
2599737139,24,23,504.5079,119.2383,1
2599742139,24,23,504.9804,118.8542,1
2599747140,24,23,505.2929,119.4007,1
2599752139,24,23,506.4078,119.9511,1
2599757141,24,23,507.0101,120.4761,1
2599762149,24,23,507.2906,121.0199,1
2599767145,24,23,507.0235,121.3631,1
2599772140,24,23,507.4153,120.5867,1
2599777140,24,23,508.3451,120.1644,1
2599782140,24,23,508.6707,119.8325,1
2599787139,24,23,509.4071,119.9639,1
2599792139,24,23,509.7676,120.2527,1
2599797138,24,23,509.5576,120.3766,1
2599802140,24,23,509.8648,120.3845,1
2599807146,24,23,510.0022,120.4826,1
2599812138,24,23,510.7134,120.2824,1
2599817138,24,23,511.3708,120.0985,1
2599822140,24,23,511.8138,119.2327,1
2599827139,24,23,512.5665,117.8574,1
2599832139,24,23,512.949,117.2242,1
2599837137,24,23,513.0427,116.768,1
2599842140,24,23,513.0785,117.3335,1
2599847144,24,23,513.4968,118.6199,1
2599852138,24,23,513.9552,118.9094,1
2599857139,24,23,514.2386,118.4376,1
2599862138,24,23,514.5022,118.6923,1
2599867140,24,23,514.8419,118.1206,1
2599872138,24,23,516.0579,118.1004,2
2599877140,24,23,527.3968,118.9236,2
2599882140,24,22,539.4155,120.1248,2
2599887147,24,22,546.9804,121.6107,2
2599892142,24,23,541.0626999999999,122.3394,3
2599897140,24,23,526.7216,120.7813,3
2599902139,24,23,522.3484,119.6313,3
2599907139,24,23,523.3677,120.2047,3
2599912138,24,22,525.5105,121.2204,3
2599917142,24,22,528.1618999999999,122.5216,3
2599922140,24,22,529.3305,122.4512,3
2599927139,24,22,529.9065000000001,122.5093,1
2599932148,24,23,529.8881,122.4039,1
2599937139,24,23,529.6061999999999,121.8705,1
2599942140,24,23,528.9304,122.2388,1
2599947138,24,23,529.4386,121.5286,1
2599952138,24,23,530.1428,121.8365,1
2599957139,24,23,530.6314,121.9258,1
2599962138,24,23,531.1174,122.3838,1
2599967138,24,23,531.0543,122.7601,1
2599972146,24,23,531.4974,122.6182,1
2599977138,24,23,531.8027,123.0029,1
2599982140,24,23,531.9652,122.7632,1
2599987136,24,23,531.5605,122.3737,1
2599992138,24,23,530.8142,122.3044,1
2599997138,24,23,529.9325,121.4619,1
2600002138,24,23,529.1550999999999,121.0577,1
2600007140,24,23,528.5838,121.1882,1
2600012146,24,23,528.1532999999999,120.5774,1
2600017140,24,23,527.4463,120.6896,1
2600022139,24,23,527.0067,120.9112,1
2600027138,24,23,526.9218,121.3806,1
2600032138,24,23,526.3087,121.2955,1
2600037139,24,23,525.96,120.8439,1
2600042142,24,23,525.8029,120.1597,1
2600047138,24,23,526.1978,119.8445,1
2600052139,24,23,526.6952,120.0292,1
2600057146,24,23,526.4508,119.5475,1
2600062138,24,23,526.4529,119.6331,1
2600067139,24,24,526.6672,119.4315,1
2600072139,24,23,526.4571999999999,118.9198,1
2600077138,24,24,526.4438,118.4733,1
2600082138,24,23,526.2199000000001,117.9671,1
2600087139,24,24,526.4342,118.1746,1
2600092137,24,22,526.1025,118.7301,1
2600097145,24,24,525.9425,118.8238,1
2600102136,24,23,526.231,119.3714,1
2600107138,24,24,527.0529,119.6419,1
2600112139,24,23,527.8678,120.5541,1
2600117139,24,24,529.3661,120.439,1
2600122139,24,24,530.2664,120.451,1
2600127138,24,23,530.8407,121.9911,1
2600132138,24,24,531.4834,122.015,1
2600137140,24,24,532.3874,122.4518,1
2600142141,24,24,533.1146,122.3069,1
2600147139,24,24,533.737,122.6561,1
2600152140,24,24,534.717,123.6326,1
2600157137,24,24,535.1562,124.3397,1
2600162139,24,24,535.9644,125.1983,1
2600167141,24,24,537.6518,125.853,1
2600172138,25,24,536.8056,125.8065,2
2600177139,24,24,526.1893,126.5937,2
2600182143,25,24,531.6019,127.2401,2
2600187138,25,24,538.2463,127.9909,3
2600192137,25,24,542.3425,128.6747,3
2600197138,25,24,541.5418,128.3881,3
2600202137,25,24,540.0664,127.3757,1
2600207135,25,24,538.7045000000001,127.2322,1
2600212139,25,24,537.7238,126.7166,1
2600217137,25,24,537.3579999999999,126.5326,1
2600222143,25,24,537.923,126.1385,1
2600227140,25,24,537.7619999999999,125.9096,1
2600232137,25,24,538.6198000000001,125.2286,1
2600237138,25,24,538.8398999999999,125.3203,1
2600242135,25,24,538.3586,125.0596,1
2600247137,25,24,537.9674,125.1896,1
2600252137,25,24,537.4378,126.1934,1
2600257135,25,24,537.0463,125.9867,1
2600262148,25,24,537.0414,126.2416,1
2600267145,25,24,536.0335,125.4112,1
2600272138,25,24,535.6561,125.2353,1
2600277138,25,24,535.6097,124.6211,1
2600282137,25,24,535.3448,124.9385,1
2600287138,25,24,535.0381,125.1792,1
2600292140,25,24,534.9048,125.7431,1
2600297138,25,24,534.8733999999999,125.6719,1
2600302149,25,24,534.4665,125.3936,1
2600307142,25,24,533.8131,125.5779,1
2600312137,25,24,533.6537,126.2465,1
2600317137,25,24,532.7712,126.4717,1
2600322139,25,24,532.1493,126.1517,1
2600327138,25,24,531.3114,126.4806,1
2600332138,25,24,531.0764,127.1962,1
2600337137,25,24,530.8239,127.8156,1
2600342137,25,24,530.9577,127.7267,1
2600347147,25,24,530.7217000000001,127.4518,1
2600352140,25,24,530.1345,127.3671,1
2600357137,25,24,529.4853000000001,127.4302,1
2600362138,25,24,529.0051999999999,128.305,1
2600367138,25,24,528.9400000000001,128.2628,1
2600372137,25,24,529.26,127.0875,1
2600377139,25,24,529.4114,127.4082,1
2600382139,25,24,529.6415,127.4562,1
2600387146,25,24,529.6766,127.1552,1
2600392141,25,24,529.7518,126.8834,1
2600397138,25,24,529.587,126.5618,1
2600402137,25,24,529.5239,126.6107,1
2600407138,25,24,529.8731,126.7587,1
2600412138,25,24,529.7155,126.8685,1
2600417138,25,24,529.8932,126.8007,1
2600422135,25,24,529.5775,126.3862,1
2600427148,25,24,529.6471,126.1484,1
2600432146,25,24,529.2182,127.0365,1
2600437137,25,24,529.1915,127.1078,1
2600442138,25,24,529.5359,127.3512,1
2600447134,25,24,529.8298,126.6434,1
2600452138,25,24,530.0830999999999,125.9682,1
2600457136,25,24,530.2933,125.7379,1
2600462136,25,24,530.4477000000001,125.5736,1
2600467137,25,24,530.9707,124.955,1
2600472144,25,24,531.3293,125.1226,1
2600477138,25,24,531.8621000000001,124.7622,1
2600482136,25,24,532.8763,124.82,1
2600487136,25,24,533.971,124.9563,1
2600492137,25,24,534.6854,124.6752,1
2600497136,25,24,534.9882,124.5925,1
2600502137,25,24,535.5952,124.6167,1
2600507138,25,24,536.4301,124.6122,1
2600512138,25,24,536.7021,124.8586,1
2600517140,25,24,537.2429,125.2993,1
2600522138,25,24,537.1088999999999,125.9753,1
2600527138,25,24,536.8533,125.946,1
2600532137,25,24,536.432,125.68,1
2600537137,25,24,535.8614,126.2557,1
2600542136,25,24,535.9003,126.5341,1
2600547137,25,24,535.3440000000001,126.5614,1
2600552147,25,24,534.6803,126.3944,1
2600557137,25,24,533.8289,126.5281,1
2600562136,25,24,532.8174,126.7381,1
2600567136,25,24,531.8943,126.7153,1
2600572144,25,24,532.1069,126.5159,1
2600577137,25,24,531.7833000000001,126.957,1
2600582138,25,24,531.5965,126.6991,1
2600587136,25,24,531.9395,126.3534,1
2600592137,25,24,531.4256,126.699,1
2600597141,25,24,531.3051,125.9008,1
2600602138,25,24,531.4837,125.4562,1
2600607136,25,24,531.7257,125.4513,1
2600612136,25,24,531.5441,125.3967,1
2600617138,25,24,531.2551,125.5903,1
2600622136,25,24,530.8798,125.7854,1
2600627136,25,24,530.9838999999999,125.9597,1
2600632138,25,24,530.8165,127.0178,1
2600637144,25,24,530.7655,127.426,1
2600642140,24,24,528.53,127.4852,1
2600647137,24,24,529.0044,127.6028,1
2600652138,24,24,527.3606,128.465,1
2600657138,24,24,526.0116,128.3985,1
2600662138,25,24,527.6793,128.3072,2
2600667137,25,24,532.4258,127.8579,2
2600672138,24,23,552.0861,126.095,2
2600677146,25,24,569.0762999999999,123.1597,2
2600682145,25,24,565.8155,121.6554,3
2600687136,24,24,544.5216,121.4438,3
2600692135,24,24,538.2798,120.8901,3
2600697135,24,24,539.3896,121.7134,3
2600702136,24,24,541.0785,122.2824,1
2600707137,24,24,542.721,122.3348,1
2600712135,24,24,543.4551,122.2868,1
2600717137,25,24,543.8967,121.6567,1
2600722141,24,24,543.6799999999999,121.4849,1
2600727135,24,24,542.9962,121.8538,1
2600732137,24,24,541.5004,123.2079,1
2600737134,24,24,540.619,124.2889,1
2600742136,25,24,539.9567,125.1264,1
2600747135,25,24,540.9538,125.4326,1
2600752134,25,24,541.4765,125.4204,1
2600757137,25,24,541.8367,125.9752,1
2600762146,25,24,542.1627999999999,126.7071,1
2600767143,25,24,542.9201,126.7186,1
2600772137,25,24,543.8271999999999,126.5023,1
2600777135,25,24,544.4149,126.8035,1
2600782135,25,24,544.6153,126.7252,1
2600787137,25,24,545.2496,126.5747,1
2600792135,25,24,546.1698,126.1814,1
2600797136,25,24,546.7162,125.6665,1
2600802145,25,24,547.3795,125.6831,1
2600807144,25,24,548.425,125.6488,1
2600812138,25,24,549.2326,125.5242,1
2600817137,25,24,550.2802,125.7133,1
2600822136,25,24,550.8992,125.5738,1
2600827137,24,24,551.6434,125.847,1
2600832137,25,24,552.3795,125.4445,1
2600837134,24,24,552.818,125.2943,1
2600842134,25,24,553.329,125.2998,1
2600847145,25,24,554.3243,125.2892,1
2600852136,25,24,555.0077,125.4196,1
2600857135,25,24,555.0183,125.2817,1
2600862135,24,24,554.9186,125.88,1
2600867135,25,24,554.7912,126.5439,1
2600872136,24,24,555.5204,127.1452,1
2600877137,24,24,555.8292,126.7587,1
2600882134,25,24,555.6338,126.6401,1
2600887143,24,24,555.6069,126.6033,1
2600892141,24,24,555.383,126.3929,1
2600897136,25,24,555.3476000000001,125.4743,1
2600902136,24,24,555.7743,124.8404,1
2600907136,25,24,555.8921,124.2574,1
2600912136,25,24,555.6070999999999,124.3579,1
2600917135,24,24,555.8344,124.3812,1
2600922136,24,23,556.0949000000001,124.0006,1
2600927143,24,24,557.0315000000001,123.8153,1
2600932143,24,24,558.0685999999999,124.2734,1
2600937137,24,24,558.5337,125.0656,1
2600942136,24,24,559.2366,125.2091,1
2600947136,24,24,559.4897999999999,125.631,1
2600952136,25,24,559.7068,125.7575,1
2600957133,24,24,560.2969000000001,125.9337,1
2600962137,24,24,560.7895,126.4012,1
2600967136,24,24,560.9092000000001,126.787,1
2600972143,24,24,561.1686999999999,126.83,1
2600977133,24,24,561.4215,126.7366,1
2600982134,24,24,561.3314,127.1116,1
2600987136,24,24,561.0256000000001,127.6171,1
2600992131,24,24,560.7613,126.75,1
2600997134,25,24,560.1597,126.5996,1
2601002136,24,24,560.0746,126.3824,1
2601007135,25,24,559.6984,125.7944,1
2601012142,24,24,559.1527,125.6647,1
2601017138,25,24,558.3558,126.0947,1
2601022136,25,24,557.7641,126.2707,1
2601027134,25,24,556.6292999999999,126.3657,1
2601032134,25,24,556.1697,126.2577,1
2601037134,25,24,555.8147,126.7452,1
2601042135,25,24,555.2257,127.6234,1
2601047136,25,24,554.9315,127.9683,1
2601052140,25,24,554.1943,128.5789,1
2601057143,25,24,553.7854,127.7509,1
2601062136,25,24,554.1495,127.3192,1
2601067135,25,24,554.2545,126.8935,1
2601072135,25,24,554.1028,126.4152,1
2601077136,25,24,553.6602,126.5724,1
2601082135,25,24,553.8977,126.4352,1
2601087134,25,24,554.0025000000001,125.8542,1
2601092136,25,24,554.7206,126.0798,1
2601097140,25,24,555.1251,126.1768,1
2601102135,25,24,555.4713,125.6697,1
2601107135,25,24,556.1403,124.8331,1
2601112135,25,24,556.4053,124.6928,1
2601117133,25,24,556.6181,124.2112,1
2601122133,25,24,556.6656,123.4413,1
2601127134,25,24,556.4364,123.9164,1
2601132133,25,24,556.0228,124.1448,1
2601137146,25,24,555.5231,124.2597,1
2601142136,25,24,555.3704,124.215,1
2601147136,25,24,555.4567,123.9129,1
2601152133,25,24,555.9982,123.6642,1
2601157135,24,24,556.5017,123.1863,1
2601162135,25,24,556.6392,123.0099,1
2601167136,25,24,557.0216,123.287,1
2601172132,24,24,556.9807,123.2917,1
2601177139,24,24,557.4554000000001,123.8387,1
2601182141,24,24,558.6438000000001,124.1003,1
2601187135,24,24,559.9429,124.0073,1
2601192135,24,24,560.1948,123.6661,1
2601197131,25,24,560.4888,123.2183,1
2601202135,24,24,559.7948,122.9281,1
2601207132,24,24,559.3557,122.8457,1
2601212135,24,24,557.8951,122.6467,1
2601217135,24,24,556.2468,122.1586,1
2601222139,24,24,554.1823000000001,122.0184,1
2601227135,24,24,552.1644,122.2451,1
2601232134,24,24,550.8150000000001,123.0968,1
2601237134,24,24,549.3487,123.4912,1
2601242134,24,24,547.7211,124.0792,1
2601247135,24,24,546.9977,123.8042,1
2601252134,24,24,546.3628,123.9184,1
2601257132,24,24,545.8788,124.8369,1
2601262135,24,23,545.7895,125.009,1
2601267135,24,24,545.4012,125.3354,1
2601272135,24,24,545.009,124.4158,1
2601277135,24,24,544.8981,124.2282,1
2601282135,24,24,545.112,124.1871,1
2601287133,24,24,547.7714,123.9991,1
2601292133,24,24,549.4931,123.7719,1
2601297133,24,24,550.3784000000001,124.3433,1
2601302137,24,24,548.889,124.8969,1
2601307141,24,24,548.0072,125.6781,1
2601312133,24,24,547.5592,125.7214,1
2601317136,25,24,548.1605,125.2177,2
2601322134,24,24,570.4776000000001,126.1243,2
2601327134,25,23,636.3287,143.709,2
2601332134,24,23,737.7617,174.4578,2
2601337131,24,24,797.9896,221.3886,2
2601342133,24,24,827.481,248.9651,2
2601347141,24,24,886.6879,272.8718,2
2601352133,24,24,891.7426,287.9335,2
2601357134,23,24,897.2388,313.6685,2
2601362133,23,24,894.8376,327.1941,2
2601367133,24,24,893.4039,311.3119,3
2601372133,24,25,891.3262999999999,291.5535,3
2601377133,23,25,890.6544,295.6515,3
2601382134,23,24,897.8373,318.1933,3
2601387141,23,24,905.7865,326.5866,3
2601392139,23,24,904.6588,327.0498,3
2601397133,23,24,902.4252,325.2729,3
2601402134,23,24,899.1574000000001,322.7759,3
2601407134,23,24,895.0401000000001,320.8732,3
2601412133,23,24,891.9681,319.9592,3
2601417134,23,24,888.1117,320.1893,3
2601422134,23,24,881.0207,320.8127,3
2601427135,23,24,875.5217,321.5747,3
2601432140,24,24,874.3316,320.3287,3
2601437133,24,24,873.1573,319.8057,1
2601442134,24,24,872.1873000000001,319.3739,1
2601447134,24,24,871.5852,319.2564,1
2601452130,24,24,872.8176,319.1211,1
2601457134,24,24,871.3563,319.5319,1
2601462134,24,24,872.9109,319.6366,1
2601467134,24,24,871.099,320.3771,1
2601472140,24,24,871.8304000000001,320.5043,1
2601477134,24,24,870.4272,320.5915,1
2601482134,24,24,871.1497000000001,320.3443,1
2601487130,24,24,870.855,320.2568,1
2601492132,24,24,870.6926,319.734,1
2601497131,24,24,867.8955999999999,320.469,1
2601502130,24,24,868.8309,320.6163,1
2601507134,24,24,869.1659,320.1793,1
2601512139,24,24,866.4521999999999,320.7088,1
2601517135,24,24,867.1634,321.112,1
2601522133,24,24,865.419,321.3945,1
2601527132,24,24,863.7504,321.9637,1
2601532132,24,24,863.1135,322.0818,1
2601537134,24,24,862.4498,322.334,1
2601542133,24,24,862.2716,323.0608,1
2601547134,24,24,862.1091,322.9784,1
2601552136,24,24,861.7227,322.7276,1
2601557141,24,24,861.223,323.0092,1
2601562134,24,24,860.581,322.8057,1
2601567132,24,24,859.8238,323.1895,1
2601572135,24,24,858.9768,323.8286,1
2601577133,24,24,859.0157,324.1728,1
2601582132,24,24,858.6538,324.0363,1
2601587132,24,24,858.3533,323.8532,1
2601592132,24,24,858.3175,323.6504,1
2601597139,24,24,858.0734,323.6643,1
2601602133,24,24,857.9701,323.61,1
2601607132,24,24,857.9703,323.5146,1
2601612133,24,24,857.8308,323.1751,1
2601617132,24,24,857.8108999999999,322.8886,1
2601622134,24,24,857.8365,322.753,1
2601627133,24,24,857.4212,322.7942,1
2601632132,24,24,859.5326,322.8827,1
2601637138,24,24,858.7609,323.2699,1
2601642135,24,24,858.4742,323.6244,1
2601647132,24,25,860.7464,322.2424,1
2601652133,24,25,862.2576,321.1326,1
2601657132,24,24,863.2574,320.2674,1
2601662132,24,24,863.3578,320.1597,1
2601667133,24,25,863.3371,320.7394,1
2601672133,24,25,863.4751,320.5535,1
2601677137,24,25,863.4262,319.6334,1
2601682133,24,25,863.5839999999999,319.4107,1
2601687133,24,25,864.0854,319.532,1
2601692132,24,25,864.5116,319.6701,1
2601697131,24,25,864.4364,319.6815,2
2601702132,24,25,860.7189,318.2076,2
2601707132,23,25,848.1966,312.0165,2
2601712133,24,25,783.8853,304.5316,2
2601717131,24,25,723.3839,308.8132,2
2601722143,24,25,671.1884,345.6779,2
2601727133,24,25,641.9661,376.251,2
2601732130,24,25,608.1389,382.7927,2
2601737133,25,25,611.2097,387.3491,3
2601742131,25,25,629.4919,379.7418,3
2601747131,24,25,654.016,358.6614,3
2601752133,24,25,651.5416,354.151,3
2601757132,24,25,640.0978,356.2278,3
2601762140,24,25,631.4954,367.3108,3
2601767134,25,25,627.6943,372.9879,3
2601772133,24,25,626.5114,371.0909,1
2601777132,24,25,625.4930000000001,370.1548,1
2601782133,24,25,623.3862,368.3147,1
2601787132,24,25,620.5139,367.4908,1
2601792132,24,25,619.1102,367.7915,1
2601797133,24,25,620.5187,367.5214,1
2601802135,24,25,622.2771,368.5728,1
2601807138,24,25,624.0925999999999,368.97,1
2601812131,24,25,625.2477,369.324,1
2601817130,24,25,626.4852,369.0345,1
2601822132,24,25,627.7195,368.62,1
2601827133,24,25,629.2714999999999,367.9559,1
2601832131,24,24,630.7628,366.7012,1
2601837132,24,24,632.0505000000001,365.9547,1
2601842132,24,25,633.2858,364.9002,1
2601847139,24,24,634.1356,364.7324,1
2601852132,24,24,634.6556,364.3944,1
2601857133,24,24,636.1018,364.7861,1
2601862133,24,24,636.8191,365.2264,1
2601867131,24,24,637.2586,364.9846,1
2601872132,24,24,637.8742999999999,364.7977,1
2601877131,24,24,638.7627,364.711,1
2601882133,24,24,639.8506,364.6163,1
2601887138,24,24,640.9622000000001,364.4854,1
2601892133,24,24,641.7243,364.025,1
2601897131,24,24,642.029,363.4696,1
2601902131,24,24,642.35,362.5664,1
2601907131,24,24,642.5481,361.7543,1
2601912131,24,24,643.2944,361.963,1
2601917132,24,24,644.2694,361.9023,1
2601922130,24,24,644.5045,362.3172,1
2601927144,24,24,644.6292,362.1638,1
2601932138,24,24,644.7018,361.8141,1
2601937131,24,24,643.8453,361.6873,1
2601942132,24,24,643.3937,361.5351,1
2601947130,24,24,643.0373,362.2626,1
2601952132,24,24,642.6875,362.385,1
2601957129,24,24,642.0797,362.4138,1
2601962131,24,24,641.4497,362.479,1
2601967131,24,24,640.4189,362.3113,1
2601972138,24,24,639.4674,361.8065,1
2601977132,24,24,638.351,362.2031,1
2601982132,24,24,636.758,362.8095,1
2601987130,24,24,634.0069999999999,361.741,2
2601992132,24,24,632.073,366.0073,2
2601997131,24,24,574.2296,384.0667,2
2602002132,24,24,559.5474,399.8833,2
2602007133,24,24,555.4876,416.4649,2
2602012139,24,24,574.6675,418.9342,3
2602017134,25,24,584.7046,413.4385,3
2602022130,24,24,586.6834,397.2351,3
2602027132,24,24,582.3824,394.1757,3
2602032132,24,24,578.5795000000001,399.2605,3
2602037130,24,24,575.9007,407.0775,3
2602042130,24,24,575.1296,409.7722,3
2602047131,24,24,575.2876,409.3967,1
2602052141,24,24,576.245,408.023,1
2602057136,24,24,578.0608999999999,407.3904,1
2602062130,24,24,579.9483,406.6367,1
2602067130,24,24,580.7803,407.2357,1
2602072129,24,24,581.6208,407.0196,1
2602077131,24,24,582.3886,406.2569,1
2602082130,24,24,583.4166,406.4561,1
2602087130,24,24,584.7189,406.3104,1
2602092130,24,24,585.7043,406.6257,1
2602097136,24,24,586.9882,406.9105,1
2602102130,25,24,587.6784,407.1495,1
2602107129,25,24,588.6492,406.9277,1
2602112129,25,24,589.3049,406.3711,1
2602117131,25,24,590.0209,405.7948,1
2602122130,25,24,591.5302,405.079,1
2602127132,25,24,592.8594000000001,404.9702,1
2602132131,25,24,593.5184,404.8819,1
2602137141,25,24,593.9979,404.8254,1
2602142132,25,24,594.6771,405.2092,1
2602147132,25,24,596.0148,404.9574,1
2602152132,25,24,596.8199,405.1798,1
2602157130,25,24,597.3592,405.1271,1
2602162132,25,24,597.582,404.5402,1
2602167129,25,24,597.0203,404.6476,1
2602172130,25,24,596.3821,404.8061,1
2602177139,25,24,595.103,405.2681,1
2602182135,25,25,593.6746000000001,404.6033,1
2602187131,25,24,592.5452,405.0663,1
2602192131,25,25,591.0635,404.9831,1
2602197130,25,25,590.8756,404.6396,1
2602202130,25,25,590.9623,404.3707,1
2602207136,25,25,590.3641,404.424,1
2602212130,25,25,589.4269,404.4572,2
2602217130,25,25,595.7956,404.2928,2
2602222136,24,25,571.5872000000001,403.7499,2
2602227132,25,25,529.7705999999999,403.5522,2
2602232131,25,25,484.806,400.2433,2
2602237129,25,25,467.4165,398.1713,2
2602242129,25,25,474.9258,397.3327,2
2602247128,25,25,472.2882,397.0926,2
2602252128,25,25,471.6941,397.4485,3
2602257132,25,25,474.2359,397.7684,3
2602262139,25,25,478.3173,398.8141,3
2602267131,25,25,479.6552,398.8254,3
2602272129,25,25,477.7063,397.6988,1
2602277130,25,25,476.6713,397.2651,1
2602282129,25,25,475.7751,397.203,1
2602287130,25,25,475.9743,398.1414,1
2602292131,25,25,477.3867,398.3475,1
2602297130,25,25,478.9795,397.945,1
2602302137,25,24,480.7585,397.6736,1
2602307133,25,25,482.0772,397.2271,1
2602312129,25,25,482.2397,397.1145,1
2602317131,25,25,482.8073,397.1724,1
2602322132,25,25,483.2091,397.1999,1
2602327129,25,25,483.5712,397.5425,1
2602332134,25,25,484.085,397.8188,1
2602337129,25,25,484.1313,398.0371,1
2602342127,25,24,484.3336,398.4288,1
2602347137,25,24,484.3098,398.2068,1
2602352128,25,24,484.0795,398.2266,1
2602357130,25,25,483.7545,398.6261,1
2602362129,25,24,482.8928,399.4102,1
2602367129,25,24,481.966,399.6134,1
2602372130,25,24,480.3455,399.8459,1
2602377130,25,24,478.7497,399.8662,1
2602382129,25,25,477.7571,400.019,1
2602387129,25,24,476.9678,400.4901,1
2602392128,25,25,476.711,400.4424,1
2602397129,25,24,476.4883,400.8366,1
2602402130,25,24,476.7855,400.6948,1
2602407129,25,24,477.3552,399.8261,1
2602412129,25,24,477.2253,399.2497,1
2602417130,25,24,478.0715,398.6789,1
2602422129,25,24,478.9463,398.2906,1
2602427137,25,24,479.9073,398.0626,1
2602432131,25,24,481.2585,398.0422,1
2602437130,25,24,482.3966,396.8354,1
2602442131,25,24,482.9413,395.9247,1
2602447129,25,24,483.2964,395.5367,1
2602452129,24,24,483.1956,394.5023,1
2602457131,24,24,481.9477,393.4603,2
2602462130,25,23,455.4863,396.044,2
2602467131,24,24,419.4167,403.1405,2
2602472135,24,24,404.8338,411.6256,2
2602477130,24,24,403.1233,415.8665,2
2602482127,24,24,420.5292,413.3082,3
2602487129,25,24,435.0574,406.5799,3
2602492128,24,24,433.1373,404.1663,3
2602497129,24,24,427.2379,404.3428,3
2602502129,24,24,419.5225,406.3192,3
2602507129,24,24,417.7836,408.4807,3
2602512135,24,24,416.5361,409.0968,1
2602517130,24,24,415.824,408.8167,1
2602522128,24,24,415.7733,408.2054,1
2602527129,24,24,416.4745,407.9948,1
2602532131,24,24,417.0458,407.5014,1
2602537130,24,24,417.4551,406.8665,1
2602542128,24,24,416.5852,407.1803,1
2602547129,24,24,416.1328,407.5677,1
2602552139,24,24,415.6988,407.802,1
2602557135,24,24,415.6507,407.1169,1
2602562129,24,24,415.7767,406.463,1
2602567130,24,24,415.9478,406.2093,1
2602572127,24,24,416.0165,406.0966,1
2602577129,24,24,415.6106,406.594,1
2602582132,24,24,415.2977,406.9143,1
2602587128,24,24,414.9791,406.4764,1
2602592140,24,24,415.8303,406.0358,1
2602597131,24,24,416.454,405.2131,1
2602602128,24,24,416.5418,404.3353,1
2602607129,24,24,417.2186,404.1488,1
2602612129,24,24,416.9232,404.4783,1
2602617129,24,24,417.1941,404.1338,1
2602622128,24,24,417.2893,403.9871,1
2602627128,24,24,416.9548,404.2256,1
2602632129,24,24,417.1565,403.4182,1
2602637138,24,24,418.0474,403.112,1
2602642130,24,24,418.7397,403.3078,1
2602647128,24,24,419.4705,403.3381,1
2602652129,24,24,420.3352,402.8806,1
2602657129,24,24,419.3477,403.1101,1
2602662128,24,24,418.9463,403.4335,1
2602667128,23,24,418.7371,403.7306,1
2602672127,23,24,419.0494,404.1629,1
2602677137,24,24,420.2979,403.3437,1
2602682132,24,24,420.6422,402.928,1
2602687128,24,23,421.25,402.3926,1
2602692129,23,24,420.8384,402.2029,1
2602697127,23,24,420.6686,402.681,1
2602702129,23,24,420.7708,403.677,1
2602707129,23,23,421.0089,403.751,1
2602712128,23,24,421.2459,403.1715,1
2602717139,23,23,421.1436,403.5488,1
2602722137,23,23,421.9953,403.8543,2
2602727129,24,23,435.6582,376.8064,2
2602732128,24,23,461.1995,331.7405,2
2602737129,24,23,470.3875,307.3892,2
2602742129,24,23,470.6451,310.6691,3
2602747128,24,23,469.1212,319.0146,3
2602752128,24,24,470.1819,324.3185,3
2602757128,24,23,470.198,323.7598,1
2602762134,24,23,469.8709,323.0618,1
2602767128,24,23,469.2341,320.5548,1
2602772127,24,23,469.684,318.4987,1
2602777129,24,23,471.7174,316.4139,1
2602782127,24,23,473.2383,315.1367,1
2602787128,24,23,475.1262,314.231,1
2602792129,24,23,475.5986,314.7356,1
2602797128,24,23,475.2969,315.1162,1
2602802131,23,23,474.7796,315.5159,1
2602807128,23,23,474.3398,316.0888,1
2602812126,23,23,474.8865,316.3541,1
2602817129,23,23,475.3399,316.2636,1
2602822129,23,23,476.1086,316.5286,1
2602827127,23,23,476.7004,316.8365,1
2602832128,23,23,477.3904,316.913,1
2602837125,23,23,478.2363,316.939,1
2602842139,23,23,478.8819,316.8532,1
2602847134,23,23,479.7582,316.0662,1
2602852128,23,23,481.0678,315.4039,1
2602857127,23,23,482.0901,315.2679,1
2602862127,23,23,482.6334,316.0596,1
2602867128,23,23,483.9645,316.3346,1
2602872128,23,23,484.3239,316.2912,1
2602877128,23,23,484.949,316.5604,1
2602882126,23,23,485.4217,316.6797,1
2602887133,23,23,486.0331,316.7266,1
2602892129,23,23,485.7396,316.4883,1
2602897129,23,23,485.2866,316.2254,1
2602902127,23,23,484.8573,316.0257,1
2602907127,23,23,484.4436,316.5368,1
2602912127,23,23,484.8588,316.697,1
2602917127,23,23,484.8678,316.9391,1
2602922128,23,23,484.7596,317.4145,1
2602927136,23,23,484.7053,317.8415,1
2602932131,23,23,484.2596,318.1365,1
2602937126,23,23,484.7434,318.044,1
2602942128,23,23,484.8524,317.5721,1
2602947127,23,23,485.2494,317.7559,1
2602952126,23,23,485.6408,317.9675,1
2602957129,23,23,485.4345,318.2939,1
2602962128,23,23,485.1495,318.7047,1
2602967137,23,23,485.0027,318.5647,1
2602972134,23,23,485.0788,319.0566,1
2602977126,23,23,485.4165,318.6604,1
2602982128,23,23,485.1363,318.8747,1
2602987126,23,23,484.9363,318.2624,1
2602992126,23,23,484.5925,317.1795,1
2602997127,23,23,483.9096,316.9948,1
2603002126,23,22,483.2378,316.8759,1
2603007127,23,23,482.1318,316.5706,1
2603012133,23,23,481.6492,316.8995,1
2603017128,23,23,480.5442,316.9858,1
2603022128,23,22,478.4582,317.5869,1
2603027128,23,23,476.7547,317.4486,1
2603032128,24,22,476.8956,316.9416,1
2603037128,24,23,476.373,316.4873,1
2603042127,23,23,474.9834,316.2688,1
2603047128,23,22,473.7041,316.8473,1
2603052133,24,23,473.759,316.7502,1
2603057134,23,22,472.9677,316.5373,1
2603062127,24,23,473.1414,316.4468,1
2603067128,24,23,474.0517,316.0695,1
2603072127,23,23,473.6219,316.4013,1
2603077127,23,23,473.4596,316.9321,1
2603082127,24,23,473.7446,316.9796,1
2603087127,24,22,475.1822,317.0407,1
2603092124,24,23,476.0598,317.0971,1
2603097134,24,22,476.9434,317.4611,1
2603102125,24,23,477.7486,317.786,1
2603107126,24,23,478.8122,318.0461,1
2603112128,23,22,478.5697,318.3758,1
2603117127,23,23,478.6976,318.941,1
2603122127,23,22,478.4756,318.7637,1
2603127128,24,23,480.0862,318.1215,1
2603132128,23,23,480.1586,317.3613,1
2603137138,23,23,479.8246,317.8872,1
2603142130,23,23,480.4074,318.1483,1
2603147126,23,23,480.1438,318.3571,1
2603152127,23,23,480.17,318.1837,1
2603157127,23,23,480.3314,317.6634,1
2603162128,23,23,480.5313,317.7777,1
2603167127,23,23,480.6977,317.9646,1
2603172126,23,23,481.3112,318.7755,1
2603177134,23,23,481.7689,318.6128,1
2603182132,23,23,481.9373,318.3023,1
2603187127,23,23,482.5695,318.566,1
2603192127,23,23,482.6036,318.344,1
2603197126,23,23,483.0476,318.1748,1
2603202126,23,23,483.1724,318.1061,1
2603207123,23,23,483.4738,318.1342,1
2603212127,23,23,483.9682,318.4828,1
2603217135,23,23,484.1403,318.554,1
2603222133,23,23,484.1867,318.7673,1
2603227126,23,23,484.2315,318.7436,1
2603232125,23,23,484.0072,318.3302,1
2603237126,24,23,485.5455,317.659,1
2603242125,23,23,485.5447,317.5536,1
2603247127,24,23,486.8495,317.612,1
2603252126,24,23,487.3654,317.4697,1
2603257127,24,23,487.3881,317.153,1
2603262134,24,23,487.0523,317.1325,1
2603267130,24,23,486.7733,316.8092,1
2603272127,24,23,487.0567,316.5107,1
2603277127,24,23,487.2375,316.2291,1
2603282127,24,23,487.36,315.4243,1
2603287126,24,23,487.7338,314.966,1
2603292127,24,23,487.5323,314.9155,1
2603297125,24,23,487.8217,314.5125,1
2603302131,24,23,487.5159,314.7462,1
2603307130,24,23,487.3811,314.6048,1
2603312127,24,23,486.6966,314.7222,2
2603317127,24,23,483.806,314.7328,2
2603322126,24,23,530.9582,316.5602,2
2603327126,24,23,594.3881,315.1394,2
2603332127,24,23,676.8957,305.7241,2
2603337125,23,23,734.0403,301.5877,2
2603342133,23,23,727.4653,302.428,2
2603347133,24,23,757.0737,307.9911,2
2603352127,23,23,754.6573,308.799,3
2603357127,23,23,748.3849,307.2566,3
2603362126,23,23,732.407,306.9506,3
2603367126,23,23,726.0753,307.2319,3
2603372128,23,23,733.8367,308.9179,3
2603377126,23,23,743.9057,310.2798,3
2603382127,24,23,751.8866,310.1143,3
2603387133,23,23,747.8674999999999,310.1935,3
2603392127,23,23,744.8404,309.9159,3
2603397126,23,23,740.8573,310.0886,3
2603402126,23,23,738.7542999999999,310.7405,3
2603407125,23,23,737.6931,311.6844,1
2603412126,23,23,736.2128,312.669,1
2603417126,23,23,735.2828,313.0888,1
2603422125,23,23,734.5946,313.5296,1
2603427133,23,23,733.8086,313.5442,1
2603432127,23,23,733.8887999999999,313.586,1
2603437124,23,23,733.4703,314.4184,1
2603442125,23,23,733.5045,315.2663,1
2603447123,23,23,733.4355,315.9365,1
2603452126,23,23,733.0315000000001,315.9431,1
2603457123,23,23,733.0383,316.1467,1
2603462124,23,23,732.7285000000001,316.5575,1
2603467129,23,23,732.8732,317.1056,1
2603472132,24,23,735.5336,316.7074,1
2603477126,24,23,736.4934,316.1534,1
2603482125,24,23,737.7358,316.4252,1
2603487125,24,23,738.1793,316.7733,1
2603492126,24,23,738.6528,317.0751,1
2603497124,24,23,739.4021,317.8852,1
2603502125,24,23,739.5357,317.7654,1
2603507126,24,23,739.7547,317.7865,1
2603512125,24,23,739.8527,318.7605,1
2603517125,24,23,740.1944,319.041,1
2603522125,24,24,742.3854,319.0666,1
2603527125,24,23,741.5546000000001,318.7866,1
2603532126,24,23,743.3952,318.1444,1
2603537124,24,23,744.8409,317.9406,1
2603542125,24,23,745.4479,317.3032,1
2603547125,24,23,746.6653,317.1236,1
2603552134,24,23,746.8717,317.1596,1
2603557125,24,24,747.4872,317.318,1
2603562124,24,23,748.289,317.1391,1
2603567126,24,23,748.5148,316.8915,1
2603572123,24,23,748.9631000000001,316.4627,1
2603577124,24,23,749.28,316.6752,1
2603582125,24,23,749.8326,316.6104,1
2603587124,24,23,750.1472,316.5008,1
2603592128,24,23,750.1238,315.7534,1
2603597129,24,23,749.696,314.6488,1
2603602126,24,23,749.6878,314.1144,1
2603607124,24,23,749.4805,313.382,1
2603612124,24,23,749.428,312.8848,1
2603617126,24,23,749.6332,312.5546,1
2603622125,24,24,749.4687,313.2601,1
2603627125,24,24,749.4102,314.2422,1
2603632124,24,23,748.9144,314.9599,1
2603637135,24,24,748.7798,315.489,1
2603642125,24,24,748.4963,316.1876,1
2603647125,24,24,748.5327,317.0168,1
2603652125,24,24,748.2485,317.864,1
2603657124,24,24,747.3806,317.9862,1
2603662125,24,24,746.7708,318.2182,1
2603667124,24,24,746.6052,318.2328,1
2603672124,24,24,746.7178,318.3204,1
2603677133,24,24,746.4049,318.9096,1
2603682130,24,24,746.2496,318.9972,1
2603687125,24,24,746.0529,319.0144,1
2603692125,24,24,745.6695999999999,319.3922,1
