2642426973,0,0,0,0,5
2642431976,0,0,0,0,5
2642436976,0,0,0,0,5
2642441975,0,0,0,0,5
2642446974,0,0,0,0,5
2642451974,0,0,0,0,5
2642456972,0,0,0,0,5
2642461975,13,8,391.2721,711.3341,5
2642466975,13,11,361.9243,653.2208000000001,5
2642471972,13,14,361.8322,588.2676,5
2642476975,13,16,363.1474,513.2452,5
2642481980,19,17,457.3328,454.5889,5
2642486983,19,19,470.6796,407.546,5
2642491976,20,20,482.0383,375.2064,5
2642496976,20,19,489.0475,369.0074,5
2642501974,20,20,493.7628,369.5975,5
2642506976,20,20,497.3857,381.0712,5
2642511974,20,20,500.138,390.9306,5
2642516974,20,19,501.8114,393.8274,5
2642521985,19,19,503.9356,394.5225,5
2642526982,19,19,506.5457,394.7838,1
2642531976,19,19,508.4664,394.0566,1
2642536974,19,19,509.145,392.6151,1
2642541975,19,19,509.5195,391.8923,1
2642546975,19,19,509.2254,392.445,1
2642551974,19,20,507.6823,391.9388,1
2642556975,19,20,505.5292,390.3239,1
2642561972,19,20,503.2846,388.4969,1
2642566975,19,20,502.332,388.2547,1
2642571974,19,20,500.714,388.9534,1
2642576975,19,20,500.719,389.988,1
2642581975,19,20,500.0043,390.8206,1
2642586973,19,20,499.5141,391.861,1
2642591973,19,20,499.4097,392.5791,1
2642596975,19,20,499.9064,393.1246,1
2642601973,19,20,500.0518,393.5173,1
2642606975,19,20,499.7063,392.6351,1
2642611978,19,20,501.032,392.9881,1
2642616974,19,20,500.8173,393.7996,1
2642621974,19,20,501.7212,393.523,1
2642626973,19,20,502.6109,393.2236,1
2642631976,19,20,503.3725,392.9225,1
2642636975,20,20,504.9005,392.2903,1
2642641974,20,20,506.239,392.3969,1
2642646983,20,20,507.3246,392.7321,1
2642651983,20,20,507.9409,393.5417,1
2642656976,20,20,508.8553,393.0788,1
2642661975,20,20,510.0521,392.5007,1
2642666975,20,20,510.6481,392.4773,1
2642671975,20,20,510.9157,392.8942,2
2642676973,20,19,511.9951,373.6495,2
2642681975,20,19,479.7166,309.6466,2
2642686974,20,19,440.2961,229.8999,2
2642691975,20,20,417.7932,207.672,2
2642696974,20,20,409.7998,228.3022,2
2642701973,20,19,376.5613,265.0973,2
2642706974,20,20,371.9911,280.8256,2
2642711973,20,20,372.0775,278.783,3
2642716973,21,20,379.0295,265.6587,3
2642721974,20,20,383.9901,250.1779,3
2642726975,20,20,378.6111,242.7445,3
2642731980,21,19,368.6403,240.9572,3
2642736976,21,20,359.7529,245.3302,3
2642741972,21,20,355.5664,250.4965,3
2642746972,21,20,353.7381,252.6602,3
2642751973,20,20,352.4266,252.9376,3
2642756975,20,20,350.9557,252.4337,1
2642761974,20,20,349.7864,251.7791,1
2642766975,20,20,349.1321,251.2346,1
2642771980,20,20,349.2426,250.8539,1
2642776981,20,20,349.5032,249.7956,1
2642781974,20,20,349.8989,249.9564,1
2642786975,20,20,350.3736,249.9584,1
2642791972,20,20,350.7036,250.8885,1
2642796973,20,20,351.0896,252.0177,1
2642801973,20,20,351.2427,252.7491,1
2642806974,20,20,351.8461,253.5816,1
2642811975,20,20,351.8352,253.5853,1
2642816977,21,20,351.8422,254.0534,1
2642821974,21,20,352.3799,255.5824,1
2642826973,21,20,352.6863,256.1994,1
2642831973,21,20,353.0031,256.6532,1
2642836974,21,20,353.5014,257.192,1
2642841971,21,20,354.0726,257.8487,1
2642846974,21,20,355.2247,258.6772,1
2642851972,21,20,355.4587,259.0513,1
2642856981,21,20,355.8356,259.4587,1
2642861974,21,20,355.7272,259.5695,1
2642866973,21,20,355.5541,260.1844,1
2642871974,21,20,354.9688,260.5074,2
2642876972,21,21,358.6249,256.9511,2
2642881972,22,21,380.47,225.914,2
2642886974,21,20,397.2656,196.1438,2
2642891975,21,21,397.5164,189.6524,2
2642896978,21,20,382.8997,201.1952,3
2642901981,21,21,371.884,222.3054,3
2642906973,21,21,369.5127,222.9403,3
2642911972,21,21,370.1969,215.1284,3
2642916974,21,21,371.9766,210.8474,3
2642921973,21,21,374.2511,208.6723,3
2642926973,22,21,378.386,207.4257,3
2642931974,21,21,378.905,207.5071,3
2642936973,21,21,379.7726,208.0066,1
2642941980,22,21,380.766,208.543,1
2642946972,22,21,381.2308,208.8622,1
2642951974,22,21,382.2889,209.3969,1
2642956972,22,21,383.2133,210.3177,1
2642961972,22,21,384.5342,211.0098,1
2642966972,22,21,385.1162,212.3161,1
2642971973,22,21,385.7205,212.2353,1
2642976973,22,21,386.2998,212.0586,1
2642981977,22,21,386.0688,212.2365,1
2642986973,22,21,385.7573,212.2156,1
2642991969,22,21,385.3597,212.8368,1
2642996974,22,21,384.7526,213.4149,1
2643001972,22,21,383.8051,214.1957,1
2643006970,22,21,382.3801,214.55,1
2643011973,23,21,380.4999,214.8403,1
2643016974,23,21,379.4677,215.112,1
2643021973,23,21,379.3119,214.9505,1
2643026973,23,21,379.4016,214.3573,1
2643031972,22,22,379.8284,214.0668,1
2643036973,22,21,380.608,214.8748,1
2643041973,22,22,381.4618,215.1874,1
2643046973,22,22,382.5128,215.72,1
2643051972,22,22,384.5388,215.572,1
2643056972,22,22,386.3316,215.4213,1
2643061971,22,22,388.0103,216.0626,1
2643066981,22,22,389.0565,215.9577,1
2643071972,22,22,389.7827,216.2464,1
2643076973,22,22,390.7542,215.8664,1
2643081971,22,22,391.465,215.6566,1
2643086973,22,22,392.3365,215.5087,1
2643091972,22,22,392.3503,215.4348,1
2643096971,22,22,392.0072,215.3668,1
2643101973,22,22,391.8955,215.7786,1
2643106979,22,22,391.8804,216.0249,1
2643111973,22,22,391.8728,215.8697,1
2643116971,22,22,392.1734,215.8444,1
2643121971,22,22,391.8147,216.2573,1
2643126972,22,22,391.8759,216.3059,1
2643131971,22,22,391.5187,216.6281,1
2643136971,23,22,391.3293,216.6955,1
2643141973,22,22,391.7676,216.7703,1
2643146975,23,22,391.8466,216.6888,1
2643151980,22,22,392.0765,216.5293,1
2643156973,23,22,392.0689,217.1223,1
2643161973,23,22,391.6613,217.7296,1
2643166970,23,22,391.3165,218.1759,1
2643171971,23,22,390.5496,218.2791,1
2643176972,23,22,390.2302,218.283,1
2643181973,23,22,389.3638,218.6451,1
2643186973,23,22,388.5732,219.2162,1
2643191971,23,22,387.5852,219.5187,1
2643196975,23,22,387.892,219.5911,1
2643201973,23,22,387.3959,220.1206,1
2643206971,23,22,386.9028,220.8516,1
2643211973,23,22,385.9393,221.3624,1
2643216973,23,22,385.3557,221.4294,1
2643221971,23,22,384.8463,221.0365,1
2643226972,23,22,384.2966,220.9718,1
2643231978,23,23,384.188,221.2686,1
2643236976,23,23,383.6519,221.3689,1
2643241971,23,23,382.7127,222.1352,1
2643246972,23,23,381.7184,222.6018,1
2643251972,23,23,380.7064,222.0162,1
2643256971,23,23,380.5944,222.0059,1
2643261973,23,23,380.5046,221.8139,1
2643266972,23,23,380.2399,221.641,1
2643271975,23,23,380.2939,222.1961,1
2643276980,23,23,380.5368,222.3237,1
2643281973,23,23,380.7304,222.2496,1
2643286972,23,23,380.7223,221.4695,1
2643291971,23,23,381.0489,221.2964,1
2643296972,23,23,381.4493,222.0071,1
2643301972,23,23,381.984,222.5859,1
2643306971,23,23,382.2431,223.4511,1
2643311969,23,23,382.2496,223.6645,1
2643316972,23,23,382.4268,224.5409,1
2643321972,23,23,382.6268,224.5227,1
2643326970,23,23,382.4485,224.8441,1
2643331972,23,23,382.5979,224.4908,1
2643336970,23,23,382.8586,224.6046,1
2643341971,23,23,383.1342,224.9894,1
2643346970,23,23,383.3987,225.2912,1
2643351971,23,23,383.8315,225.2856,2
2643356977,23,23,382.1796,222.495,2
2643361971,23,22,377.3457,204.2494,2
2643366972,23,23,374.2116,197.4625,2
2643371971,23,23,373.131,198.814,2
2643376971,23,22,373.2797,208.8564,3
2643381973,23,23,374.1073,217.1099,3
2643386972,23,23,374.5174,215.6018,3
2643391970,23,22,374.2766,212.3188,3
2643396974,23,22,374.2119,209.1493,3
2643401979,23,22,373.7963,208.8699,3
2643406971,23,22,373.934,209.1858,1
2643411972,23,22,373.8986,210.3441,1
2643416972,23,23,374.061,211.3745,1
2643421972,23,23,374.4757,212.3199,1
2643426972,23,22,375.4531,212.8674,1
2643431971,23,22,376.1531,213.1242,1
2643436972,23,23,377.357,213.3783,1
2643441970,23,23,378.2395,213.5472,1
2643446971,24,22,378.8046,213.7439,1
2643451969,24,23,379.6071,214.1953,1
2643456971,24,23,381.7944,214.3177,1
2643461971,23,23,382.1626,215.5381,1
2643466970,24,23,382.7463,215.8353,1
2643471972,24,23,384.3846,216.2069,1
2643476972,24,23,384.0248,217.0065,1
2643481980,24,23,383.6815,217.4132,1
2643486972,24,23,383.6299,218.2943,1
2643491971,24,23,383.5521,218.7179,1
2643496971,24,23,384.5798,218.9372,1
2643501968,24,23,385.3621,219.9442,1
2643506972,24,23,386.5193,220.7441,1
2643511971,24,23,386.8163,221.4813,1
2643516971,24,23,387.2786,221.9186,1
2643521973,24,23,388.3533,221.6211,1
2643526976,24,23,388.7703,221.3542,1
2643531971,24,23,389.774,221.08,1
2643536972,24,23,390.2842,221.3694,1
2643541970,24,23,390.6436,221.8444,1
2643546970,24,23,390.9754,221.5911,1
2643551970,24,23,390.3801,221.5097,1
2643556971,24,23,390.5553,221.6875,1
2643561971,24,23,390.4563,221.8294,1
2643566979,24,23,390.7922,222.0279,1
2643571969,24,23,390.6739,222.329,1
2643576971,24,23,390.2727,222.339,1
2643581970,24,23,390.6082,222.3019,1
2643586971,24,23,390.7382,222.7443,1
2643591969,24,23,390.5402,223.1839,1
2643596972,24,23,390.2143,223.5714,1
2643601969,24,23,390.0063,223.9652,1
2643606977,24,24,389.7894,223.2914,1
2643611972,24,23,389.3131,223.8079,1
2643616970,24,24,388.7123,223.1869,1
2643621971,24,23,387.6814,222.9466,1
2643626971,24,23,386.7959,223.3968,1
2643631969,24,24,385.8085,222.5784,1
2643636971,24,23,387.1723,222.2099,1
2643641970,24,24,386.8545,222.2145,1
2643646983,24,23,385.741,222.4951,1
2643651979,24,23,385.4319,222.2344,1
2643656970,24,24,385.8064,221.9864,1
2643661969,24,23,385.364,221.8678,1
2643666971,24,23,384.7283,222.1296,1
2643671971,24,23,383.2174,222.5748,1
2643676971,24,24,382.2785,222.0019,1
2643681969,24,24,381.9751,221.6964,1
2643686969,24,24,381.6982,221.0224,1
2643691976,24,24,380.9255,220.5902,1
2643696969,24,24,380.7497,219.9972,1
2643701969,24,24,381.3333,219.4309,1
2643706969,24,24,381.375,219.0562,1
2643711970,24,24,382.1578,218.4736,1
2643716970,24,24,380.8653,218.7339,1
2643721969,24,24,380.3693,219.2836,1
2643726969,24,24,378.9045,219.3319,1
2643731969,24,24,377.2335,219.7026,1
2643736974,25,24,377.1683,219.438,1
2643741967,24,24,376.1563,219.2407,1
2643746970,25,24,376.5776,218.6074,1
2643751969,25,24,376.7757,218.5212,1
2643756967,24,24,375.9045,219.1669,1
2643761971,25,24,376.5568,219.3979,1
2643766970,24,24,375.6665,219.4988,1
2643771980,25,24,377.6771,219.5698,1
2643776976,24,24,378.9098,219.4889,1
2643781970,24,24,378.0049,219.2206,1
2643786969,24,24,378.1665,218.5254,1
2643791969,24,24,377.7451,218.2121,1
2643796970,25,24,378.2261,218.254,1
2643801969,24,24,378.8716,217.2012,1
2643806970,24,24,379.3804,216.9665,1
2643811969,24,24,379.438,217.4759,1
2643816977,24,24,379.0191,217.7244,1
2643821968,25,24,379.3461,217.7698,1
2643826970,25,24,378.573,217.5607,1
2643831970,25,24,377.809,217.3892,1
2643836970,25,24,378.0493,217.5256,1
2643841970,25,24,378.0836,217.9674,1
2643846969,25,24,378.0763,218.2805,1
2643851970,25,24,376.5472,217.9862,2
2643856975,24,24,390.5301,218.8002,2
2643861972,25,24,437.6836,227.8847,2
2643866970,25,24,534.5170000000001,276.5504,2
2643871968,25,24,603.3324,320.6539,2
2643876970,24,24,637.5032,359.8958,2
2643881970,24,24,603.1541,375.7776,2
2643886970,24,25,604.8256,375.127,2
2643891968,24,25,631.3883,374.3885,3
2643896979,24,25,635.0265000000001,372.2946,3
2643901974,24,24,626.4523,362.221,3
2643906970,24,24,622.0458,359.2525,3
2643911970,24,25,633.408,363.4302,3
2643916969,24,24,644.6178,375.6251,3
2643921967,25,24,647.4551,380.1803,3
2643926971,25,24,645.2473,379.9035,3
2643931970,24,24,642.832,377.6367,1
2643936970,24,25,640.004,375.8629,1
2643941975,24,24,639.4191,375.3215,1
2643946967,24,25,639.0700000000001,374.9742,1
2643951968,25,25,638.7596,375.2978,1
2643956968,24,25,638.5049,375.2194,1
2643961970,25,24,637.7399,375.6131,1
2643966969,24,25,637.2028,376.0947,1
2643971967,25,25,635.398,376.3131,1
2643976969,25,25,634.1291,376.7318,1
2643981977,25,24,632.4213999999999,376.6971,1
2643986970,25,25,630.6957,376.8442,1
2643991968,25,25,627.617,376.8326,1
2643996969,24,25,625.1582,377.2554,1
2644001968,24,25,624.0399,377.4873,1
2644006968,24,25,623.3981,377.9113,1
2644011970,24,25,623.8366,378.5646,1
2644016968,24,25,624.4345,378.9863,1
2644021976,24,25,625.6727,378.5994,1
2644026972,24,25,626.6953999999999,378.3056,1
2644031968,24,25,627.7217000000001,377.6533,1
2644036968,24,25,629.7318,377.3954,1
2644041968,24,25,631.6484,377.3652,1
2644046968,24,25,632.9097,377.5145,1
2644051972,24,25,634.2522,377.9105,1
2644056969,24,25,635.5205999999999,378.1111,1
2644061967,24,25,636.1788,378.2294,1
2644066968,24,25,637.0024,378.1145,1
2644071970,24,25,637.3913,377.7975,1
2644076969,24,25,637.3431,376.906,1
2644081969,24,25,637.1292999999999,376.1282,1
2644086966,24,25,636.7858,376.3115,1
2644091968,24,25,636.897,376.3081,1
2644096967,24,25,637.0315000000001,376.06,1
2644101968,24,25,637.0886,375.9281,1
2644106976,24,25,637.1708,375.7097,2
2644111965,24,25,635.3046000000001,375.6971,2
2644116969,24,25,616.2107999999999,374.4215,2
2644121968,24,24,593.7903,370.5147,2
2644126969,24,24,587.9477000000001,367.0681,2
2644131968,24,24,588.0065,366.6518,3
2644136969,24,24,592.796,368.6105,3
2644141969,24,24,599.3898,370.046,3
2644146970,24,24,600.7556,371.2295,3
2644151969,24,24,601.3916,371.4746,3
2644156968,24,24,601.1239,370.85,1
2644161968,24,24,600.3567,370.5769,1
2644166968,24,24,599.39,369.9628,1
2644171967,24,25,599.0753999999999,368.9103,1
2644176970,24,24,598.793,369.1262,1
2644181968,24,24,597.9204999999999,368.2626,1
2644186969,24,24,596.7332,368.039,1
2644191970,24,24,596.3861000000001,367.6492,1
2644196969,24,24,596.1739,367.9969,1
2644201967,24,25,596.1429000000001,368.1419,1
2644206969,24,24,595.8723,368.6963,1
2644211969,24,24,595.7995,368.8627,1
2644216967,24,24,595.6765,369.4892,1
2644221968,25,24,595.8049,369.7132,1
2644226969,25,25,595.672,369.8339,1
2644231974,24,24,595.9586,369.6664,1
2644236965,25,24,596.3931,369.4895,1
2644241968,25,24,596.2716,369.836,1
2644246967,25,25,596.2632,370.1322,1
2644251966,25,24,596.5223,370.0453,1
2644256968,25,24,597.0835,370.0793,1
2644261968,25,24,597.8433,370.0732,1
2644266967,25,24,598.6376,370.1348,1
2644271975,25,24,599.2049,370.8992,1
2644276976,25,24,599.8939,370.4052,1
2644281968,25,24,600.6967,370.3254,1
2644286968,25,24,600.8928,370.6684,1
2644291968,25,24,600.5176,371.201,2
2644296968,25,24,609.4275,391.5211,2
2644301970,24,25,650.027,446.0365,2
2644306967,24,25,690.6462,509.4624,2
2644311968,24,25,695.2043,541.1949,2
2644316968,24,24,671.5828,535.0912,2
2644321968,24,25,651.4789,503.3578,3
2644326968,24,25,652.5717,480.7466,3
2644331966,24,24,665.8462,476.7279,3
2644336968,24,25,674.3803,483.0464,3
2644341967,24,24,677.4248,503.5834,3
2644346967,24,24,676.4069,511.8989,3
2644351965,24,24,675.7897,510.3027,3
2644356973,24,24,674.9886,507.0109,3
2644361969,24,24,674.7591,500.8792,3
2644366967,24,24,674.8662,498.7243,3
2644371968,24,24,674.7299,497.5203,3
2644376968,24,24,674.889,497.6503,1
2644381967,24,24,674.5766,498.5057,1
2644386968,24,24,674.7832,497.7187,1
2644391967,24,24,675.22,497.2041,1
2644396976,24,24,675.8653,497.0435,1
2644401972,24,24,675.2846,497.4989,1
2644406968,24,24,675.0095,498.2391,1
2644411969,24,24,674.4892,497.481,1
2644416968,24,24,674.0902,497.0128,1
2644421967,24,24,673.9267,496.7205,1
2644426972,24,24,673.5013,496.4228,1
2644431967,24,24,673.8125,496.4447,1
2644436978,24,24,674.3134,496.1014,1
2644441974,24,24,674.0672,495.5457,1
2644446969,24,24,674.1191,494.7223,1
2644451966,24,24,673.7705999999999,494.1028,1
2644456966,24,24,673.9511,493.7058,1
2644461968,24,24,674.0923,493.7721,1
2644466968,24,24,674.3777,493.8083,1
2644471968,24,24,674.6779,493.5598,1
2644476966,24,24,674.5866,493.2045,1
2644481975,24,24,673.7124,492.564,1
2644486968,24,24,674.5866,491.3762,1
2644491966,24,24,674.6962,490.7433,1
2644496967,24,24,673.9084,489.9292,1
2644501968,24,24,673.2092,490.0086,1
2644506965,24,24,672.0597,490.762,1
2644511968,24,24,670.6396999999999,491.4502,1
2644516968,24,24,669.0901,491.9871,1
2644521974,24,24,667.9246000000001,492.0274,1
2644526969,24,24,666.2522,490.9392,1
2644531968,24,24,664.8273,490.4004,1
2644536966,24,24,663.1786,490.1137,1
2644541966,24,24,660.8024,489.9106,1
2644546967,24,24,659.4182,490.087,1
2644551967,24,24,658.0782,489.9335,1
2644556966,24,24,656.9702,490.2411,1
2644561976,24,24,656.4690000000001,490.9863,1
2644566966,24,24,656.3794,491.1733,1
2644571967,24,24,656.3345,491.3846,1
2644576969,24,24,656.6217,491.7264,1
2644581966,24,24,656.8461,492.2622,1
2644586966,24,24,657.6362,491.6922,1
2644591967,24,24,657.7895,492,1
2644596965,23,24,657.2347,493.5923,1
2644601967,23,24,656.9516,494.9208,1
2644606971,23,24,656.5178,495.2245,1
2644611968,24,24,658.6119,493.7727,1
2644616965,23,24,659.7003,492.8733,1
2644621967,24,24,661.2288,492.3331,1
2644626967,24,24,663.1455,491.5162,1
2644631967,24,24,664.3971,491.915,1
2644636967,24,24,665.6864,491.7282,1
2644641966,24,24,666.5518,491.469,1
2644646972,24,24,666.9107,491.414,1
2644651968,24,25,667.9067,491.0363,1
2644656967,24,24,668.5837,491.3755,1
2644661966,24,24,669.2803,490.9172,1
2644666967,24,25,669.7786,491.1468,1
2644671965,24,24,670.2405,491.6168,1
2644676966,24,24,670.7263,491.6775,1
2644681966,24,24,671.4274,491.6893,1
2644686975,24,24,671.9007,491.4141,1
2644691967,24,24,672.3549,491.2483,1
2644696966,24,25,672.798,491.4407,1
2644701965,24,24,672.6814000000001,491.8138,1
2644706965,24,24,672.4179,491.5343,1
2644711966,24,24,671.6409,491.9353,1
2644716967,24,25,670.6504,491.8855,1
2644721963,24,25,669.9422,491.9456,1
2644726965,24,25,669.0219,491.4651,1
2644731971,24,25,667.862,491.0659,1
2644736965,24,25,667.0225,490.9918,1
2644741967,24,25,665.1372,490.971,2
2644746965,24,25,661.5457,490.6647,2
2644751966,24,24,657.124,486.4479,2
2644756966,24,24,612.3122,445.2859,2
2644761967,24,24,585.1766,405.5981,2
2644766965,24,24,540.881,397.6914,2
2644771976,24,24,501.6454,392.4932,2
2644776971,24,24,450.1112,380.1477,2
2644781964,24,24,407.9069,356.3862,2
2644786967,24,24,391.4131,342.7727,2
2644791966,24,24,363.1972,333.4603,2
2644796965,25,24,355.9971,337.5758,2
2644801966,24,24,352.537,341.1213,2
2644806966,24,24,359.0195,341.9616,3
2644811974,24,24,362.4526,340.1454,3
2644816972,24,24,360.1602,338.4703,3
2644821966,24,24,348.5095,337.1492,3
2644826965,24,24,343.4761,335.7497,3
2644831966,24,24,343.2421,335.8807,3
2644836964,24,24,343.7995,336.4017,3
2644841967,24,24,347.1163,337.0219,3
2644846964,24,24,353.0996,338.3357,3
2644851965,24,24,357.1575,339.4086,3
2644856976,24,24,358.5952,340.0867,3
2644861965,24,24,358.3478,340.6646,3
2644866966,25,24,356.8154,340.6948,1
2644871965,24,24,355.1854,340.3801,1
2644876965,24,24,354.6052,340.688,1
2644881966,24,24,354.1231,340.4545,1
2644886966,24,24,354.0613,340.5011,1
2644891966,24,24,354.4978,339.9861,1
2644896973,24,24,354.9919,340.3595,1
2644901971,24,24,355.2716,341.0896,1
2644906965,23,24,354.7308,341.6574,1
2644911966,24,24,355.5159,341.6213,1
2644916966,23,24,355.4179,342.4138,1
2644921965,24,24,355.8788,342.429,1
2644926964,24,24,356.7977,342.8082,1
2644931965,24,24,357.5928,343.2274,1
2644936974,24,24,358.1949,343.0239,1
2644941972,23,24,357.7105,343.261,1
2644946964,24,24,357.2219,342.8432,1
2644951964,24,24,356.929,342.4708,1
2644956966,24,24,356.9747,342.5483,1
2644961966,24,24,356.9418,343.1106,1
2644966965,24,24,356.516,343.56,1
2644971966,24,24,356.2687,344.1728,1
2644976967,24,24,355.267,344.7954,1
2644981973,24,24,354.1001,345.1534,1
2644986966,24,24,352.7096,345.3994,1
2644991966,24,24,352.3398,345.5998,1
2644996964,23,24,351.2293,344.765,2
2645001965,23,24,325.6251,344.1018,2
2645006964,24,24,272.7036,344.2453,2
2645011965,24,23,261.0621,348.3002,2
2645016964,23,23,244.4148,352.6618,2
2645021973,24,23,250.0605,352.6934,3
2645026969,24,24,256.6999,350.5062,3
2645031966,23,23,258.4815,349.2883,3
2645036965,23,23,258.2438,349.4249,3
2645041964,24,23,256.2449,349.8189,3
2645046964,24,23,252.3502,350.7062,3
2645051966,24,23,250.3965,350.3274,3
2645056966,24,23,249.2533,350.0455,3
2645061971,24,23,248.1826,349.6376,3
2645066974,24,23,248.499,348.5954,1
2645071965,24,23,248.0008,348.2264,1
2645076966,24,23,247.6601,348.1452,1
2645081964,24,23,247.3092,348.4713,1
2645086965,24,23,247.1447,348.8031,1
2645091964,24,23,247.5795,348.1865,1
2645096965,24,23,247.2144,346.8757,1
2645101962,24,23,247.0951,346.6239,1
2645106972,24,23,246.4756,346.8726,1
2645111967,24,23,246.0597,346.6884,1
2645116965,24,23,245.6169,346.7154,1
2645121966,24,23,245.2371,346.7241,1
2645126964,24,23,245.1334,346.9125,1
2645131965,24,23,244.536,346.961,1
2645136964,24,23,244.0195,346.6519,1
2645141964,24,23,243.9158,346.7125,1
2645146967,24,23,243.5977,346.2863,1
2645151967,24,23,243.2273,346.2126,1
2645156965,24,23,243.1351,345.7806,1
2645161964,24,23,243.1211,345.9463,1
2645166966,24,23,243.4518,345.5493,1
2645171964,24,23,243.1553,345.3522,1
2645176965,24,23,242.9971,345.0689,1
2645181966,24,23,243.2107,345.4505,1
2645186970,24,23,243.6851,345.7714,1
2645191965,24,23,243.8804,345.678,1
2645196965,24,23,244.2746,345.5415,1
2645201963,24,23,244.837,344.9567,1
2645206962,24,23,245.7283,345.0424,1
2645211966,24,24,247.1166,344.5558,1
2645216963,24,23,247.7825,344.8736,1
2645221964,24,24,248.2969,345.4874,1
2645226964,24,24,248.8763,345.3965,1
2645231968,24,24,249.4569,345.2722,1
2645236965,24,24,250.3208,344.5573,1
2645241961,24,24,251.1212,343.9763,1
2645246963,24,24,251.5828,343.9422,1
2645251963,24,24,252.2665,343.7423,1
2645256962,24,24,252.4249,343.7344,1
2645261964,24,24,252.7312,343.6384,1
2645266963,24,24,253.841,343.0026,1
2645271968,24,25,254.2533,343.1255,1
2645276964,24,24,254.5853,343.15,1
2645281964,24,24,254.0948,343.2918,1
2645286963,24,25,253.3586,343.4925,1
2645291964,24,24,253.1445,343.6192,1
2645296964,24,25,252.3888,343.7373,1
2645301964,24,25,252.09,343.7271,1
2645306964,24,25,252.0872,343.7216,1
2645311968,24,25,252.0712,343.834,1
2645316970,24,25,251.5791,343.989,1
2645321964,24,25,251.205,344.0814,1
2645326965,24,25,251.3863,343.9049,1
2645331963,24,25,251.3506,344.214,1
2645336964,24,25,251.5765,344.5599,1
2645341963,24,25,251.1577,344.7601,1
2645346962,24,25,250.5436,344.244,1
2645351964,24,25,249.9777,343.8513,1
2645356973,24,25,249.6214,343.489,1
2645361969,24,25,249.0774,343.882,1
2645366964,24,25,248.0488,344.1499,1
2645371963,24,25,246.3528,344.1051,1
2645376963,24,25,244.6936,343.6316,1
2645381964,24,25,243.4892,344.0643,1
2645386964,24,25,242.1852,344.0139,1
2645391964,24,25,241.2253,343.8261,1
2645396971,24,25,240.0215,343.4359,1
2645401970,24,25,239.2356,343.1845,1
2645406963,24,25,238.6678,343.1999,1
2645411965,24,25,238.6336,342.8984,1
2645416963,24,25,239.4383,342.6961,1
2645421962,24,25,240.7639,342.7993,1
2645426963,24,25,242.1614,342.4459,1
2645431963,24,25,244.0575,342.8902,1
2645436966,24,25,246.4331,343.0562,1
2645441969,24,25,248.4154,343.456,2
2645446963,24,25,253.2007,344.1404,2
2645451963,25,24,256.5776,339.6215,2
2645456961,24,24,248.1616,326.0516,2
2645461963,24,24,241.7306,320.5957,2
2645466964,24,24,240.8468,322.394,2
2645471962,24,24,242.995,324.8425,3
2645476963,24,24,244.4031,328.1822,3
2645481971,24,24,245.8005,329.4151,3
2645486966,24,24,245.9486,329.2054,3
2645491962,24,24,245.7259,326.9007,3
2645496963,24,24,245.8806,325.371,3
2645501964,24,24,246.4498,325.062,3
2645506962,24,24,247.3682,324.6927,1
2645511965,24,24,247.5113,324.6559,1
2645516963,25,24,248.817,324.9574,1
2645521970,24,24,249.4921,324.651,1
2645526967,24,24,250.3811,323.7308,1
2645531964,25,24,251.4234,323.3529,1
2645536963,24,24,252.0669,322.7634,1
2645541962,25,24,253.0658,323.2345,1
2645546962,25,24,253.6802,322.0186,1
2645551964,25,24,253.9621,322.472,1
2645556963,25,24,253.7932,321.7807,1
2645561961,25,24,253.5266,321.4402,1
2645566973,25,24,253.4836,321.6868,1
2645571961,25,24,253.53,320.9505,1
2645576963,25,24,253.5115,321.0113,1
2645581963,25,24,253.3711,321.7359,1
2645586962,25,24,253.6381,322.086,1
2645591964,25,24,253.2479,322.4408,1
2645596960,24,24,253.1252,322.7713,1
2645601963,25,24,252.8665,322.4978,1
2645606970,24,24,252.416,322.1498,1
2645611963,23,24,250.9824,322.3135,1
2645616963,24,24,250.1471,321.8892,1
2645621963,24,24,248.9917,321.829,1
2645626962,24,24,247.7015,321.5309,1
2645631964,24,24,246.6586,321.3807,1
2645636963,24,24,246.0734,321.0598,1
2645641963,24,24,245.253,320.9113,1
2645646968,24,24,244.234,320.4324,1
2645651964,24,24,243.7195,319.7517,1
2645656962,24,24,243.4736,318.935,1
2645661963,24,24,242.8357,318.6376,1
2645666963,24,24,242.1257,317.8697,1
2645671962,24,24,240.4223,317.7265,1
2645676963,24,24,239.1874,317.3101,1
2645681963,24,24,237.656,316.5232,1
2645686965,24,24,236.4582,316.5818,1
2645691970,24,24,235.9611,316.8546,1
2645696961,24,24,235.8254,317.074,1
2645701960,24,24,235.711,316.9472,1
2645706962,24,24,235.8437,317.0585,1
2645711962,24,24,236.6366,317.1878,1
2645716962,24,24,237.4063,316.6905,1
2645721961,24,24,238.4362,316.3236,1
2645726962,24,24,239.0009,316.655,1
2645731970,24,24,239.6397,316.4589,1
2645736961,24,24,239.7524,316.5207,1
2645741961,24,24,239.7611,316.3679,1
2645746963,24,24,239.6561,316.319,1
2645751959,24,24,239.8852,316.1137,1
2645756961,24,24,239.4144,315.934,1
2645761961,24,24,238.933,315.7755,1
2645766962,24,24,237.788,315.6368,1
2645771967,24,24,236.3016,315.8197,1
2645776965,24,24,235.3734,315.8784,1
2645781962,24,24,234.8153,315.9862,1
2645786962,24,24,233.4983,315.7468,1
2645791962,24,25,232.5231,315.4794,1
2645796961,24,24,232.272,314.6621,1
2645801961,24,24,232.0244,314.4501,1
2645806961,24,25,232.7369,314.3822,1
2645811965,24,25,233.3109,314.3344,1
2645816967,24,24,233.3042,314.6039,1
2645821962,24,24,233.2296,313.927,1
2645826961,24,24,233.2461,312.5854,1
2645831961,24,25,233.7017,312.9699,1
2645836961,24,24,233.7226,312.9352,1
2645841960,24,24,233.5169,312.7573,1
2645846962,24,25,232.8493,313.0775,1
2645851960,24,24,232.6718,312.4952,1
2645856971,24,24,232.632,312.3101,1
2645861961,24,25,232.5558,313.1924,1
2645866961,24,25,232.678,313.0968,1
2645871962,24,25,232.7337,314.1104,1
2645876962,24,25,232.7897,314.5369,1
2645881962,24,25,233.0466,314.7402,1
2645886962,24,25,233.2131,314.87,1
2645891961,24,25,233.3785,314.7983,1
2645896969,24,25,233.7664,314.5771,1
2645901964,24,25,233.8237,314.8983,1
2645906962,24,25,233.5649,315.0977,1
2645911961,24,25,233.3581,315.3139,1
2645916961,24,25,233.4462,315.5635,1
2645921961,24,25,233.6835,314.9312,1
2645926962,24,25,232.4708,315.3893,2
2645931962,24,25,242.3105,315.0397,2
2645936974,25,24,294.9908,321.9911,2
2645941968,24,25,380.9637,356.0995,2
2645946963,25,25,484.363,373.1544,2
2645951961,24,24,553.6438000000001,395.0224,2
2645956960,25,24,597.8827,427.5374,2
2645961962,24,24,616.5041,463.1745,2
2645966960,25,25,649.1224999999999,486.8078,2
2645971961,24,24,651.1819,490.2626,3
2645976960,24,25,651.0258,478.4858,3
2645981968,24,25,645.251,460.6078,3
2645986961,24,25,642.0265000000001,456.6956,3
2645991960,25,25,651.5008,461.5345,3
2645996962,24,25,671.1902,476.1955,3
2646001960,24,24,672.1694,483.6729,3
2646006959,24,25,666.5762,483.237,3
2646011961,24,25,656.8052,481.5709,3
2646016963,24,25,648.2217000000001,479.619,3
2646021967,24,25,647.7122000000001,477.5895,3
2646026963,24,25,646.9172,476.7014,3
2646031961,24,25,646.2504,475.7464,1
2646036962,24,25,646.1723,474.5877,1
2646041960,24,25,646.0055,473.5792,1
2646046960,24,25,646.7313,473.5198,1
2646051961,24,25,647.2429,473.1965,1
2646056961,24,25,647.675,472.965,1
2646061972,24,25,648.1233999999999,472.2652,1
2646066968,25,25,647.8864,471.5423,1
2646071962,25,25,648.3246,470.9599,1
2646076960,24,25,648.3095,470.8065,1
2646081960,25,25,648.8398,470.0468,1
2646086960,24,25,649.16,469.2288,1
2646091961,25,25,649.4148,468.7225,1
2646096959,25,25,650.1799,468.4647,1
2646101961,25,25,650.5798,468.3621,1
2646106969,25,25,651.1458,468.218,1
2646111965,25,25,652.1884,468.4013,1
2646116959,25,25,653.2006,468.7043,1
2646121961,25,25,653.6657,469.2733,1
2646126960,25,25,654.3935,469.5609,1
2646131962,25,25,654.4466,469.5913,1
2646136962,25,25,654.7274,469.2809,1
2646141960,25,25,654.7962,468.543,1
2646146962,25,25,654.1706,468.71,1
2646151963,25,25,654.1251999999999,468.716,1
2646156961,25,25,653.932,468.2882,1
2646161962,25,25,654.1837,468.1289,1
2646166961,25,25,654.4322,468.25,1
2646171958,25,25,654.1547,468.2669,1
2646176961,25,25,653.9886,468.4951,1
2646181960,25,25,653.6173,468.6546,1
2646186970,25,25,653.2164,469.0079,1
2646191961,25,25,652.7765000000001,469.2459,1
2646196959,25,25,651.9417,469.1878,1
2646201961,25,25,651.2879,469.0613,1
2646206958,25,25,650.2393,468.6491,1
2646211959,25,25,649.5438,468.3054,1
2646216961,25,25,649.4257,467.8698,1
2646221959,25,25,648.9857,467.8747,1
2646226962,25,25,648.1826,467.5133,1
2646231967,25,25,647.2385,467.1499,1
2646236962,24,25,645.9713,467.0684,1
2646241960,24,25,644.5585,466.7348,1
2646246962,24,25,643.2623,466.3611,1
2646251961,24,25,642.1566,465.8109,1
2646256960,24,25,641.7662,465.8894,1
2646261958,24,25,641.5859,466.7202,1
2646266960,24,25,640.6264,467.0742,1
2646271969,24,25,640.1958,467.3149,1
2646276962,24,25,638.8414,467.1458,2
2646281961,24,26,639.8038,458.2537,2
2646286960,24,25,654.1598,411.4887,2
2646291959,25,25,648.4471,333.5166,2
2646296960,25,25,610.8452,293.2906,2
2646301959,26,25,609.13,295.7861,3
2646306961,25,25,608.8955999999999,327.2915,3
2646311968,25,25,610.2177,354.3974,3
2646316961,25,25,612.7148999999999,359.4478,3
2646321960,25,25,613.8096,359.2681,3
2646326961,25,25,612.1746000000001,344.2987,3
2646331959,25,26,609.1929,333.6707,3
2646336959,25,26,606.4252,332.0304,3
2646341964,25,25,604.9589,334.2516,3
2646346959,25,25,604.571,337.942,3
2646351959,25,25,605.0170000000001,341.3207,3
2646356969,25,25,606.495,343.4854,3
2646361959,25,25,608.088,343.9938,3
2646366960,25,25,609.2997,343.5004,1
2646371959,25,25,611.0846,343.6758,1
2646376961,25,25,612.6541999999999,344.0123,1
2646381959,25,25,614.2151,344.8775,1
2646386959,25,25,615.9587,345.7484,1
2646391961,25,25,617.4611,346.7833,1
2646396960,25,25,618.4213999999999,347.8439,1
2646401959,25,25,618.6227,348.5448,1
2646406960,25,25,618.3902,348.1529,1
2646411959,25,25,618.0689,347.8828,1
2646416960,25,25,617.6508,347.5639,1
2646421960,25,25,616.9881,346.8548,1
2646426961,24,25,617.3386,346.6535,1
2646431959,24,25,617.2822,346.4264,1
2646436967,24,25,617.2741,347.0106,1
2646441962,24,25,617.3007,347.282,1
2646446961,24,25,616.961,347.8536,1
2646451959,24,25,616.2118,347.8308,1
2646456960,24,24,614.6092,347.6671,1
2646461959,24,24,613.5775,346.7394,1
2646466961,24,24,612.8554,345.7541,1
2646471959,24,24,612.0288,345.5527,1
2646476960,25,25,611.0078,345.2977,1
2646481965,24,24,608.3432,345.569,1
2646486958,25,24,605.6142,345.6335,1
2646491958,25,24,604.0784,345.3531,1
2646496960,25,24,603.2593000000001,345.6429,1
2646501957,24,24,602.0247000000001,346.1127,1
2646506959,25,24,601.5033,346.2803,1
2646511960,25,24,601.936,347.2605,1
2646516959,25,24,603.0001,348.4864,1
2646521965,25,24,604.3837,349.2019,1
2646526959,25,24,605.5503,349.3237,1
2646531960,25,24,606.3307,349.5266,1
2646536959,25,24,607.1496,349.5652,1
2646541960,25,24,608.0298,349.5073,1
2646546959,24,24,608.6387,349.2916,1
2646551960,24,24,608.9556,348.8957,1
2646556959,24,24,609.6639,349.1301,1
2646561964,24,24,610.1233,348.9542,1
2646566959,24,24,610.7776,349.4765,1
2646571960,24,24,610.6285,349.2637,1
2646576960,24,24,610.5122,349.1922,1
2646581959,24,24,610.4437,349.7853,1
2646586958,24,24,610.798,349.7559,1
2646591963,25,24,610.9793,349.5275,1
2646596960,24,24,610.9628,349.7458,1
2646601957,24,24,610.6317,349.0396,1
2646606964,24,24,610.649,348.9363,1
2646611960,24,24,610.6595,348.7536,1
2646616958,25,24,610.6072,348.6694,1
2646621959,25,24,609.724,349.0927,1
2646626960,25,24,609.2519,349.2083,1
2646631960,24,24,608.692,348.8754,1
2646636958,25,24,608.3834000000001,348.5455,1
2646641960,25,24,608.2829,348.4035,1
2646646963,24,24,607.5604,348.5254,1
2646651960,25,24,607.5329,348.1947,1
2646656960,25,24,607.8633,347.9452,1
2646661959,25,24,607.8524,347.891,1
2646666958,25,24,607.5937,348.2366,1
2646671958,25,24,607.4384,348.3291,1
2646676959,24,24,607.4644,348.0827,1
2646681959,25,24,607.0507,348.3364,1
2646686968,25,24,607.4001,348.4724,1
2646691958,25,24,606.8223,348.3372,1
2646696959,25,24,606.4811999999999,348.7474,1
2646701959,25,24,606.8841,349.6089,2
2646706958,24,24,605.798,332.9221,2
2646711960,24,24,609.2953,272.9832,2
2646716962,25,24,602.2567,202.921,2
2646721958,24,24,568.6147,165.0895,2
2646726958,25,24,542.9417999999999,161.8297,2
2646731963,24,24,518.9507,166.8473,2
2646736960,24,24,517.6065,154.5364,2
2646741956,25,24,484.698,130.4003,2
2646746958,25,24,470.5467,123.4825,2
2646751959,25,24,470.7719,127.4609,2
2646756958,25,23,469.5513,144.3722,3
2646761960,24,23,469.9736,144.7188,3
2646766959,25,24,475.9507,134.0373,3
2646771966,25,24,476.3537,125.5118,3
2646776959,25,24,476.6533,125.2501,3
2646781959,25,24,476.982,127.9527,3
2646786958,25,23,477.0539,131.1645,3
2646791959,25,24,478.831,131.146,3
2646796960,25,24,479.4237,131.8275,3
2646801959,25,24,476.3054,132.0778,3
2646806959,25,24,469.3631,132.0921,3
2646811965,25,23,465.6013,132.6297,3
2646816958,25,23,463.8334,132.4583,3
2646821957,24,23,463.0188,131.4314,1
2646826957,24,24,463.0631,130.535,1
2646831959,24,23,463.8627,130.0165,1
2646836958,24,24,464.3397,129.7526,1
2646841959,24,24,464.8296,129.5128,1
2646846956,24,23,464.6085,129.3358,1
2646851969,25,23,464.9674,128.7033,1
2646856966,24,23,465.0595,128.5378,1
2646861959,24,23,464.8745,129.4248,1
2646866957,24,23,464.2243,130.9383,1
2646871958,24,23,463.6783,130.923,1
2646876957,24,23,463.0228,131.6745,1
2646881958,24,23,462.6366,132.2194,1
2646886959,24,23,462.6349,132.6719,1
2646891958,25,24,462.395,132.7281,1
2646896964,25,24,461.7917,132.7972,1
2646901960,25,24,461.0739,132.6824,1
2646906958,25,24,460.3893,132.1007,1
2646911958,25,24,460.0338,131.9194,1
2646916958,25,23,460.0765,131.0018,1
2646921955,25,23,460.1704,130.9733,1
2646926958,25,24,460.7745,131.0208,1
2646931957,25,24,461.2497,131.3363,1
2646936965,25,23,461.8238,131.5395,1
2646941959,25,24,462.2623,131.503,1
2646946957,25,23,463.271,131.2157,1
2646951957,25,24,464.5939,130.5226,1
2646956956,25,23,465.7617,130.35,1
2646961957,25,24,466.3637,130.4335,1
2646966958,25,23,466.8945,130.4329,1
2646971958,25,23,467.0612,130.9697,1
2646976968,25,23,467.9064,131.2674,1
2646981964,25,23,469.1575,131.5753,1
2646986957,25,23,470.2759,131.0453,1
2646991957,25,23,470.9854,130.6193,1
2646996959,25,23,471.9359,130.6601,1
2647001958,25,23,473.2077,130.1033,1
2647006958,25,23,473.8934,129.8313,1
2647011959,25,23,475.1269,129.8534,1
2647016957,25,23,475.9033,129.6012,1
2647021962,25,23,477.1573,129.0468,1
2647026958,25,24,477.4484,129.3279,2
2647031958,25,23,443.6407,147.2849,2
2647036959,25,24,421.0487,188.4228,2
2647041958,25,24,369.7276,236.2743,2
2647046957,24,24,373.4714,253.2985,2
2647051959,25,24,402.7501,238.6644,3
2647056957,25,24,412.5147,216.6283,3
2647061964,25,24,412.388,211.0838,3
2647066958,25,24,406.5532,212.5955,3
2647071957,25,25,398.5878,219.3688,3
2647076957,25,24,392.3221,231.1403,3
2647081957,25,24,388.8626,235.6188,3
2647086956,25,24,386.7611,234.3736,3
2647091958,25,24,385.1728,232.8177,3
2647096957,25,24,383.4018,231.6591,1
2647101956,25,24,382.0196,230.41,1
2647106967,25,24,382.1629,229.929,1
2647111955,25,24,382.3511,229.6294,1
2647116957,25,24,382.7992,229.6253,1
2647121958,25,24,383.698,229.9806,1
2647126958,25,24,385.3218,230.3211,1
2647131957,25,24,386.5165,230.7789,1
2647136957,25,25,387.8111,230.7038,1
2647141958,25,25,388.5124,230.6197,1
2647146968,25,25,389.2638,230.1451,1
2647151958,25,25,390.3082,229.688,1
2647156957,25,24,390.4699,230.0666,1
2647161957,25,25,390.9872,229.6732,1
2647166956,25,24,391.9406,229.261,1
2647171956,25,24,392.8888,228.8237,1
2647176958,25,25,393.2248,228.4984,1
2647181956,25,25,393.4138,228.3162,1
2647186965,25,25,393.7105,228.2285,1
2647191957,25,25,394.1107,228.3817,1
2647196957,25,25,394.4432,227.8967,1
2647201956,26,25,396.6261,227.8174,1
2647206958,26,25,398.9257,228.0887,1
2647211957,26,25,400.9699,228.3195,1
2647216958,26,25,402.3745,228.8951,1
2647221956,26,25,403.0195,229.3292,1
2647226966,26,25,403.0017,229.286,1
2647231966,26,25,403.4596,229.5622,1
2647236956,26,25,403.7839,230.5585,1
2647241955,26,25,404.3379,231.6042,1
2647246956,26,25,404.9527,231.7621,1
2647251956,25,25,405.0031,232.0655,1
2647256957,25,25,404.3225,233.2387,1
2647261958,25,25,403.8528,234.0305,1
2647266957,26,25,405.3869,233.9041,1
2647271965,25,25,406.1135,234.5072,1
2647276959,26,25,407.2422,234.7711,1
2647281956,26,25,408.2275,234.5129,1
2647286956,25,25,407.7417,235.0976,1
2647291957,25,25,407.185,234.5099,1
2647296958,25,25,406.6793,235.1224,1
2647301956,25,25,406.0957,235.8914,1
2647306956,25,25,404.2124,235.992,1
2647311963,25,25,401.4856,236.0522,1
2647316956,25,25,399.306,236.3915,1
2647321958,25,25,396.7092,236.7573,1
2647326955,25,25,395.2396,237.4985,1
2647331956,25,25,393.6182,237.4408,1
2647336956,25,25,391.887,237.2116,1
2647341955,25,25,391.0047,236.8775,1
2647346957,25,25,389.7318,236.2027,1
2647351963,25,25,389.5067,234.9507,1
2647356964,25,25,389.1334,234.6044,1
2647361956,25,25,388.4784,234.3263,1
2647366957,25,25,388.2625,234.3734,1
2647371957,25,25,388.0725,235.0855,1
2647376956,25,25,388.2688,234.412,1
2647381956,26,25,390.3527,233.3046,1
2647386956,26,25,392.0474,233.1851,1
2647391957,26,25,392.7079,233.3808,1
2647396962,25,25,391.0613,233.9493,1
2647401958,25,25,389.9954,234.5303,1
2647406956,25,25,389.0865,235.1594,1
2647411956,25,25,389.4832,235.483,1
2647416955,25,25,391.1443,235.649,1
2647421956,26,25,395.2962,234.6947,1
2647426955,26,25,399.8971,234.7316,1
2647431956,26,25,401.8553,234.8727,1
2647436962,26,25,406.0005,235.3187,1
2647441958,26,25,407.7113,236.2053,1
2647446957,26,25,411.2492,236.3458,1
2647451955,26,25,411.7937,236.4793,1
2647456955,26,25,411.555,235.5005,1
2647461957,26,25,410.9259,235.0145,1
2647466956,26,25,409.6544,234.1609,1
2647471957,26,25,408.7206,233.4312,1
2647476961,26,25,407.5404,232.44,1
2647481961,26,25,406.9445,231.9736,1
2647486957,26,25,406.6614,231.822,1
2647491954,26,25,406.3662,232.0105,1
2647496956,26,25,405.5477,231.7838,1
2647501957,26,25,405.3629,231.8427,1
2647506955,26,25,405.3031,231.8183,1
2647511957,26,25,405.8463,231.699,1
2647516955,26,25,406.353,231.0864,1
2647521963,26,25,406.8645,230.7702,1
2647526956,26,25,407.7929,231.8918,1
2647531956,26,25,408.4568,232.2344,1
2647536956,26,25,410.3589,232.8349,1
2647541954,26,25,410.4751,233.3525,1
2647546956,26,25,410.8902,234.1044,1
2647551956,26,25,411.8464,234.2493,1
2647556955,26,25,412.5398,234.0908,1
2647561966,26,25,412.1605,234.7336,1
2647566956,26,25,413.0768,234.7283,1
2647571954,26,25,413.8056,234.7445,1
2647576956,26,25,412.0332,235.4816,1
2647581956,26,25,412.279,235.4448,1
2647586956,26,25,412.097,235.9081,1
2647591956,26,25,412.1093,235.6676,1
2647596953,26,25,412.0571,235.335,1
2647601959,26,25,410.3793,235.6173,1
2647606962,26,25,409.4669,236.2357,1
2647611956,26,25,408.4232,236.5817,1
2647616955,25,25,404.5825,237.2591,1
2647621956,26,25,404.2007,236.6982,1
2647626954,25,25,402.1117,236.7446,1
2647631955,25,25,400.5686,236.6308,1
2647636955,25,25,399.8796,237.174,1
2647641956,25,25,398.9465,237.8464,1
2647646961,25,25,398.8674,237.9285,1
2647651955,25,25,398.4147,237.6989,1
2647656955,25,25,398.8377,237.4321,1
2647661955,25,25,400.9653,236.6048,2
2647666955,26,25,400.5591,263.5707,2
2647671952,25,25,378.7962,336.7865,2
2647676955,25,26,379.9682,430.2131,2
2647681954,25,26,345.8043,506.9582,2
2647686963,24,25,326.1935,532.697,2
2647691957,24,26,337.3527,539.9077,2
2647696954,25,26,376.0034,573.2577,2
2647701955,25,25,407.998,598.4483,2
2647706952,25,25,410.6831,613.1108,2
2647711954,25,26,397.3835,609.5619,3
2647716955,25,25,388.9019,590.4048,3
2647721953,25,25,388.7605,586.1207000000001,3
2647726959,25,25,394.1647,595.7683,3
2647731960,24,25,403.4422,606.6898,3
2647736954,25,25,406.0983,610.0780999999999,3
2647741955,25,25,404.6474,608.2396,3
2647746955,25,26,401.1559,604.6849,3
2647751955,25,26,397.5168,603.2465,3
2647756955,25,26,396.4194,601.7284,3
2647761954,25,26,395.2413,601.044,3
2647766955,25,26,393.6879,600.2743,3
2647771962,25,26,393.2403,598.9694,1
2647776954,25,26,392.8764,598.4185,1
2647781955,25,26,393.2958,597.2988,1
2647786954,25,26,394.2904,597.1837,1
2647791954,25,26,395.5347,596.0953,1
2647796955,25,26,397.075,595.0248,1
2647801955,25,26,397.9576,594.3008,1
2647806953,25,26,398.7048,593.5302,1
2647811958,25,26,398.9477,592.9215,1
2647816959,25,26,399.2531,592.186,1
2647821953,25,26,399.5345,591.6805000000001,1
2647826955,25,26,399.8122,591.0456,1
2647831955,25,26,400.1948,590.5903,1
2647836952,25,26,400.2913,590.4061,1
2647841954,25,26,400.5937,589.2084,1
2647846953,25,26,400.7558,588.3565,1
2647851958,25,26,401.0326,587.7731,1
2647856961,25,26,401.1766,586.9151000000001,1
2647861951,25,26,400.8883,586.4186,1
2647866953,25,26,401.0891,586.1521,1
2647871955,25,26,401.6748,586.3612000000001,1
2647876953,25,26,402.3024,584.9056,1
2647881954,25,26,402.3658,584.4226,1
2647886954,25,26,402.7225,584.3292,1
2647891955,25,26,403.148,584.0853,1
2647896962,25,26,403.149,584.2429,1
2647901956,25,26,403.2476,584.1381,1
2647906953,25,26,403.4828,583.7554,1
2647911953,25,26,403.3893,583.4448,1
2647916953,25,26,403.4747,583.6972,1
2647921954,25,26,403.3983,582.9792,1
2647926956,25,26,403.5456,582.9108,1
2647931953,25,26,403.2211,583.5277,1
2647936958,25,26,403.3977,583.629,1
2647941953,25,26,403.826,583.9845,1
2647946953,25,26,404.1232,584.1118,1
2647951954,26,26,405.5486,583.7498000000001,1
2647956953,25,26,406.123,583.7317,1
2647961954,25,26,406.6664,583.9553,1
2647966955,26,26,407.9733,583.2142,1
2647971953,26,26,409.3059,583.0231,1
2647976957,25,26,409.6666,582.9533,1
2647981961,25,26,409.5677,583.3047,1
2647986952,26,26,410.9206,582.2485,1
2647991953,26,26,412.2296,581.5263,1
2647996953,26,26,413.2129,580.8816,1
2648001951,26,26,414.6552,579.799,1
2648006954,26,26,415.8287,577.3681,1
2648011954,26,26,416.8838,576.8822,1
2648016953,26,26,418.1015,576.5436999999999,1
2648021960,26,26,418.8456,576.7953,1
2648026954,26,26,419.8504,577.4527,1
2648031953,26,26,420.5135,577.2845,1
2648036953,26,26,421.3375,577.2576,1
2648041954,26,26,422.2888,576.9988,1
2648046953,26,26,423.505,577.0719,1
2648051953,26,26,424.7643,577.5445,1
2648056952,26,26,425.2571,577.7288,1
2648061958,26,26,425.3454,578.0086,1
2648066953,26,26,425.7452,578.8097,1
2648071954,26,26,426.1233,578.8869999999999,1
2648076954,26,26,426.434,578.5862,1
2648081953,26,26,426.4888,578.7166999999999,1
2648086952,26,26,426.2208,578.4886,1
2648091951,26,26,425.4431,578.7548,1
2648096952,26,26,424.6932,579.1006,1
2648101956,26,26,423.8524,579.5161000000001,1
2648106959,26,26,422.9959,579.939,1
2648111954,26,26,422.321,579.2963,1
2648116952,26,26,421.9357,579.7320999999999,1
2648121953,26,26,421.6117,580.432,1
2648126954,26,26,421.5509,580.9336,1
2648131954,26,26,421.5917,581.3496,1
2648136952,26,26,421.6664,580.8548,1
2648141954,26,26,421.5926,580.4347,1
2648146964,26,26,422.2124,580.4385,1
2648151954,26,26,422.9359,580.8363000000001,1
2648156953,26,26,423.9151,580.6106,1
2648161953,26,26,424.8351,580.3523,1
2648166954,26,26,425.4682,580.3810999999999,1
2648171952,26,26,426.0099,580.5148,1
2648176952,26,26,426.1755,581.2222,1
2648181953,26,26,425.5139,581.224,1
2648186961,26,26,423.9958,581.4521999999999,1
2648191956,26,26,421.9663,581.4347,1
2648196952,26,26,420.0268,582.2152,1
2648201952,26,26,418.7953,583.0401000000001,1
2648206951,25,26,417.2208,584.1929,1
2648211954,26,26,417.217,583.7056,1
2648216952,26,26,417.842,583.3656999999999,1
2648221952,26,26,419.7279,582.7746,1
2648226952,26,26,421.3459,582.3827,1
2648231958,26,26,423.3919,581.9181,1
2648236952,26,26,424.4283,581.8916,1
2648241952,26,26,424.1391,581.3733999999999,1
2648246953,26,26,423.0695,581.09,1
2648251952,26,26,421.4233,580.9249,1
2648256950,26,26,419.3392,580.6207000000001,1
2648261952,26,26,417.3492,581.5491,1
2648266953,26,26,415.2525,581.753,1
2648271960,26,26,414.345,582.5117,1
2648276953,26,26,412.8343,583.2765000000001,1
2648281953,26,26,414.3612,582.6226,2
2648286952,26,26,446.9591,582.388,2
2648291952,25,26,547.4571,575.8946,2
2648296953,25,26,657.5202,545.4793,2
2648301953,25,25,737.7041,524.1513,2
2648306952,26,26,777.1408,519.398,2
2648311958,25,25,809.5916,514.4379,2
2648316953,25,26,856.1659,496.8419,2
2648321953,25,26,877.1923,492.5851,2
2648326951,24,26,896.5133,498.4258,2
2648331952,24,26,894.0775,503.8836,3
2648336951,25,26,872.8912,500.4356,3
2648341953,25,26,868.5958000000001,495.4897,3
2648346950,24,26,871.9503,494.4514,3
2648351963,25,26,877.0887,495.1352,3
2648356959,25,26,875.3183,494.6082,3
2648361953,25,26,871.5571,495.77,3
2648366952,25,26,866.9986,496.0145,3
2648371951,25,26,864.0875,496.5683,3
2648376952,25,26,862.5653,497.9541,1
2648381951,25,26,861.7372,498.8318,1
2648386953,25,26,861.1871,499.5487,1
2648391953,25,26,861.018,499.1781,1
2648396958,25,26,861.6242999999999,499.2067,1
2648401953,25,26,861.8353,499.0735,1
2648406953,24,26,861.9983,498.9335,1
2648411953,24,26,861.8919,498.8417,1
2648416951,24,26,862.0072,499.0325,1
2648421950,24,26,862.3917,498.7987,1
2648426952,24,26,863.8977,498.5274,1
2648431953,24,26,864.875,497.8533,1
2648436958,24,26,864.7677,497.3133,1
2648441953,24,26,864.7173,496.6504,1
2648446949,24,26,864.1141,496.4831,1
2648451951,24,26,863.3335,495.5671,1
2648456950,24,26,862.5702,495.494,1
2648461951,24,26,862.4263999999999,494.5906,1
2648466951,24,26,861.2082,493.9696,1
2648471949,25,26,859.6626,493.9042,1
2648476962,24,26,857.9424,493.7796,1
2648481957,25,26,856.3575,493.8736,1
2648486952,25,26,854.8335,494.225,1
2648491953,25,26,852.9063,495.0089,1
2648496953,25,26,850.7507000000001,495.2703,1
2648501953,25,26,848.5780999999999,495.7135,1
2648506956,25,26,846.7654,496.1966,1
2648511951,25,26,844.9104,497.332,1
2648516951,25,26,843.6746000000001,497.2932,1
2648521958,25,26,841.9373000000001,497.3611,1
2648526953,25,26,841.2051,496.9601,1
2648531953,25,26,839.9884,496.3309,1
2648536953,25,26,837.6953,497.4058,2
2648541951,24,26,866.4996,484.3649,2
2648546952,25,26,907.1024,415.8112,2
2648551951,25,26,913.8479,342.7954,2
2648556953,25,26,895.8873,317.2179,3
2648561961,24,26,871.0959,346.8479,3
2648566953,25,27,864.0241,374.923,3
2648571953,24,27,871.3623,377.3007,3
2648576950,25,26,875.3514,374.5169,3
2648581951,25,26,877.4597,369.3785,3
2648586951,25,26,878.5594,366.4697,3
2648591953,25,26,881.0232,364.8378,3
2648596950,25,26,882.9238,362.417,3
2648601960,25,26,884.1037,360.3306,3
2648606955,25,26,885.0172,359.4792,1
2648611949,25,26,885.1488000000001,359.789,1
2648616951,25,26,884.3908,360.3457,1
2648621952,25,26,883.8865,361.0357,1
2648626951,25,26,884.332,361.2981,1
2648631956,25,26,885.0694,362.032,1
2648636951,25,26,885.3218000000001,363.1304,1
2648641952,25,26,885.5529,364.4849,1
2648646955,25,26,885.4863,365.4187,1
2648651950,25,26,885.2861,366.2021,1
2648656952,25,26,885.7813,366.091,1
2648661951,25,26,885.6609999999999,366.897,1
2648666951,25,26,885.4047,366.7518,1
2648671951,25,27,885.3445,367.0507,1
2648676952,25,26,884.7695,367.5703,1
2648681951,25,26,884.801,368.1189,1
2648686959,25,27,884.5758,368.8753,1
2648691950,25,26,884.2851000000001,369.1766,1
2648696952,25,27,883.6964,369.568,1
2648701950,25,26,882.7137,369.601,1
2648706950,25,26,882.0775,369.4993,1
2648711950,25,27,881.34,369.2103,1
2648716951,25,27,880.4995,369.0392,1
2648721951,25,27,880.1564,369.2239,1
2648726957,25,26,879.2349,369.2719,1
2648731954,25,26,878.4221,369.7702,1
2648736950,25,27,877.8869999999999,368.766,1
2648741951,25,27,877.3422,368.4176,1
2648746950,25,27,876.4996,368.6335,1
2648751950,25,27,875.4379,368.5233,1
2648756954,25,27,875.5377,368.6548,1
2648761951,25,26,874.7316,368.9002,1
2648766951,25,27,874.1054,369.1113,1
2648771957,25,27,873.8398999999999,369.3897,1
2648776951,25,26,873.019,370.2862,2
2648781951,25,26,875.3297,343.2939,2
2648786951,25,26,878.8973999999999,279.9415,2
2648791951,26,27,900.5848999999999,213.1019,2
2648796952,25,26,882.8712,186.8667,2
2648801950,25,27,866.9881,214.4202,3
2648806951,26,26,867.4847,226.7383,3
2648811956,26,26,868.0913,229.6551,3
2648816952,26,26,869.1209,230.4079,3
2648821951,25,26,869.0712,233.4834,3
2648826951,25,26,869.9795,235.4736,3
2648831950,25,27,871.1036,232.6277,3
2648836950,25,26,870.2116,228.3707,3
2648841949,26,26,868.99,232.0648,5
2648846951,26,26,850.8509,235.7529,5
2648851956,25,26,836.6088,260.1132,5
2648856959,25,22,849.3232,322.7734,5
2648861950,25,18,851.2109,425.2085,5
2648866949,10,12,1275.221,644.1033,5
2648871949,0,0,0,0,5
2648876950,0,0,0,0,5
2648881954,0,0,0,0,5
2648886951,0,0,0,0,5
2648891949,0,0,0,0,5
2648896956,0,0,0,0,5
2648901951,0,0,0,0,5
2648906951,0,0,0,0,5
2648911949,0,0,0,0,5
2648916949,0,0,0,0,5
2648921951,0,0,0,0,5
2648926949,0,0,0,0,5
2648931950,0,0,0,0,5
2648936955,0,0,0,0,5
2648941952,8,9,1294.8941,709.0161000000001,5
2648946949,8,12,1294.5538,583.5205,5
2648951950,25,17,761.5958000000001,425.035,5
2648956949,25,19,759.0028,372.6075,5
2648961949,25,20,758.4838,320.0235,5
2648966950,25,21,760.4666999999999,277.8929,5
2648971950,25,22,769.123,236.5171,5
2648976959,26,23,790.2568,213.2154,5
2648981955,26,24,788.2497,197.2639,5
2648986949,26,25,784.1738,185.9362,5
2648991949,26,25,781.2029,177.4361,5
2648996950,26,25,778.9461,171.0711,5
2649001949,26,25,777.1813,169.5722,5
2649006951,26,26,775.6987,176.2269,5
2649011949,26,26,774.222,181.6505,5
2649016960,26,26,773.5775,184.9358,5
2649021958,26,26,772.3126999999999,190.5458,5
2649026950,25,26,769.1748,194.1984,5
2649031950,26,26,768.0124,194.8366,5
2649036950,26,26,767.3352,194.5328,1
2649041950,26,26,768.2058,193.4271,1
2649046950,26,26,770.0153,193.1108,1
2649051950,26,26,771.861,192.3124,1
2649056950,26,26,773.5521,192.0845,1
2649061958,26,26,775.9183,191.6834,1
2649066948,26,26,777.1088,190.971,1
2649071950,26,27,778.3553000000001,190.991,1
2649076948,26,27,778.817,190.7434,1
2649081949,26,27,779.5914,191.4685,1
2649086950,26,27,779.9421,192.319,1
2649091950,26,27,780.1671,192.4042,1
2649096947,26,27,779.8871,191.6618,1
2649101957,26,27,778.8591,191.4765,1
2649106952,27,27,777.4257,191.6904,1
2649111950,27,27,776.0685999999999,191.6273,1
2649116950,27,27,774.2376,193.0329,1
2649121950,26,27,771.74,193.498,1
2649126948,26,26,769.2856,194.8275,2
2649131949,27,26,764.5165,225.0183,2
2649136950,26,26,702.4142000000001,280.6857,2
2649141960,26,26,638.9193,362.618,2
2649146957,26,27,591.1325000000001,422.655,2
2649151950,26,27,572.5012,471.8682,2
2649156949,27,28,589.1059,514.6195,2
2649161948,26,27,613.1369,554.9457,2
2649166950,27,27,645.7168,601.1352000000001,2
2649171946,26,27,648.6328,617.6737000000001,2
2649176948,26,27,639.8474,594.0861,3
2649181949,26,27,610.4784,551.7297,3
2649186956,27,28,606.6869,545.7356,3
2649191949,26,27,611.0977,564.4203,3
2649196947,26,27,618.8425999999999,592.5856,3
2649201950,26,27,622.176,600.0877,3
2649206946,26,27,623.4512,593.3273,3
2649211948,26,27,625.48,581.4213,3
2649216950,26,27,627.8587,575.9248,3
2649221948,26,27,629.3511999999999,574.2399,3
2649226956,26,27,629.2631,573.3391,3
2649231953,26,27,628.0319,570.9942,1
2649236949,27,27,626.8767,568.6281,1
2649241948,26,27,626.0062,566.1202,1
2649246948,26,27,625.1517,565.1831,1
2649251950,26,27,624.898,564.1513,1
2649256950,26,27,625.0803,563.1348,1
2649261950,26,27,625.2062,562.4930000000001,1
2649266958,26,27,624.5406,561.8659,1
2649271956,26,27,624.5048,561.8291,1
2649276948,26,27,623.6206,562.2714,1
2649281949,26,27,622.8264,562.6248000000001,1
2649286949,26,27,622.3175,563.4326,1
2649291948,26,27,622.4101000000001,563.5214999999999,1
2649296948,26,27,623.1907,562.6664,1
2649301948,26,27,624.0893,562.2246,1
2649306949,26,27,625.0678,561.1615,1
2649311952,26,27,626.547,559.6722,1
2649316949,26,27,628.0381,558.0137999999999,1
2649321950,26,27,629.8718,555.8159000000001,1
2649326948,26,27,631.9567,553.9755,1
2649331948,26,27,633.9465,552.8883,1
2649336947,26,27,635.4032999999999,552.2586,1
2649341949,26,27,635.5291,552.2942,1
2649346946,26,27,635.1022,552.9365,1
2649351947,26,27,634.8203,552.9266,1
2649356956,26,27,634.7482,552.9199,1
2649361946,26,27,635.2155,552.3246,1
2649366948,26,27,635.8931,550.5574,1
2649371949,26,27,635.968,549.9833,1
2649376949,25,27,634.5172,550.235,1
2649381949,26,27,634.1585,550.4979,1
2649386948,26,27,634.1767,550.1976,1
2649391958,26,27,634.2995,549.7977,1
2649396956,26,27,634.4194,548.8927,1
2649401948,25,27,634.2034,548.4141,1
2649406948,26,27,634.7068,548.5204,1
2649411949,26,27,635.0944,548.4035,1
2649416949,26,27,635.5494,548.5848999999999,2
2649421949,25,27,632.8857,551.2679000000001,2
2649426948,26,27,646.3588999999999,526.7865,2
2649431947,26,26,693.5044,448.4671,2
2649436959,26,26,733.804,337.3101,2
2649441950,26,27,737.942,258.1841,2
2649446947,26,27,738.465,237.3797,2
2649451947,26,27,737.4086,236.94,2
2649456948,26,26,740.5612,237.627,2
2649461948,26,27,748.1375,208.7448,2
2649466947,26,27,772.6142,177.8019,2
2649471947,25,27,771.2843,177.1309,3
2649476956,26,27,760.5155,204.9919,3
2649481955,26,27,749.1372,217.9749,3
2649486947,26,26,748.1606,205.8977,3
2649491946,26,26,754.2141,186.3082,3
2649496946,26,26,758.5934999999999,182.8096,3
2649501947,26,26,761.2829,185.0627,3
2649506951,26,26,762.3203,190.7341,3
2649511949,26,26,762.9936,196.146,3
2649516958,26,26,763.2202,198.4235,3
2649521954,26,26,763.6804,199.5119,3
2649526949,26,26,764.3252,199.8541,1
2649531948,26,26,764.8467000000001,199.4714,1
2649536949,26,26,764.8638,199.0685,1
2649541949,26,26,764.0456,199.1989,1
2649546948,26,26,763.5658,200.0327,1
2649551947,26,26,763.7397,201.3082,1
2649556949,25,26,762.1429000000001,203.6106,1
2649561956,26,26,763.4041,204.2207,1
2649566948,26,26,764.3002,204.4141,1
2649571947,25,26,762.9656,205.2659,1
2649576949,25,26,762.1876999999999,206.9278,1
2649581948,25,26,761.3603000000001,208.1357,1
2649586947,25,26,760.973,209.4022,1
2649591945,25,26,761.1871,209.6832,1
2649596949,25,26,761.3001,209.8628,1
2649601955,25,26,762.2434,210.4783,1
2649606952,25,26,763.0389,210.896,1
2649611947,25,26,763.0853,211.5745,1
2649616948,25,26,763.0658,212.5017,1
2649621947,25,26,762.5247000000001,212.8053,1
2649626948,25,26,762.7382,212.7609,1
2649631948,25,26,762.8651,212.9749,1
2649636946,25,26,762.9401,212.1381,2
2649641955,25,26,763.1721,178.2618,2
2649646955,26,25,764.3827,122.7655,2
2649651948,26,25,762.3375,109.1904,2
2649656948,26,25,747.2979,121.3344,2
2649661946,26,25,746.1891000000001,146.0079,3
2649666947,26,25,753.3228,146.682,3
2649671948,26,25,755.3481,137.9724,3
2649676948,26,25,756.5603,135.3884,3
2649681948,26,25,757.9028,136.3004,3
2649686955,26,25,759.126,136.1149,3
2649691950,26,25,760.9936,133.5726,3
2649696947,26,25,761.9429,131.4659,3
2649701948,26,25,762.2923,130.8024,3
2649706945,26,25,762.8454,130.4234,1
2649711948,26,25,763.1054,131.3918,1
2649716948,25,25,761.4142000000001,131.0193,1
2649721947,25,25,760.6864,131.3684,1
2649726954,25,25,760.6876999999999,131.2049,1
2649731948,25,25,761.5783,131.237,1
2649736947,25,25,762.4021,131.7407,1
2649741944,25,25,762.996,132.6861,1
2649746948,25,25,763.3173,133.4138,1
2649751947,25,25,762.9738,133.9537,1
2649756946,25,25,761.8226,135.1516,1
2649761948,25,25,760.8337,136.2458,1
2649766952,25,25,760.1616,136.5462,1
2649771950,25,25,759.307,137.0861,1
2649776947,25,25,757.8064000000001,136.835,1
2649781947,25,25,756.6433,136.5082,1
2649786948,25,25,755.2207,137.2116,1
2649791947,25,25,754.4453999999999,137.3658,1
2649796947,25,25,753.4435999999999,138.0216,1
2649801948,25,25,753.0008,138.4205,1
2649806947,25,25,752.6635,137.7149,1
2649811953,25,25,752.8736,137.7988,1
2649816949,25,25,752.6296,137.7198,1
2649821947,25,25,752.3504,137.6495,1
2649826947,25,25,752.0349,138.0483,1
2649831946,25,25,752.044,137.4524,1
2649836947,25,25,752.4328,137.4385,1
2649841947,25,25,752.8878,137.9366,1
2649846944,25,25,753.5359,137.6718,1
2649851953,25,25,754.0756,137.945,1
2649856947,25,25,754.6671,137.5421,1
2649861946,25,25,755.4148,136.7618,1
2649866947,25,25,756.4146,135.807,1
2649871947,25,25,757.4203,135.4261,1
2649876947,25,25,758.2511,135.9791,1
2649881945,25,25,759.4209,136.5452,1
2649886946,25,25,760.0217,136.0985,1
2649891951,25,25,760.6449,136.118,1
2649896954,25,25,760.9337,135.9952,1
2649901946,25,25,760.2115,136.1174,1
2649906946,25,25,760.2064,136.1879,1
2649911947,25,25,759.9327,136.0023,1
2649916947,25,25,758.5069999999999,136.1639,1
2649921945,25,25,757.2163,136.7324,1
2649926947,25,25,756.1471,136.469,1
2649931947,25,25,754.8975,136.6512,1
2649936953,25,25,754.0076,137.0977,1
2649941948,25,25,753.1451,137.588,1
2649946944,25,25,751.5769,137.7588,1
2649951948,25,25,750.3634,137.3254,1
2649956944,25,25,749.2928000000001,136.9728,1
2649961946,25,25,748.2474,136.1796,1
2649966947,25,25,747.827,136.826,1
2649971945,25,25,747.4437,136.5606,1
2649976954,25,25,747.3473,136.2977,1
2649981947,25,25,747.6504,136.9607,1
2649986947,25,25,748.7567,136.15,1
2649991946,25,25,750.4023,136.2711,1
2649996945,25,25,752.3229,136.8148,1
2650001947,25,25,753.5051999999999,137.4618,1
2650006946,25,25,754.4477000000001,140.2825,1
2650011947,25,25,755.4157,139.4335,1
2650016949,25,25,756.7451,139.3823,1
2650021953,25,25,757.9909,142.1284,5
2650026947,25,24,756.8481,145.6698,5
2650031947,25,25,758.4325,152.9517,5
2650036946,25,25,822.4,201.2017,5
2650041947,25,25,885.0288,236.4015,5
2650046947,24,26,889.4148,243.4335,5
2650051947,24,25,879.6448,237.8943,5
2650056945,24,25,859.302,243.2583,5
2650061953,24,26,858.0285,270.6266,5
2650066947,24,25,875.8094,278.3126,5
2650071945,24,25,900.5975,294.5507,5
2650076946,24,24,892.5967000000001,358.107,5
2650081947,24,21,889.3356,444.8675,5
2650086944,23,16,896.1584,568.3501,5
2650091946,22,9,942.5931,763.6053000000001,5
2650096945,0,0,0,0,5
2650101952,0,0,0,0,5
2650106952,0,0,0,0,5
2650111943,0,0,0,0,5
2650116946,0,0,0,0,5
2650121946,0,0,0,0,5
2650126945,0,0,0,0,5
2650131946,0,0,0,0,5
2650136945,0,0,0,0,5
2650141947,0,0,0,0,5
2650146953,0,0,0,0,5
2650151946,0,0,0,0,5
2650156947,0,0,0,0,5
2650161945,0,0,0,0,5
2650166946,0,0,0,0,5
2650171946,0,0,0,0,5
2650176947,0,0,0,0,5
2650181945,0,0,0,0,5
2650186953,0,0,0,0,5
2650191949,0,0,0,0,5
2650196945,0,0,0,0,5
2650201943,0,0,0,0,5
2650206947,0,0,0,0,5
2650211946,0,0,0,0,5
2650216946,0,0,0,0,5
2650221945,0,0,0,0,5
2650226950,21,11,-161.277,2581.3499,5
2650231947,22,13,626.6912,1275.309,5
2650236944,24,14,637.4965999999999,1228.3162,5
2650241946,24,15,639.0487000000001,1209.5816,5
2650246944,24,16,954.1072,-414.8173,5
2650251944,24,17,688.6077,1013.5768,5
2650256946,25,18,698.1919,1017.4196,5
2650261945,25,20,703.8475,1019.1736,5
2650266949,25,21,714.6285,995.5495,5
2650271951,25,22,721.04,948.006,5
2650276945,25,22,720.2018,916.8144,5
2650281945,25,23,718.4711,880.3791,5
2650286945,24,23,717.2781,848.4302,5
2650291946,24,24,718.5967000000001,829.4855,5
2650296946,24,24,722.5518,809.4518,5
2650301945,24,24,727.1351,795.0397,5
2650306946,24,24,733.86,778.7049,5
2650311953,25,25,738.6708,762.9877,5
2650316946,25,25,742.8099,747.6651000000001,5
2650321946,25,26,746.3513,738.1983,5
2650326946,25,26,748.7412,731.9035,5
2650331944,25,26,750.6881,728.0314,5
2650336943,25,27,752.3784000000001,726.5341,5
2650341944,25,26,753.307,724.5527,5
2650346946,25,26,753.8916,723.5999,5
2650351949,25,27,753.9536000000001,723.0499,5
2650356948,25,26,753.8783,722.998,1
2650361946,25,26,753.9746,722.5501,1
2650366943,25,27,753.3359,724.1424,1
2650371944,25,27,753.2594,725.4594,1
2650376945,25,27,753.4131,726.2271,1
2650381947,25,27,754.2184,726.0861,1
2650386944,25,26,754.6344,725.7132,1
2650391948,25,27,755.2892000000001,725.0367,1
2650396951,25,27,755.5424,725.9668,1
2650401945,25,27,755.6065,726.7285000000001,1
2650406945,25,27,755.456,726.2967,1
2650411944,25,27,755.4059,726.6256,1
2650416944,25,27,756.1246,726.895,1
2650421945,25,26,757.1623,728.4834,1
2650426944,25,26,758.0401000000001,728.934,1
2650431944,25,26,758.0551,726.4232,1
2650436954,25,26,758.4856,726.2499,2
2650441946,25,26,755.0148,722.3964999999999,2
2650446945,25,26,707.2779,719.8001,2
2650451944,25,26,626.0104,707.1486,2
2650456943,24,25,544.3012,709.5915,2
2650461945,25,26,515.5585,713.742,2
2650466943,26,25,514.742,711.149,3
2650471945,26,26,540.0643,695.2533,3
2650476944,26,26,551.396,683.8013999999999,3
2650481944,25,26,556.1588,685.937,3
2650486945,25,25,551.7924,690.8968,3
2650491944,26,25,531.8593,694.2614,3
2650496944,26,25,525.8188,694.662,3
2650501945,26,25,523.6428,694.3692,3
2650506943,26,25,524.5488,693.1609,1
2650511944,26,25,525.8425999999999,692.3073000000001,1
2650516958,26,25,527.8126,692.37,1
2650521950,26,25,530.0438,692.3175,1
2650526944,26,25,531.6441,692.718,1
2650531942,26,25,533.0141,693.2637,1
2650536944,26,25,533.7281,692.711,1
2650541944,26,25,534.0535,692.773,1
2650546943,25,25,534.2636,693.1446,1
2650551943,25,25,534.6711,693.9742,1
2650556944,25,25,535.3681,694.6663,1
2650561951,25,25,536.134,694.468,1
2650566943,25,25,537.0064,694.1638,1
2650571942,25,25,537.3396,693.6226,1
2650576943,25,25,537.9275,693.5248,1
2650581944,25,25,537.7505,693.6461,1
2650586943,25,25,538.0486,694.3491,1
2650591943,25,25,538.3741,693.2765000000001,1
2650596941,25,25,539.3498,692.2847,1
2650601949,25,25,540.5694999999999,691.5939,1
2650606944,25,25,541.4041,691.6528,1
2650611944,25,25,541.7670000000001,691.8968,1
2650616944,25,26,542.2607,691.4961,1
2650621942,25,25,542.9160000000001,690.578,1
2650626944,25,25,543.8164,689.779,1
2650631944,25,26,544.7916,689.4530999999999,1
2650636944,25,25,545.1663,690.2078,1
2650641955,25,25,545.4789,690.5694999999999,1
2650646951,25,26,546.356,691.0113,1
2650651943,25,26,547.612,691.0284,1
2650656942,25,25,548.7304,691.0473,1
2650661943,25,25,549.2142,691.1838,1
2650666944,25,25,549.4374,690.6941,1
2650671942,25,25,549.0811,691.0441,1
2650676942,25,25,548.1133,692.3772,1
2650681944,25,25,548.0318,692.7375,1
2650686950,25,26,548.2587,691.9025,1
2650691942,25,25,548.4067,691.6518,1
2650696941,25,26,548.924,690.2018,1
2650701944,25,25,549.8318,689.3626,1
2650706942,25,25,550.1892,688.7923,1
2650711944,25,25,550.5,688.487,1
2650716943,25,25,550.4056,689.4954,1
2650721941,25,25,550.5819,689.4879,1
2650726950,25,25,550.8111,689.8094,1
2650731946,25,25,550.6328999999999,691.1419,1
2650736943,25,25,550.6931,691.8094,1
2650741942,25,25,550.4253,692.3405,1
2650746944,25,25,550.7287,692.1904,1
2650751943,25,25,550.6886,691.4864,1
2650756943,25,25,550.6219,691.009,1
2650761943,25,25,550.029,690.8013999999999,1
2650766942,25,25,549.2178,690.4332000000001,1
2650771949,25,25,548.3072,690.4195,1
2650776944,25,25,547.9774,690.1502,1
2650781944,25,25,547.8824,689.9122,1
2650786944,25,25,547.5436999999999,689.8207,1
2650791944,25,25,547.2234,689.9173,1
2650796942,25,25,546.4605,690.508,2
2650801944,24,25,527.9006000000001,671.6323,2
2650806942,24,25,521.4696,617.8697,2
2650811948,25,25,476.106,571.8694,2
2650816945,25,25,479.2211,574.357,2
2650821944,25,25,482.6009,599.9451,2
2650826943,24,26,473.8839,608.126,2
2650831944,25,25,462.6757,605.7518,2
2650836940,24,25,463.0696,603.8891,3
2650841942,24,25,466.6391,600.5846,3
2650846941,25,25,469.923,595.0643,3
2650851948,24,25,469.7927,590.9717000000001,3
2650856944,24,25,469.7219,590.3279,3
2650861941,24,25,468.9079,590.4824,1
2650866943,25,25,468.9439,591.176,1
2650871944,25,25,469.6954,592.2569999999999,1
2650876944,25,25,470.6575,593.7139,1
2650881943,25,25,471.9508,594.2888,1
2650886943,25,25,473.139,595.352,1
2650891952,25,25,474.2273,596.1569,1
2650896943,25,25,475.0158,597.0065,1
2650901943,25,25,475.5147,598.0791,1
2650906943,25,25,475.9262,598.2766,1
2650911943,25,25,475.6461,598.4816,1
2650916942,25,25,475.6386,598.9328,1
2650921948,25,25,475.7712,599.5435,1
2650926943,25,25,475.3409,599.5674,1
2650931944,25,25,475.1401,600.4643,1
2650936952,25,25,475.063,601.1241,1
2650941942,25,25,475.0862,600.8046000000001,1
2650946944,25,25,474.9348,600.9585,1
2650951940,25,25,474.8625,600.8198,1
2650956943,25,25,474.9131,600.7320999999999,1
2650961943,25,25,474.7904,601.2516000000001,1
2650966942,25,25,475.1031,601.307,1
2650971944,25,25,474.4754,601.2381,1
2650976950,25,25,474.3228,601.3893,1
2650981943,25,25,473.825,601.2291,1
2650986941,25,25,473.6236,601.2021999999999,1
2650991943,25,25,472.9226,601.3035,1
2650996943,25,25,472.3291,601.5027,1
2651001940,25,25,471.6237,601.4756,1
2651006943,25,25,470.5297,602.3513,1
2651011943,25,25,467.6324,603.3009,1
2651016950,25,25,465.8073,603.6041,1
2651021945,25,25,463.5043,603.6881,1
2651026942,25,25,461.3849,603.6401,1
2651031942,25,25,459.9702,602.8764,1
2651036940,25,25,457.5375,602.7472,1
2651041942,25,25,455.7731,602.4509,1
2651046948,25,25,454.6017,601.5634,1
2651051943,25,25,453.6895,601.2212,1
2651056941,25,25,453.2397,601.069,1
2651061949,25,25,453.4191,600.8732,1
2651066942,25,25,453.2773,600.4129,1
2651071943,25,25,453.5145,600.5261,1
2651076943,25,25,453.851,601.1961,1
2651081941,25,25,454.3666,601.7806,1
2651086942,25,25,455.8535,601.4514,1
2651091941,25,25,457.8428,601.3002,1
2651096943,25,25,458.7236,601.4161,1
2651101948,25,25,460.049,601.6085,1
2651106942,25,25,461.5785,602.0414,1
2651111941,25,25,462.951,601.4888,1
2651116943,25,25,465.5883,600.9837,1
2651121941,25,25,466.7468,600.4736,1
2651126943,25,25,467.9431,600.2261,1
2651131941,25,25,468.6473,599.7643,1
2651136943,24,25,469.4668,599.8324,1
2651141950,24,25,470.4788,599.1886,1
2651146944,25,25,471.1082,598.4947,1
2651151942,24,25,471.0353,598.3669,1
2651156942,24,25,470.7337,598.442,1
2651161943,24,25,470.7415,598.5775,1
2651166942,24,25,470.6215,598.4857,1
2651171946,24,25,470.8116,598.3047,1
2651176943,24,25,470.695,598.5149,1
2651181940,24,25,470.2848,598.4573,1
2651186947,24,25,469.7071,598.0134,1
2651191942,24,25,468.665,597.6174999999999,1
2651196943,24,25,467.5966,597.4408,1
2651201941,24,25,466.3228,597.3153,1
2651206941,24,25,465.1318,597.5854,1
2651211941,24,25,463.5787,597.063,1
2651216943,24,25,462.5558,596.7602000000001,1
2651221942,24,25,461.561,596.2526,1
2651226941,24,25,461.0167,596.1753,2
2651231939,25,25,479.6807,599.0158,2
2651236941,24,25,517.2218,623.7394,2
2651241939,24,26,601.1647,661.8951,2
2651246941,25,25,665.5072,678.7518,2
2651251941,24,25,666.3323,678.4023,3
2651256940,25,25,626.7822,665.3072,3
2651261940,25,26,614.8553000000001,658.7074,3
2651266951,25,26,614.9246000000001,655.3185,3
2651271948,25,26,615.4331,656.5742,3
2651276942,24,25,617.2092,658.0137,3
2651281942,24,25,627.6039,660.5155999999999,3
2651286940,24,25,637.1412,662.6019,3
2651291941,24,25,640.8726,663.1105,3
2651296943,24,25,641.5212,663.0973,3
2651301942,24,25,641.8624,662.2842000000001,1
2651306952,24,26,641.6231,662.5232,1
2651311945,25,26,641.8202,663.1197,1
2651316941,25,26,642.3619,663.8465,1
2651321940,25,25,642.2388,663.8458000000001,1
2651326942,25,25,642.096,663.5592,1
2651331941,25,26,641.0552,663.1589,1
2651336942,25,26,640.407,662.3713,1
2651341942,25,26,639.5088,661.8883,1
2651346939,25,26,638.3607,661.2428,1
2651351945,25,26,636.5925,661.0907,1
2651356942,25,25,635.309,661.2506,1
2651361941,25,26,634.4953,660.5829,1
2651366941,25,26,633.4915,659.8955999999999,1
2651371941,25,26,633.0188000000001,659.3184,1
2651376940,25,26,632.5828,659.3225,1
2651381939,25,26,632.2785,659.0768,1
2651386941,25,25,631.2677,658.9678,1
2651391949,25,26,630.0702,657.9136999999999,1
2651396943,25,26,629.2692,656.7653,1
2651401941,25,26,628.7609,655.8688,1
2651406940,25,26,628.3237,655.8271999999999,1
2651411940,25,26,627.898,655.9859,1
2651416941,24,26,626.8609,655.8964,1
2651421941,24,26,626.3718,656.1147,1
2651426941,24,26,626.2546,655.9385,1
2651431950,24,26,626.4648999999999,656.1059,1
2651436949,24,26,626.4962,655.3781,1
2651441942,24,26,626.6876999999999,654.6839,1
2651446938,24,26,626.7853,654.5001999999999,1
2651451941,24,26,626.97,654.5984999999999,1
2651456939,24,26,627.059,654.8231,1
2651461938,24,26,626.9078,654.5113,1
2651466941,24,26,627.4468000000001,654.4309,1
2651471938,25,26,627.359,654.3411,1
2651476946,24,26,627.1485,653.8222,1
2651481942,24,26,627.5639,653.407,1
2651486941,25,26,626.9634,652.9181,1
2651491939,24,26,627.2076,652.7471,1
2651496940,24,26,626.968,653.3722,1
2651501940,24,26,626.7736,653.7907,1
2651506940,24,26,626.6833,654.0386,1
2651511941,24,26,627.0922,654.2838,1
2651516945,24,26,627.6711,654.414,1
2651521943,24,26,627.9611,654.039,1
2651526939,24,26,628.9964,653.687,1
2651531940,24,26,629.5126,653.8323,1
2651536941,24,26,630.9284,653.2362000000001,1
2651541939,25,26,632.0809,653.7078,1
2651546939,25,26,633.6463,653.9395,1
2651551941,25,26,634.8964,654.0436999999999,1
2651556949,25,26,636.0604,653.7379,1
2651561946,25,26,637.0471,654.298,1
2651566942,25,26,637.8138,654.5364,1
2651571941,25,26,638.4156,655.0663,1
2651576942,25,26,639.1174,655.3418,1
2651581939,25,26,640.0203,655.1212,1
2651586939,25,26,640.6681,655.1516,1
2651591941,25,26,641.2172,654.9974,1
2651596938,25,26,641.5847,655.3033,1
2651601938,25,26,641.5394,654.9356,1
2651606940,25,26,641.0964,654.5412,1
2651611939,25,26,640.1719000000001,653.8280999999999,1
2651616941,25,26,639.0721,653.3751999999999,1
2651621939,25,26,637.9086,653.6702,1
2651626941,25,26,637.1461,653.4315,1
2651631939,25,26,635.6222,653.2462,1
2651636940,26,26,634.8249,652.2748,1
2651641945,25,26,632.5898,651.7848,1
2651646944,25,26,630.9694,651.7634,1
2651651940,25,26,629.2712,651.5022,1
2651656940,25,26,627.7657,651.3665,1
2651661939,25,26,627.0783,651.7137,1
2651666941,25,26,626.9281999999999,651.1845,2
2651671940,25,26,626.0650000000001,655.5766,2
2651676940,25,26,611.261,684.3617,2
2651681951,25,26,577.2098,697.866,2
2651686947,25,26,573.2214,688.6926,2
2651691939,25,26,562.7313,684.4686,2
2651696940,25,26,530.2156,681.4913,2
2651701939,26,25,506.0807,685.3835,2
2651706941,25,26,475.5964,686.302,2
2651711941,25,26,479.3345,679.8851,2
2651716939,25,26,499.0667,672.2936999999999,3
2651721939,25,26,504.4302,673.2501999999999,3
2651726946,25,26,501.9156,678.175,3
2651731940,25,25,497.5654,681.5098,3
2651736938,25,25,495.2598,681.3178,3
2651741939,25,26,494.7984,681.3171,1
2651746938,25,26,494.863,680.1378999999999,1
2651751936,25,25,495.7207,679.7324,1
2651756939,25,25,496.463,679.2915,1
2651761939,25,25,496.3902,679.678,1
2651766949,25,25,496.7744,680.3049,1
2651771945,25,25,497.0887,680.5492,1
2651776939,25,25,497.6067,680.7859,1
2651781939,25,25,498.1303,680.76,1
2651786938,25,25,498.2095,680.7204,1
2651791938,25,25,498.3912,680.7626,1
2651796940,25,25,498.33,681.3066,1
2651801940,25,25,498.1234,681.7382,1
2651806948,25,25,497.7386,681.9535,1
2651811947,25,25,497.7644,682.3353,1
2651816938,25,25,498.3415,682.2125,1
2651821938,25,25,498.5256,682.4849,1
2651826940,25,25,498.522,682.202,1
2651831938,25,25,498.4916,682.3542,1
2651836938,25,25,498.7382,682.6849,1
2651841937,25,25,498.9793,683.1098,1
2651846938,25,25,498.9266,683.1699,1
2651851947,25,25,498.7703,683.3919,2
2651856940,25,25,487.7753,682.0537,2
2651861939,24,25,468.8717,668.3614,2
2651866938,24,25,393.1413,648.1066,2
2651871939,24,26,358.3015,639.0294,2
2651876938,25,26,345.9192,639.3244,2
2651881937,25,25,339.3289,639.6959000000001,2
2651886939,24,25,317.3061,637.3221,2
2651891937,24,25,315.438,637.3055000000001,3
2651896943,25,25,319.3146,638.9218,3
2651901938,25,25,322.9447,640.1565000000001,3
2651906939,25,25,322.4411,639.6389,3
2651911939,24,25,318.2825,638.0512,3
2651916939,24,25,314.3318,637.3492,3
2651921938,24,25,312.8859,637.2595,3
2651926940,24,25,312.619,637.3459,1
2651931946,24,25,312.717,637.5392000000001,1
2651936945,24,25,313.1156,637.8893,1
2651941938,24,25,314.0091,639.0388,1
2651946939,24,25,314.5402,639.7802,1
2651951940,24,25,314.7716,640.2993,1
2651956936,24,25,315.1667,640.6831,1
2651961938,24,25,315.1933,640.9185,1
2651966939,25,25,315.3704,641.3081,1
2651971939,25,25,315.8175,641.8376,1
2651976945,24,25,316.4491,642.4695,1
2651981939,25,25,317.3357,643.4094,1
2651986939,24,25,317.5599,644.0764,1
2651991937,24,25,317.4721,644.3532,1
2651996939,25,25,317.8289,644.4313,1
2652001945,24,25,317.3775,644.2418,1
2652006936,23,25,317.4114,645.024,1
2652011939,23,24,317.8991,646.0273999999999,1
2652016944,23,25,317.6278,646.8038,1
2652021938,23,24,317.8134,647.0331,1
2652026938,24,24,318.111,646.9382000000001,1
2652031939,23,24,318.2856,647.2636,1
2652036939,23,24,318.2219,647.4803000000001,1
2652041938,23,24,317.9444,647.8578,1
2652046939,23,24,317.5952,648.3869,1
2652051939,23,24,316.8395,648.7602000000001,1
2652056944,23,24,316.2899,648.6278,1
2652061946,23,24,316.2163,648.8599,1
2652066940,23,24,315.8916,649.7191,2
2652071938,24,24,313.9835,648.8126,2
2652076939,24,25,299.0182,644.1525,2
2652081938,23,24,285.3816,618.0634,2
2652086938,23,24,283.6144,609.7406999999999,2
2652091938,24,24,289.9842,612.7414,3
2652096935,24,24,294.9585,617.2464,3
2652101944,24,24,297.4128,619.8929000000001,3
2652106938,24,24,298.0701,620.6911,3
2652111939,24,24,298.2946,621.3,1
2652116939,24,24,298.0734,621.2348,1
2652121938,23,24,296.6693,621.2036000000001,1
2652126938,23,24,294.8823,621.0405,1
2652131940,23,24,293.0598,620.4942,1
2652136937,23,24,292.0044,620.4726000000001,1
2652141944,23,24,291.1452,620.412,1
2652146940,23,24,290.2248,620.5835,1
2652151937,23,24,289.29,621.5185,1
2652156937,23,24,289.078,621.7769,1
2652161937,23,24,288.4149,622.0009,1
2652166936,23,24,287.8702,621.8808,1
2652171937,23,24,287.2518,621.9946,1
2652176939,23,24,286.666,622.2329999999999,1
2652181943,23,24,286.33,622.6955,1
2652186945,23,24,285.5407,623.05,1
2652191938,23,24,285.2469,622.956,1
2652196938,23,24,284.7667,622.9642,1
2652201939,23,24,284.679,622.8162,1
2652206937,23,24,284.7037,623.2485,1
2652211937,23,24,284.5505,623.6206,1
2652216938,23,24,284.436,623.7221,1
2652221937,23,24,283.9587,624.0739,1
2652226937,23,24,284.1761,623.9589,1
2652231938,23,24,284.5117,623.8591,1
2652236938,23,24,285.3774,623.5506,1
2652241936,22,24,285.6883,623.2184999999999,1
2652246937,23,24,285.9427,623.0657,1
2652251937,22,24,286.1117,623.3683,1
2652256939,22,24,286.6274,623.8124,1
2652261936,22,24,287.5665,624.199,1
2652266945,22,24,288.8696,624.6254,1
2652271938,22,24,289.7128,624.577,1
2652276937,22,24,290.1033,623.9485,1
2652281938,22,24,289.8346,623.2761,1
2652286937,22,24,289.4613,623.0522,1
2652291938,22,24,288.6546,622.4974,1
2652296936,22,24,287.5556,622.0659000000001,1
2652301936,22,24,285.8722,621.6498,1
2652306936,22,24,283.3796,620.9444,1
2652311944,22,24,281.3026,620.1966,1
2652316938,22,24,279.3735,620.6128,1
2652321937,22,24,278.3134,621.1747,1
2652326937,22,24,276.1325,621.914,2
2652331938,22,24,280.9034,621.8837,2
2652336935,21,23,358.5292,612.0465,2
2652341937,23,23,418.9128,607.2054000000001,2
2652346934,23,23,470.6772,608.8517000000001,2
2652351945,22,23,451.7992,610.0767,2
2652356937,22,23,441.7365,616.6173,2
2652361934,22,23,437.0803,620.1919,2
2652366936,22,23,436.018,620.0293,2
2652371937,22,23,437.3332,616.9225,3
2652376937,22,23,442.4831,615.127,3
2652381938,22,23,448.415,615.5853,3
2652386937,22,23,452.7093,615.5495,3
2652391944,22,23,453.4622,615.2518,3
2652396942,22,23,453.9119,614.3298,3
2652401937,22,23,453.2467,614.222,3
